Variant_Treatment_Pair,Resolved_Prediction
1013dupa_eogt + radiation therapy,Unrelated
1016del_brca1 + immune checkpoint inhibitor,Unknown
1016del_brca1 + pembrolizumab,Unknown
1017dela_hla + cyclophosphamide,Unknown
1017dela_hla + doxorubicin,Unknown
1017dela_hla + prednisone,Unknown
1017dela_hla + vincristine,Unknown
102103ins_pik3ca + alpelisib,Sensitive
102103ins_pik3ca + fulvestrant,Unknown
102103ins_pik3ca + palbociclib,Unknown
1022inst_tp53 + cisplatin,Unknown
10351036insct_tp53 + chemotherapy,Resistant
1035ta_pik3ca + alpelisib,Sensitive
1035ta_pik3ca + hormone therapy,Unrelated
104138del_cdkn2a + chemotherapy,Unknown
104138del_cdkn2a + epirubicin,Unknown
105ggt_idh1 + chemotherapy,Sensitive
1100a_hsd3b1 + hormone therapy,Sensitive
1100a_hsd3b1 + immunotherapy,Unrelated
1100c_hsd3b1 + hormone therapy,Resistant
1100c_hsd3b1 + immunotherapy,Sensitive
1100del_chek2 + chemotherapy,Unrelated
1100delc_chek2 + cisplatin,Unknown
1100delc_chek2 + hormone therapy,Unrelated
1100delc_chek2 + radioactive iodine,Unrelated
1100delc_chek2 + tamoxifen,Unrelated
1100delc_chek2 + therapeutic tumor infiltrating lymphocytes,Unrelated
1100delc_chek2 + tisagenlecleucel,Sensitive
1100delc_chk2 + chemotherapy,Sensitive
1110delg_smarcb1 + radiation therapy,Unknown
11291130del_msh6 + adjuvant chemotherapy,Resistant
11291130del_msh6 + chemotherapy,Resistant
11291130del_msh6 + fluorouracil,Resistant
1135_1139delagaga_msh6 + hematopoietic cell transplantation,Sensitive
1140dupg_brca1 + cisplatin,Sensitive
1148dela_msh3 + immunotherapy,Sensitive
1148delc_smarcb1 + radiation therapy,Unknown
1153511531delaacag_etv6 + methotrexate,Sensitive
1171n_alk + alectinib,Resistant
1171n_alk + lorlatinib,Resistant
117_nras + cetuximab,Resistant
117_nras + panitumumab,Resistant
1180delt_tp53 + cisplatin,Unknown
118delc_smad4 + chemotherapy,Unknown
1196m_alk + brigatinib,Sensitive
1196m_alk + cetuximab,Resistant
1196m_alk + chemotherapy,Resistant
1196m_alk + lorlatinib,Sensitive
12091210inst_wt1 + chemotherapy,Resistant
1215delt_atm + cisplatin,Unknown
1215delt_atm + doxorubicin,Unknown
1215delt_atm + etoposide,Unknown
1227_1228dupgg_mutyh + chemotherapy,Unknown
1231g_pole + adjuvant chemotherapy,Unrelated
1231g_pole + chemotherapy,Unrelated
1245c_hsd3b1 + abiraterone,Resistant
1245c_hsd3b1 + prednisone,Unrelated
1245c_hsd3b1 + radiation therapy,Resistant
1258tc_pik3ca + alpelisib,Sensitive
1258tc_pik3ca + hormone therapy,Unrelated
12612c_kras + methotrexate,Unrelated
12612c_kras + prednisolone,Unrelated
12612s_kras + methotrexate,Unrelated
12612s_kras + prednisolone,Unrelated
12c_kras + alpelisib,Unknown
12c_kras + amivantamab,Unrelated
12c_kras + chemotherapy,Resistant
12c_kras + osimertinib,Unrelated
12d_kras + 7-ethyl-10-hydroxycamptothecin,Unknown
12d_kras + irinotecan,Sensitive
12v_hras + hormone therapy,Unrelated
12v_kras + 7-ethyl-10-hydroxycamptothecin,Unknown
12v_kras + irinotecan,Sensitive
13571389del_pik3r1 + alpelisib,Sensitive
13571389del_pik3r1 + binimetinib,Sensitive
13571389del_pik3r1 + trametinib,Sensitive
14311433dup_fh + radiation ionizing radiotherapy,Unknown
14311433dup_fh + radiation therapy,Unknown
1467dela_mlh3 + immunotherapy,Sensitive
146_nras + cetuximab,Resistant
146_nras + panitumumab,Resistant
1479delag_brca1 + carboplatin,Resistant
1479delag_brca1 + chemotherapy,Resistant
1479delag_brca1 + cisplatin,Resistant
1479delag_brca1 + iniparib,Resistant
15041508del_brca1 + cisplatin,Sensitive
15121517delggaggg_ret + hormone therapy,Unrelated
152154del_ptch1 + chemotherapy,Unknown
1529delins_brca2 + carboplatin,Unknown
1529delins_brca2 + cisplatin,Unknown
1529delins_brca2 + olaparib,Unknown
1529delins_brca2 + rucaparib,Unknown
156157insalu_brca2 + adjuvant chemotherapy,Unknown
156157insalu_brca2 + chemotherapy,Unknown
1577dela_pms2 + carboplatin,Unknown
1577dela_pms2 + chemotherapy,Unknown
1577dela_pms2 + paclitaxel,Unknown
15891591delata_fancg + mitomycin,Diagnostic
1592delt_palb2 + cisplatin,Sensitive
1593_brca1 + chemotherapy,Unrelated
1593_brca1 + cisplatin,Unrelated
1609ta_esr1 + alpelisib,Unrelated
1609ta_esr1 + hormone therapy,Resistant
16101613del_msh6 + asparaginase,Unrelated
16101613del_msh6 + chemotherapy,Unrelated
16101613del_msh6 + cytarabine,Unrelated
16101613del_msh6 + fludarabine,Unrelated
16101613del_msh6 + idarubicin,Unrelated
16101613del_msh6 + mercaptopurine,Unrelated
16101613del_msh6 + methotrexate,Unrelated
1610ac_esr1 + alpelisib,Unrelated
1610ac_esr1 + hormone therapy,Resistant
1610ag_esr1 + alpelisib,Unrelated
1610ag_esr1 + hormone therapy,Resistant
1613ag_esr1 + alpelisib,Unrelated
1613ag_esr1 + hormone therapy,Resistant
1624ga_pik3ca + alpelisib,Sensitive
1624ga_pik3ca + hormone therapy,Unrelated
16271641del_brca2 + carboplatin,Resistant
16271641del_brca2 + cisplatin,Unknown
16271641del_brca2 + olaparib,Resistant
16271641del_brca2 + rucaparib,Unknown
1633ga_pik3ca + alpelisib,Sensitive
1633ga_pik3ca + hormone therapy,Unrelated
1638n_apc + chemotherapy,Resistant
1638n_apc + radiation ionizing radiotherapy,Sensitive
1638n_apc + radiation therapy,Sensitive
1647dela_pms1 + immunotherapy,Sensitive
16991700delinsag_btk + imatinib,Resistant
17051740del_pik3r1 + alpelisib,Sensitive
17051740del_pik3r1 + binimetinib,Sensitive
17051740del_pik3r1 + trametinib,Sensitive
172175delttgt_palb2 + cisplatin,Sensitive
17351737delgat_kit + chemotherapy,Unrelated
17351737delgat_kit + sunitinib,Unknown
1735_1737delgat_kit + chemotherapy,Unrelated
1735_1737delgat_kit + sunitinib,Sensitive
1742dela_apc + immunotherapy,Sensitive
17811782delgg_bap1 + radiation ionizing radiotherapy,Unrelated
17811782delgg_bap1 + radiation therapy,Unrelated
17981799delgtinsag_braf + dabrafenib,Unknown
17981799delgtinsag_braf + dabrafenib/trametinib regimen,Sensitive
17981799delgtinsag_braf + trametinib,Unknown
17981799delgtinsag_braf + vemurafenib,Sensitive
17991801hetdeltga_braf + radioactive iodine,Unrelated
17991801hetdeltga_braf + sorafenib,Diagnostic
17991801hetdeltga_braf + sorafenib tosylate,Diagnostic
17991801hetdeltga_braf + tyrosine kinase inhibitor,Diagnostic
17_notch2 + chemotherapy,Unrelated
17_notch2 + everolimus,Unrelated
17_notch2 + gilteritinib,Unrelated
1813dup_brca2 + chemotherapy,Sensitive
1835_1837del_mlh1 + hormone therapy,Resistant
1835_1837del_mlh1 + pembrolizumab,Sensitive
1835del3_mlh1 + hormone therapy,Resistant
1835del3_mlh1 + pembrolizumab,Sensitive
183del_gprc5a + carboplatin,Unrelated
183del_gprc5a + radiation therapy,Unrelated
185delag_brca1 + cyclophosphamide,Sensitive
185delag_brca1 + doxorubicin,Sensitive
185delag_brca1 + fluorouracil,Sensitive
185delag_brca1 + hormone therapy,Unrelated
185delag_brca1 + paclitaxel,Sensitive
185delag_brca1 + rucaparib,Resistant
187delag_brca1 + radiation ionizing radiotherapy,Sensitive
187delag_brca1 + radiation therapy,Sensitive
18871889delgtg_ret + pralsetinib,Sensitive
1889_erbb2 + afatinib,Sensitive
1889_erbb2 + trastuzumab,Unknown
1889_erbb2 + trastuzumab emtansine,Sensitive
1943dupg_brca1 + chemotherapy,Unknown
1953dupg_brca1 + chemotherapy,Unknown
19del_egfr + gefitinib,Unknown
19del_egfr + icotinib,Sensitive
19del_egfr + immunotherapy,Unknown
19del_egfr + metformin,Unrelated
19del_egfr + radiation therapy,Unknown
19del_egfr + tyrosine kinase inhibitor,Sensitive
19ins_egfr + gefitinib,Sensitive
1_cyp3a5 + enzalutamide,Resistant
1thr163_mcl + cobimetinib,Sensitive
1thr163_mcl + vemurafenib,Unknown
201198delinscttt_cdkn2a + mtor inhibitor,Sensitive
203dupa_smarcb1 + chemotherapy,Resistant
2079dela_msh6 + immunotherapy,Sensitive
2080dela_brca1 + adjuvant chemotherapy,Unrelated
2080dela_brca1 + cisplatin,Sensitive
2080dela_brca1 + hormone therapy,Unrelated
2080dela_brca1 + radiation therapy,Unrelated
2082delc_rb1 + melphalan,Sensitive
2082delc_rb1 + topotecan,Sensitive
2091dupc_pole + immunotherapy,Sensitive
20ins_egfr + chemotherapy,Unknown
20ins_egfr + tyrosine kinase inhibitor,Sensitive
21012102del_brca1 + cisplatin,Sensitive
21102111del_brca1 + cisplatin,Sensitive
212213deltg_tp53 + bortezomib,Sensitive
212213deltg_tp53 + chemotherapy,Unknown
213223del_socs1 + cyclophosphamide,Unknown
213223del_socs1 + doxorubicin,Unknown
213223del_socs1 + prednisone,Unknown
213223del_socs1 + vincristine,Unknown
21352240del_egfr + chemotherapy,Sensitive
21352240del_egfr + radiation ionizing radiotherapy,Unknown
21352240del_egfr + radiation therapy,Unknown
21642168del_palb2 + adjuvant chemotherapy,Unknown
21642168del_palb2 + aromatase inhibitor,Sensitive
21642168del_palb2 + chemotherapy,Sensitive
21642168del_palb2 + cyclophosphamide,Sensitive
21642168del_palb2 + doxorubicin,Sensitive
21642168del_palb2 + hormone therapy,Sensitive
21642168del_palb2 + paclitaxel,Sensitive
21642168del_palb2 + radiation therapy,Sensitive
21662167delgcinsat_nbn + adjuvant chemotherapy,Unknown
21662167delgcinsat_nbn + lenvatinib,Resistant
21662167delgcinsat_nbn + radiation ionizing radiotherapy,Unrelated
21662167delgcinsat_nbn + radiation therapy,Sensitive
21662167delgcinsat_nbn + zoledronic acid,Unrelated
216dupc_tp53 + radiation ionizing radiotherapy,Sensitive
216dupc_tp53 + radiation therapy,Sensitive
21l858r_egfr + bevacizumab,Unknown
21l858r_egfr + chemotherapy,Unrelated
21l858r_egfr + erlotinib,Sensitive
21l858r_egfr + gefitinib,Sensitive
21l858r_egfr + icotinib,Sensitive
21l858r_egfr + osimertinib,Sensitive
21l858r_egfr + radiation ionizing radiotherapy,Sensitive
21l858r_egfr + radiation therapy,Sensitive
21l858r_egfr + tyrosine kinase inhibitor,Sensitive
22322238dup_erbb2 + trastuzumab,Unknown
22322238dup_erbb2 + trastuzumab emtansine,Unknown
22352249del15_egfr + tyrosine kinase inhibitor,Diagnostic
22352249del_egfr + gefitinib,Sensitive
22352249del_egfr + tyrosine kinase inhibitor,Sensitive
223549del_egfr + chemotherapy,Unrelated
22362250del_egfr + crizotinib,Unknown
22362250del_egfr + gefitinib,Sensitive
22362250del_egfr + icotinib,Sensitive
22362250del_egfr + osimertinib,Sensitive
22362250del_egfr + tyrosine kinase inhibitor,Sensitive
22372255delinst_egfr + osimertinib,Sensitive
22372255delinst_egfr + tyrosine kinase inhibitor,Unknown
22392240delinscc_egfr + osimertinib,Sensitive
22402257del18_egfr + gefitinib,Sensitive
22402257del18_egfr + radiation ionizing radiotherapy,Unrelated
22402257del18_egfr + radiation therapy,Unrelated
22402257del18_egfr + zoledronic acid,Unrelated
22462260del15_egfr + erlotinib,Sensitive
22462260del15_egfr + gefitinib,Sensitive
22462260del15_egfr + radiation ionizing radiotherapy,Unrelated
22462260del15_egfr + radiation therapy,Unrelated
22462260del15_egfr + tyrosine kinase inhibitor,Sensitive
22542277del_egfr + gefitinib,Sensitive
22542277del_egfr + tyrosine kinase inhibitor,Sensitive
22642274dup_erbb2 + trastuzumab,Unknown
22642274dup_erbb2 + trastuzumab emtansine,Unknown
22772293del_msh6 + hematopoietic cell transplantation,Sensitive
23132324dup_erbb2 + afatinib,Sensitive
23132324dup_erbb2 + chemotherapy,Unrelated
23132324dup_erbb2 + trastuzumab,Unrelated
23152316inscca_egfr + erlotinib,Resistant
23152316inscca_egfr + osimertinib,Sensitive
23152316inscca_egfr + radiation therapy,Unrelated
23162321dup_egfr + amivantamab,Unknown
23162321dup_egfr + chemotherapy,Resistant
23162321dup_egfr + cisplatin,Resistant
23162321dup_egfr + mobocertinib,Sensitive
23172319dup3_egfr + afatinib,Sensitive
23242325ins12_erbb2 + bevacizumab,Unknown
23242325ins12_erbb2 + chemotherapy,Sensitive
23242325ins12_erbb2 + cisplatin,Unknown
23242325ins12_erbb2 + erlotinib,Unknown
23242325ins12_erbb2 + gemcitabine,Sensitive
23242325ins12_erbb2 + lapatinib,Resistant
23242325ins12_erbb2 + mitomycin,Sensitive
23242325ins12_erbb2 + pemetrexed,Sensitive
23242325ins12_erbb2 + trastuzumab,Resistant
23242325ins12_erbb2 + vinorelbine,Sensitive
23262327instat_erbb2 + afatinib,Resistant
23262327instat_erbb2 + chemotherapy,Unrelated
23262327instat_erbb2 + trastuzumab,Unrelated
23692370delinsgg_egfr + chemotherapy,Unknown
23692370delinsgg_egfr + gefitinib,Sensitive
23692370delinsgg_egfr + tegafur,Resistant
2369del_egfr + chemotherapy,Resistant
2369del_egfr + panitumumab,Unknown
2385del_msh6 + immune checkpoint inhibitor,Sensitive
2385del_msh6 + pembrolizumab,Sensitive
24fs_esr1 + everolimus,Unknown
24fs_esr1 + hormone therapy,Resistant
25352576del_brca1 + immunotherapy,Resistant
25462587del_brca1 + immunotherapy,Resistant
2546delc_fanca + mitomycin,Diagnostic
2552dela_palb2 + chemotherapy,Sensitive
25602561dupgc_brca1 + afimoxifene,Unknown
25602561dupgc_brca1 + hormone therapy,Unrelated
25602561dupgc_brca1 + radiation therapy,Unrelated
25602561dupgc_brca1 + tamoxifen,Unrelated
25732579del_egfr + amivantamab,Unknown
25732579del_egfr + lazertinib,Unknown
25732579del_egfr + osimertinib,Unknown
25822583insg_egfr + gefitinib,Unknown
2647dela_msh2 + immunotherapy,Sensitive
26792682del_brca1 + cisplatin,Sensitive
2693del_smarca4 + chemotherapy,Resistant
270271dup_rad51d + cisplatin,Sensitive
273h_tp53 + azacitidine,Unknown
273h_tp53 + eprenetapopt,Unknown
2793delt_pole + immunotherapy,Sensitive
28362837del_brca1 + cyproterone acetate,Unrelated
291292delct_sdhb + crenolanib,Resistant
291292delct_sdhb + imatinib,Resistant
291292delct_sdhb + imatinib mesylate,Resistant
291292delct_sdhb + regorafenib,Sensitive
29702972delaat_nf1 + radiation ionizing radiotherapy,Unknown
29702972delaat_nf1 + radiation therapy,Unknown
29892990dupaa_brca1 + cisplatin,Sensitive
29892990dupaa_brca1 + olaparib,Resistant
29892990dupaa_brca1 + paclitaxel,Sensitive
29902993delcaaa_brip1 + cisplatin,Sensitive
29902993delcaaa_brip1 + mitomycin,Sensitive
30013021delgtagactaccgagctactttt_met + cabozantinib,Unknown
30013021delgtagactaccgagctactttt_met + crizotinib,Sensitive
3008delg_pold1 + immunotherapy,Sensitive
30163017insc_nod2 + trastuzumab,Unrelated
30243028delagaaggtatatt_met + cabozantinib,Unknown
30243028delagaaggtatatt_met + crizotinib,Sensitive
30473070del_met + alectinib,Resistant
30473070del_met + brigatinib,Unknown
30473070del_met + carboplatin,Unrelated
30473070del_met + carboplatin/pemetrexed regimen,Unrelated
30473070del_met + chemotherapy,Unrelated
30473070del_met + crizotinib,Sensitive
30473070del_met + gefitinib,Unknown
30473070del_met + pemetrexed,Unrelated
3140ag_pik3ca + alpelisib,Sensitive
3140ag_pik3ca + hormone therapy,Unrelated
3140at_pik3ca + alpelisib,Sensitive
3140at_pik3ca + hormone therapy,Unrelated
31703174delagaaa_brca2 + chemotherapy,Sensitive
31703174delagaaa_brca2 + cisplatin,Sensitive
3374insga_brca1 + carboplatin,Unknown
3374insga_brca1 + chemotherapy,Unknown
3374insga_brca1 + cisplatin,Unknown
3374insga_brca1 + gemcitabine,Unknown
3374insga_brca1 + iniparib,Unknown
3496delg_brca1 + chemotherapy,Sensitive
3496delg_brca1 + cisplatin,Sensitive
3510dela_pole + immunotherapy,Sensitive
3514dupa_msh6 + immunotherapy,Diagnostic
35453546deltt_brca2 + chemotherapy,Sensitive
35453546deltt_brca2 + cisplatin,Sensitive
36043605delgginsaa_alk + adjuvant chemotherapy,Unrelated
36043605delgginsaa_alk + alectinib,Resistant
36043605delgginsaa_alk + bevacizumab,Unrelated
36043605delgginsaa_alk + chemotherapy,Unrelated
36043605delgginsaa_alk + cisplatin,Unrelated
36043605delgginsaa_alk + crizotinib,Unrelated
36043605delgginsaa_alk + docetaxel,Unrelated
36043605delgginsaa_alk + lorlatinib,Sensitive
36043605delgginsaa_alk + pemetrexed,Unrelated
36043605delgginsaa_alk + radiation ionizing radiotherapy,Unrelated
36043605delgginsaa_alk + radiation therapy,Unrelated
367875del_gprc5a + carboplatin,Unrelated
367875del_gprc5a + radiation therapy,Unrelated
367asn_hsd3b1 + hormone therapy,Sensitive
367asn_hsd3b1 + immunotherapy,Unrelated
367thr_hsd3b1 + hormone therapy,Resistant
367thr_hsd3b1 + immunotherapy,Sensitive
36dupt_brca2 + immune checkpoint inhibitor,Unknown
36dupt_brca2 + pembrolizumab,Unknown
37203724delaaaca_fanca + mitomycin,Diagnostic
3738instg_kras + cetuximab,Unrelated
3738instg_kras + panitumumab,Unrelated
3747dela_dicer1 + chemotherapy,Unknown
3747dela_dicer1 + temozolomide,Unknown
3754delt_apc + immunotherapy,Sensitive
37563759delgtct_brca1 + adjuvant chemotherapy,Unknown
37563759delgtct_brca1 + carboplatin,Sensitive
37563759delgtct_brca1 + chemotherapy,Sensitive
37563759delgtct_brca1 + radiation therapy,Unrelated
3761delg_tp53 + fluorouracil,Unknown
3761delg_tp53 + irinotecan,Unknown
3875del4_brca1 + adjuvant chemotherapy,Unrelated
3875del4_brca1 + hormone therapy,Unrelated
3875del4_brca1 + radiation therapy,Unrelated
3875delgtct_brca1 + cisplatin,Sensitive
388arg_fgfr4 + adjuvant chemotherapy,Unrelated
388arg_fgfr4 + chemotherapy,Unrelated
3_cyp3a5 + enzalutamide,Sensitive
3g34r_h3 + bevacizumab,Unknown
3g34r_h3 + immunotherapy,Sensitive
3g34v_h3 + bevacizumab,Unknown
3k27m_h3 + radiation ionizing radiotherapy,Resistant
4034dela_brca1 + trastuzumab,Unrelated
4035dela_brca1 + cisplatin,Sensitive
4153dela_brca1 + adjuvant chemotherapy,Unrelated
4153dela_brca1 + cisplatin,Resistant
4153dela_brca1 + doxorubicin,Resistant
4153dela_brca1 + hormone therapy,Unrelated
4153dela_brca1 + paclitaxel,Resistant
4153dela_brca1 + radiation therapy,Unrelated
4154dela_brca1 + cisplatin,Sensitive
4391delc_brca1 + chemotherapy,Sensitive
4391delc_brca1 + cisplatin,Sensitive
4458dup_dicer1 + radiation therapy,Unknown
44delc_pold1 + immunotherapy,Sensitive
4546inscct_fbxw7 + selinexor,Unknown
46124613inst_apc + oxaliplatin,Unknown
465466insc_tcf7 + mtor inhibitor,Resistant
469471delttc_flcn + sirolimus,Unknown
469delt_mlh1 + immunotherapy,Sensitive
472delc_palb2 + chemotherapy,Sensitive
472delc_palb2 + cisplatin,Sensitive
472delc_palb2 + radiation therapy,Unrelated
47438del_braf + daunorubicin,Sensitive
47438del_braf + idarubicin,Sensitive
47438del_braf + pi-103,Unrelated
47438del_braf + sorafenib,Resistant
47438del_braf + sorafenib tosylate,Resistant
47438del_braf + vemurafenib,Resistant
4808dela_brca2 + hormone therapy,Sensitive
4808dela_brca2 + radiation ionizing radiotherapy,Unrelated
4808dela_brca2 + radiation therapy,Unrelated
4808dupa_brca2 + brigatinib,Unknown
4808dupa_brca2 + chemotherapy,Unknown
4808dupa_brca2 + crizotinib,Resistant
4808dupa_brca2 + docetaxel,Unrelated
4808dupa_brca2 + immunotherapy,Sensitive
4808dupa_brca2 + lorlatinib,Resistant
4808dupa_brca2 + nedaplatin,Unrelated
4808dupa_brca2 + tyrosine kinase inhibitor,Unknown
486491del_braf + adjuvant chemotherapy,Unknown
486491del_braf + chemotherapy,Unknown
486491del_braf + gemcitabine,Unknown
486491del_braf + paclitaxel,Unknown
489494detgggta_msh2 + adjuvant chemotherapy,Resistant
489494detgggta_msh2 + chemotherapy,Resistant
489494detgggta_msh2 + immunotherapy,Sensitive
489494detgggta_msh2 + pembrolizumab,Sensitive
494delc_socs1 + cyclophosphamide,Unknown
494delc_socs1 + doxorubicin,Unknown
494delc_socs1 + prednisone,Unknown
494delc_socs1 + vincristine,Unknown
4998dup_nf1 + bevacizumab,Unrelated
4998dup_nf1 + chemotherapy,Unrelated
4998dup_nf1 + ctla-4 inhibitor,Unrelated
4998dup_nf1 + immunotherapy,Unrelated
4998dup_nf1 + ipilimumab,Unrelated
4998dup_nf1 + nivolumab,Unrelated
4998dup_nf1 + radiation ionizing radiotherapy,Unrelated
4998dup_nf1 + radiation therapy,Unrelated
4998dup_nf1 + trametinib,Unrelated
4998insa_brca1 + hormone therapy,Unknown
5015delg_atm + radiation ionizing radiotherapy,Sensitive
5015delg_atm + radiation therapy,Sensitive
502503insya_kit + imatinib,Resistant
502503insya_kit + regorafenib,Unknown
502503insya_kit + sorafenib,Resistant
502503insya_kit + sorafenib tosylate,Resistant
502503insya_kit + sunitinib,Resistant
505506del_ret + hormone therapy,Unrelated
50855086inst_brca1 + cisplatin,Sensitive
509510delga_palb2 + cisplatin,Sensitive
51645165del_brca2 + cisplatin,Sensitive
51775180delgaaa_brca1 + adjuvant chemotherapy,Resistant
51775180delgaaa_brca1 + chemotherapy,Resistant
51775180delgaaa_brca1 + cisplatin,Resistant
51775180delgaaa_brca1 + gemcitabine,Resistant
51975198deltc_brca2 + chemotherapy,Sensitive
51975198deltc_brca2 + chlorambucil,Sensitive
51975198deltc_brca2 + cisplatin,Sensitive
524547dup_tp53 + chemotherapy,Unrelated
524547dup_tp53 + radiation ionizing radiotherapy,Sensitive
524547dup_tp53 + radiation therapy,Sensitive
52635264insc_brca1 + chemotherapy,Sensitive
52635264insc_brca1 + cisplatin,Sensitive
5266dup_brca1 + carboplatin,Unknown
5266dup_brca1 + chemotherapy,Diagnostic
5266dup_brca1 + radiation therapy,Unknown
5266dupc_brca1 + alpelisib,Unknown
5266dupc_brca1 + aspirin,Unknown
5266dupc_brca1 + buparlisib,Unknown
5266dupc_brca1 + cisplatin,Sensitive
5266dupc_brca1 + docetaxel,Sensitive
5266dupc_brca1 + hormone therapy,Sensitive
5266dupc_brca1 + radiation ionizing radiotherapy,Unrelated
5266dupc_brca1 + radiation therapy,Unrelated
5266dupc_brca1 + trastuzumab,Unrelated
527del_brca1 + olaparib,Unknown
529546del_tp53 + chemotherapy,Unrelated
529546del_tp53 + radiation ionizing radiotherapy,Sensitive
529546del_tp53 + radiation therapy,Sensitive
5329dup_brca1 + chemotherapy,Unknown
5382insc_brca1 + chlorambucil,Unknown
5382insc_brca1 + cyclophosphamide,Sensitive
5382insc_brca1 + doxorubicin,Sensitive
5382insc_brca1 + fluorouracil,Sensitive
5382insc_brca1 + hormone therapy,Unrelated
5382insc_brca1 + paclitaxel,Sensitive
545k_pik3ca + immunotherapy,Unknown
545k_pik3ca + sacituzumab govitecan,Resistant
545k_pik3ca + trastuzumab,Unknown
545k_pik3ca + trastuzumab deruxtecan,Resistant
55335534inst_brca1 + chemotherapy,Sensitive
55335534inst_brca1 + cisplatin,Sensitive
557558del_kit + adjuvant chemotherapy,Unknown
557558del_kit + imatinib,Sensitive
56075602delctcttainst_tp53 + imatinib,Resistant
565568del_gnas + chemotherapy,Sensitive
57225723del_brca2 + cisplatin,Sensitive
573inst_tp53 + cisplatin,Unknown
580_apc + adjuvant chemotherapy,Unknown
580_apc + tamoxifen,Unrelated
58117585del22_bap1 + chemotherapy,Resistant
58117585del22_bap1 + olaparib,Sensitive
5946delt_brca2 + trastuzumab,Unrelated
59_nras + cetuximab,Resistant
59_nras + panitumumab,Resistant
600601insgtg_prkaca + dexamethasone,Sensitive
600601insgtg_prkaca + hormone therapy,Unrelated
600e_braf + chemotherapy,Unknown
600e_braf + crizotinib,Unrelated
600e_braf + erlotinib,Unrelated
600e_braf + mitomycin,Unknown
600e_braf + onartuzumab,Unrelated
600e_braf + radiation ionizing radiotherapy,Unknown
600e_braf + radiation therapy,Unknown
6174delt_brca2 + adjuvant chemotherapy,Unrelated
6174delt_brca2 + chlorambucil,Unknown
6174delt_brca2 + doxorubicin,Sensitive
6174delt_brca2 + hormone therapy,Unrelated
6174delt_brca2 + paclitaxel,Sensitive
617623delacaaatc_brca1 + immune checkpoint inhibitor,Unknown
617623delacaaatc_brca1 + olaparib,Resistant
617c_nrf2 + chemotherapy,Resistant
617delt_brca2 + chemotherapy,Sensitive
617delt_brca2 + cisplatin,Sensitive
61g_brca1 + chemotherapy,Resistant
61g_brca1 + cisplatin,Resistant
61g_brca1 + doxorubicin,Resistant
61g_brca1 + paclitaxel,Resistant
638640insattatcctgagg_prkaca + dexamethasone,Sensitive
638640insattatcctgagg_prkaca + hormone therapy,Unrelated
644662del_erbb2 + pertuzumab,Resistant
6488delg_arid1a + vorinostat,Sensitive
658659del_brca2 + adjuvant chemotherapy,Sensitive
658659del_brca2 + carboplatin,Sensitive
658659del_brca2 + chemotherapy,Sensitive
658659del_brca2 + paclitaxel,Sensitive
658659delgt_brca2 + cisplatin,Unknown
6781delg_brca2 + bevacizumab,Sensitive
6781delg_brca2 + carboplatin,Sensitive
6781delg_brca2 + carboplatin/paclitaxel regimen,Sensitive
6781delg_brca2 + paclitaxel,Sensitive
6869delag_brca1 + chemotherapy,Sensitive
6869delag_brca1 + cisplatin,Sensitive
6869delag_brca1 + cytoreductive surgery,Unrelated
6869delag_brca1 + olaparib,Sensitive
6869delag_brca1 + trastuzumab,Unrelated
697ct_pten + sirolimus,Unknown
709dupg_rb1 + melphalan,Unknown
728_739deltp53 + cisplatin,Unknown
72r_tp53 + cisplatin,Sensitive
7389_notch1 + cyclophosphamide,Unknown
7389_notch1 + doxorubicin,Unknown
7389_notch1 + prednisone,Unknown
7389_notch1 + vincristine,Unknown
745750del_egfr + icotinib,Sensitive
745750del_egfr + osimertinib,Unknown
745750del_egfr + tyrosine kinase inhibitor,Sensitive
746750del_egfr + osimertinib,Unknown
751delg_smarcb1 + radiation therapy,Unknown
7544_notch1 + cyclophosphamide,Unknown
7544_notch1 + doxorubicin,Unknown
7544_notch1 + prednisone,Unknown
7544_notch1 + vincristine,Unknown
772del_tp53 + adjuvant chemotherapy,Unrelated
772del_tp53 + aromatase inhibitor,Unrelated
772del_tp53 + hormone therapy,Unrelated
773774dup_egfr + amivantamab,Sensitive
773774dup_egfr + chemotherapy,Resistant
773774dup_egfr + cisplatin,Resistant
773774dup_egfr + mobocertinib,Sensitive
778insgsp_erbb2 + everolimus,Sensitive
778insgsp_erbb2 + hormone therapy,Resistant
778insgsp_erbb2 + mtor inhibitor,Sensitive
778insgsp_erbb2 + trastuzumab,Sensitive
788del_tp53 + radiation therapy,Sensitive
795_809deltp53 + cisplatin,Unknown
798799deltt_brca1 + radioactive iodine,Unrelated
799800del_bap1 + axitinib,Resistant
799800del_bap1 + everolimus,Resistant
799800del_bap1 + immunotherapy,Unknown
799800del_bap1 + niraparib,Sensitive
799800del_bap1 + sirolimus,Unknown
799800del_bap1 + sorafenib,Resistant
799800del_bap1 + sorafenib tosylate,Resistant
80598063delgttct_brca2 + chemotherapy,Sensitive
80598063delgttct_brca2 + cisplatin,Sensitive
823840del_pten + adjuvant chemotherapy,Resistant
823840del_pten + bevacizumab,Resistant
823840del_pten + capecitabine,Resistant
823840del_pten + chemotherapy,Resistant
823840del_pten + cyclophosphamide,Resistant
823840del_pten + eribulin,Resistant
823840del_pten + paclitaxel,Resistant
823840del_pten + sirolimus,Unknown
84748487delcataccctatacag_brca2 + chemotherapy,Sensitive
84748487delcataccctatacag_brca2 + cisplatin,Sensitive
84748487delcataccctatacag_brca2 + radiation therapy,Unrelated
860863duptctg_npm1 + chemotherapy,Sensitive
860863duptctg_npm1 + cytarabine,Sensitive
860863duptctg_npm1 + immunotherapy,Unknown
869870del_brca2 + cisplatin,Sensitive
869delt_pms2 + immunotherapy,Sensitive
872877del_aip + radiation therapy,Unrelated
8734del_atm + chemotherapy,Resistant
8734del_atm + niraparib,Sensitive
891_brca1 + chemotherapy,Unrelated
891_brca1 + cisplatin,Unrelated
8945delaa_brca2 + cisplatin,Unknown
8945delaa_brca2 + olaparib,Sensitive
897delc_abcc3 + chemotherapy,Sensitive
897delc_abcc3 + immunotherapy,Sensitive
897delc_abcc3 + temozolomide,Sensitive
898899delag_bap1 + atezolizumab,Sensitive
898899delag_bap1 + immunotherapy,Sensitive
898899delag_bap1 + paclitaxel,Unrelated
898901del_ret + pralsetinib,Unknown
898901del_ret + selpercatinib,Unknown
89insa_brca2 + cisplatin,Unknown
9097dela_brca2 + hormone therapy,Unknown
937932delagtaag_casp8 + chemotherapy,Unrelated
937932delagtaag_casp8 + cisplatin,Unrelated
937932delagtaag_casp8 + dexamethasone,Unrelated
937932delagtaag_casp8 + radiation ionizing radiotherapy,Unrelated
937932delagtaag_casp8 + radiation therapy,Unrelated
93del_rad51c + adjuvant chemotherapy,Unrelated
93del_rad51c + chemotherapy,Unrelated
93del_rad51c + radiation therapy,Unrelated
9403delc_brca2 + trastuzumab,Unrelated
94559457delagg_brca2 + capecitabine,Unrelated
94559457delagg_brca2 + chemotherapy,Unrelated
94559457delagg_brca2 + eribulin,Unrelated
94559457delagg_brca2 + hormone therapy,Unrelated
94559457delagg_brca2 + olaparib,Resistant
9460delc_brca2 + capecitabine,Unknown
9460delc_brca2 + chemotherapy,Unknown
9460delc_brca2 + eribulin,Unknown
9460delc_brca2 + hormone therapy,Unknown
9460delc_brca2 + olaparib,Sensitive
9663delgt_brca2 + capecitabine,Resistant
9663delgt_brca2 + carboplatin,Sensitive
9663delgt_brca2 + doxorubicin,Unrelated
9663delgt_brca2 + gemcitabine,Unrelated
9663delgt_brca2 + olaparib,Sensitive
9663delgt_brca2 + paclitaxel,Unrelated
997del_tp53 + gefitinib,Unrelated
997del_tp53 + osimertinib,Unrelated
997del_tp53 + tyrosine kinase inhibitor,Unrelated
999del5_brca2 + adjuvant chemotherapy,Unknown
a1035v_pi3kca + adjuvant chemotherapy,Unrelated
a1035v_pi3kca + buparlisib,Sensitive
a1035v_pi3kca + fulvestrant,Sensitive
a1035v_pi3kca + lapatinib,Resistant
a1035v_pi3kca + taselisib,Sensitive
a105t_hnrnpf + chemotherapy,Unknown
a1066v_pik3ca + mtor inhibitor,Sensitive
a1066v_pik3ca + radiation therapy,Sensitive
a113g_bcl + venetoclax,Resistant
a1166c_agtr1 + bevacizumab,Sensitive
a1170p_erbb2 + adjuvant chemotherapy,Unrelated
a1170p_erbb2 + chemotherapy,Unrelated
a1170p_erbb2 + trastuzumab,Diagnostic
a1200v_alk + chemotherapy,Unknown
a1200v_alk + immunotherapy,Unknown
a1216d_erbb2 + afatinib,Unknown
a1216d_erbb2 + lapatinib,Resistant
a1216d_erbb2 + neratinib,Unknown
a1216d_erbb2 + trastuzumab,Resistant
a1216d_erbb2 + trastuzumab emtansine,Resistant
a1298c_mthfr + chemotherapy,Unrelated
a133v_foxl2 + adjuvant chemotherapy,Unrelated
a146_kras + cetuximab,Resistant
a146_kras + panitumumab,Resistant
a146_ras + adagrasib,Unknown
a146_ras + sotorasib,Unknown
a146l_kras + cetuximab,Unrelated
a146l_kras + panitumumab,Unrelated
a146p_kras + cetuximab,Unrelated
a146p_kras + panitumumab,Unrelated
a146p_kras + sotorasib,Unrelated
a146r_kras + cetuximab,Unrelated
a146r_kras + panitumumab,Unrelated
a146t_kras + adjuvant chemotherapy,Unknown
a146t_kras + afatinib,Resistant
a146t_kras + alisertib,Sensitive
a146t_kras + azacitidine,Unrelated
a146t_kras + carboplatin,Resistant
a146t_kras + cisplatin,Resistant
a146t_kras + cobimetinib,Unknown
a146t_kras + cytoreductive surgery,Unrelated
a146t_kras + erlotinib,Resistant
a146t_kras + folfiri regimen,Unrelated
a146t_kras + gefitinib,Resistant
a146t_kras + hyperthermic intraperitoneal chemotherapy,Unrelated
a146t_kras + icotinib,Resistant
a146t_kras + immunotherapy,Sensitive
a146t_kras + oxaliplatin,Resistant
a146t_kras + refametinib,Unknown
a146t_kras + sirolimus,Unrelated
a146t_kras + sorafenib,Unknown
a146t_kras + sorafenib tosylate,Unknown
a146t_kras + sotorasib,Unknown
a146t_kras + trametinib,Resistant
a146t_kras + venetoclax,Resistant
a146v_kras + bevacizumab,Sensitive
a146v_kras + chemotherapy,Unknown
a146v_kras + crizotinib,Unrelated
a146v_kras + cytoreductive surgery,Unrelated
a146v_kras + everolimus,Unrelated
a146v_kras + hyperthermic intraperitoneal chemotherapy,Unrelated
a146v_kras + panitumumab,Unrelated
a146v_kras + sirolimus,Unknown
a146v_kras + trametinib,Unknown
a1474t_apc + chemotherapy,Unrelated
a148t_cdkn2a + palbociclib,Unknown
a1513d_mtor + sirolimus,Sensitive
a1530v_nf1 + chemotherapy,Unknown
a1530v_nf1 + immunotherapy,Unknown
a159d_tp53 + osimertinib,Unrelated
a159s_tp53 + immune checkpoint inhibitor,Unknown
a159s_tp53 + immunotherapy,Unknown
a159v_tp53 + chemotherapy,Resistant
a159v_tp53 + cyclophosphamide,Unknown
a159v_tp53 + fludarabine,Unknown
a15t_sdhb + avapritinib,Unknown
a15t_sdhb + dasatinib,Sensitive
a15t_sdhb + imatinib,Resistant
a15t_sdhb + infigratinib,Sensitive
a15t_sdhb + pazopanib,Unknown
a15t_sdhb + pemigatinib,Sensitive
a15t_sdhb + ponatinib,Sensitive
a15t_sdhb + regorafenib,Unknown
a15t_sdhb + ripretinib,Sensitive
a15t_sdhb + rogaratinib,Unknown
a15t_sdhb + sorafenib,Unknown
a15t_sdhb + sorafenib tosylate,Unknown
a15t_sdhb + sunitinib,Sensitive
a1606t_tet2 + cyclophosphamide,Unknown
a1606t_tet2 + doxorubicin,Unknown
a1606t_tet2 + prednisone,Unknown
a1606t_tet2 + vincristine,Unknown
a161t_tp53 + radiation therapy,Resistant
a161t_tp53 + vorinostat,Unknown
a166g_dpyd + adjuvant chemotherapy,Unknown
a166g_dpyd + chemotherapy,Unrelated
a166g_dpyd + fluorouracil,Sensitive
a166g_dpyd + folfiri regimen,Unrelated
a166g_dpyd + irinotecan,Unrelated
a166g_dpyd + oxaliplatin,Unrelated
a16v_prss1 + radiation ionizing radiotherapy,Unrelated
a16v_prss1 + radiation therapy,Unrelated
a17p_brca1 + radiation ionizing radiotherapy,Unknown
a17p_brca1 + radiation therapy,Unknown
a182c_nras + chemotherapy,Resistant
a187t_spop + abiraterone,Sensitive
a187t_spop + abiraterone acetate,Sensitive
a18d_kras + cetuximab,Unrelated
a18d_kras + panitumumab,Unrelated
a18e_kras + cetuximab,Unrelated
a18e_kras + panitumumab,Unrelated
a18t_kras + cetuximab,Unrelated
a18t_kras + panitumumab,Unrelated
a18v_kras + cetuximab,Unrelated
a18v_kras + panitumumab,Unrelated
a2036t_notch1 + chemotherapy,Unknown
a2036t_notch1 + pazopanib,Unknown
a203p_ppargc1b + adjuvant chemotherapy,Unknown
a203p_ppargc1b + tamoxifen,Unknown
a203t_ntrk2 + entrectinib,Sensitive
a21v_mlh1 + immunotherapy,Diagnostic
a222v_mthfr + adjuvant chemotherapy,Sensitive
a222v_mthfr + capox regimen,Resistant
a222v_mthfr + cyclophosphamide,Sensitive
a222v_mthfr + docetaxel,Sensitive
a222v_mthfr + oxaliplatin,Unrelated
a222v_mthfr + trastuzumab,Unrelated
a232v_erbb3 + afimoxifene,Unrelated
a232v_erbb3 + fulvestrant,Unknown
a232v_erbb3 + lapatinib,Unknown
a237f_egfr + icotinib,Unknown
a248c_fgfr2 + chemotherapy,Unknown
a248c_fgfr2 + cisplatin,Unknown
a248c_fgfr2 + erdafitinib,Sensitive
a248c_fgfr2 + pembrolizumab,Unrelated
a252v_pole + immunotherapy,Sensitive
a2738s_brca2 + immunotherapy,Unknown
a273v_axl + erlotinib,Resistant
a2756g_mtr + chemotherapy,Unrelated
a276p_tp53 + immune checkpoint inhibitor,Unknown
a276p_tp53 + immunotherapy,Unknown
a27s_ptgr1 + immunotherapy,Unknown
a2825vfs15_brca2 + chemotherapy,Sensitive
a2825vfs15_brca2 + cisplatin,Sensitive
a2825vfs15_brca2 + radiation therapy,Unrelated
a289d_egfr + cetuximab,Unknown
a289t_egfr + cetuximab,Unknown
a289t_egfr + chemotherapy,Unrelated
a289t_egfr + icotinib,Sensitive
a289t_egfr + radiation ionizing radiotherapy,Sensitive
a289t_egfr + temozolomide,Diagnostic
a289v_egfr + adjuvant chemotherapy,Unknown
a289v_egfr + alpelisib,Unknown
a289v_egfr + buparlisib,Unknown
a289v_egfr + cetuximab,Unknown
a289v_egfr + chemotherapy,Unrelated
a289v_egfr + dacomitinib,Resistant
a289v_egfr + icotinib,Sensitive
a289v_egfr + nilotinib,Unrelated
a289v_egfr + osimertinib,Resistant
a289v_egfr + palbociclib,Unrelated
a289v_egfr + panitumumab,Resistant
a289v_egfr + radiation ionizing radiotherapy,Unknown
a289v_egfr + trametinib,Unknown
a289v_egfr + tyrosine kinase inhibitor,Sensitive
a289v_egfr + vismodegib,Unrelated
a301t_hnf1a + everolimus,Unknown
a301t_hnf1a + radiation ionizing radiotherapy,Unknown
a301t_hnf1a + radiation therapy,Unknown
a312v_esr1 + aromatase inhibitor,Resistant
a324t_erbb2 + lapatinib,Sensitive
a324t_erbb2 + pertuzumab,Sensitive
a324t_erbb2 + trastuzumab,Sensitive
a347t_tgf + adjuvant chemotherapy,Unrelated
a347t_tgf + tamoxifen,Sensitive
a354v_fgfr1 + pemigatinib,Sensitive
a356d_erbb2 + adjuvant chemotherapy,Unrelated
a356d_erbb2 + buparlisib,Unrelated
a356d_erbb2 + fulvestrant,Unrelated
a356d_erbb2 + lapatinib,Sensitive
a356d_erbb2 + taselisib,Unrelated
a386d_erbb2 + afatinib,Sensitive
a386d_erbb2 + lapatinib,Resistant
a386d_erbb2 + neratinib,Sensitive
a386d_erbb2 + trastuzumab,Resistant
a386d_erbb2 + trastuzumab emtansine,Resistant
a391e_fgfr2 + chemotherapy,Unknown
a391e_fgfr2 + cisplatin,Unknown
a391e_fgfr2 + erdafitinib,Sensitive
a391e_fgfr2 + pembrolizumab,Unrelated
a39fs5_tp53 + everolimus,Unknown
a406s_brip1 + cisplatin,Unrelated
a406s_brip1 + mitomycin,Unrelated
a41v_fh + chemotherapy,Resistant
a428d_btk + ibrutinib,Resistant
a441t_mlh1 + chemotherapy,Unrelated
a441t_mlh1 + immunotherapy,Unrelated
a456p_pole + adjuvant chemotherapy,Unrelated
a456p_pole + chemotherapy,Unrelated
a456p_pole + immunotherapy,Sensitive
a465v_pole + adjuvant chemotherapy,Unrelated
a465v_pole + capecitabine,Unknown
a465v_pole + chemotherapy,Unrelated
a465v_pole + immunotherapy,Sensitive
a465v_pole + nivolumab,Sensitive
a465v_pole + oxaliplatin,Unknown
a472d_klf4 + cetuximab,Resistant
a491s_esr1 + aromatase inhibitor,Unknown
a491s_esr1 + chemotherapy,Unknown
a491s_esr1 + tamoxifen,Unknown
a502_y503dup_kit + sunitinib,Sensitive
a502y503dup_kit + avapritinib,Unknown
a502y503dup_kit + dovitinib,Sensitive
a502y503dup_kit + regorafenib,Unknown
a508v_egfr + icotinib,Unknown
a52v_mek1 + trametinib,Sensitive
a547t_egfr + lenvatinib,Resistant
a547t_egfr + tyrosine kinase inhibitor,Resistant
a5794g_mtor + bevacizumab,Resistant
a5794g_mtor + carboplatin,Resistant
a5794g_mtor + everolimus,Sensitive
a5794g_mtor + mtor inhibitor,Sensitive
a58t_esr1 + hormone therapy,Resistant
a58t_esr1 + tamoxifen,Resistant
a597t_ar + apalutamide,Unknown
a597t_ar + bicalutamide,Unknown
a597t_ar + enzalutamide,Resistant
a598t599insv_braf + alectinib,Resistant
a598t599insv_braf + braf inhibitor,Sensitive
a598t599insv_braf + dabrafenib,Sensitive
a598t599insv_braf + dabrafenib/trametinib regimen,Sensitive
a598t599insv_braf + trametinib,Unknown
a598v_braf + radiation ionizing radiotherapy,Unrelated
a598v_braf + radiation therapy,Unrelated
a59e_kras + chemotherapy,Unknown
a59e_kras + cytoreductive surgery,Unrelated
a59e_kras + hyperthermic intraperitoneal chemotherapy,Unrelated
a59g_kras + adagrasib,Resistant
a59g_kras + sotorasib,Resistant
a59t_kras + folfiri regimen,Unrelated
a59v_kras + chemotherapy,Unknown
a59v_kras + cytoreductive surgery,Unrelated
a59v_kras + hyperthermic intraperitoneal chemotherapy,Unrelated
a617g_mia2 + adjuvant chemotherapy,Sensitive
a617g_mia2 + chemotherapy,Sensitive
a617g_mia2 + gemcitabine,Sensitive
a626c_gnaq + radiation ionizing radiotherapy,Unrelated
a626c_gnaq + radiation therapy,Unrelated
a627t_flt3 + cytarabine,Resistant
a634t_jak1 + sirolimus,Unknown
a641t_ret + selpercatinib,Sensitive
a646d_ar + sunitinib,Unrelated
a647t_egfr + atezolizumab,Unknown
a647t_egfr + bevacizumab,Unknown
a647t_egfr + lenvatinib,Resistant
a647t_egfr + nivolumab,Unknown
a647t_egfr + pembrolizumab,Unknown
a647t_egfr + tyrosine kinase inhibitor,Resistant
a664t_erbb2 + lapatinib,Sensitive
a664t_erbb2 + neratinib,Sensitive
a677_ezh2 + gsk126,Unknown
a677_ezh2 + tazemetostat,Unknown
a682g_ezh2 + atezolizumab,Unknown
a682g_ezh2 + gsk126,Unknown
a682g_ezh2 + hematopoietic cell transplantation,Unrelated
a682g_ezh2 + prednisolone,Unrelated
a687_ezh2 + tazemetostat,Unknown
a687v_ezh2 + ezh2 inhibitor,Sensitive
a687v_ezh2 + gsk126,Sensitive
a692v_ezh2 + atezolizumab,Unknown
a692v_ezh2 + gsk126,Unknown
a692v_ezh2 + hematopoietic cell transplantation,Unrelated
a692v_ezh2 + prednisolone,Unrelated
a694t_braf + futibatinib,Unknown
a708p_plcg2 + ibrutinib,Resistant
a70a71dup_hoxd12 + immunotherapy,Sensitive
a72d_ptpn11 + azacitidine,Unrelated
a72d_ptpn11 + copanlisib,Sensitive
a72d_ptpn11 + crenolanib,Resistant
a72d_ptpn11 + trametinib,Sensitive
a72t_ptpn11 + temozolomide,Unknown
a733t_msh2 + chemotherapy,Sensitive
a750k754del_egfr + erlotinib,Sensitive
a750k754del_egfr + gefitinib,Sensitive
a750k754del_egfr + radiation ionizing radiotherapy,Unrelated
a750k754del_egfr + radiation therapy,Unrelated
a750k754del_egfr + tyrosine kinase inhibitor,Sensitive
a750p_egfr + afatinib,Sensitive
a750p_egfr + chemotherapy,Sensitive
a750p_egfr + erlotinib,Resistant
a750p_egfr + pemetrexed,Sensitive
a750p_egfr + rociletinib,Sensitive
a750p_egfr + tyrosine kinase inhibitor,Sensitive
a750t_ret + chemotherapy,Unrelated
a750t_ret + vandetanib,Sensitive
a751c_ercc2 + chemotherapy,Unknown
a751c_ercc2 + cisplatin,Unknown
a763insfqea_egfr + afatinib,Sensitive
a763insfqea_egfr + osimertinib,Sensitive
a763insfqea_egfr + poziotinib,Sensitive
a763y764insfqea_egfr + afatinib,Sensitive
a763y764insfqea_egfr + chemotherapy,Unknown
a763y764insfqea_egfr + erlotinib,Sensitive
a763y764insfqea_egfr + gefitinib,Sensitive
a763y764insfqea_egfr + immune checkpoint inhibitor,Diagnostic
a763y764insfqea_egfr + immunotherapy,Diagnostic
a763y764insfqea_egfr + poziotinib,Sensitive
a767_v769dup_egfr + afatinib,Sensitive
a767delinsasvd_egfr + afatinib,Sensitive
a767delinsasvd_egfr + osimertinib,Unknown
a767dupasv_egfr + mobocertinib,Resistant
a767v769dup_egfr + afatinib,Sensitive
a767v769dup_egfr + chemotherapy,Sensitive
a767v769dup_egfr + erlotinib,Sensitive
a767v769dup_egfr + gefitinib,Sensitive
a767v769dup_egfr + pemetrexed,Sensitive
a767v769dup_egfr + poziotinib,Resistant
a767v769dup_egfr + radiation therapy,Sensitive
a767v769dupasv_egfr + afatinib,Sensitive
a767v769dupasv_egfr + gefitinib,Resistant
a767v769dupasv_egfr + tyrosine kinase inhibitor,Sensitive
a76rfs44_cdkn2a + palbociclib,Unknown
a771insayvm_erbb2 + afatinib,Resistant
a771insayvm_erbb2 + dacomitinib,Resistant
a771insayvm_erbb2 + poziotinib,Sensitive
a775776insyvma_erbb2 + afatinib,Sensitive
a775776insyvma_erbb2 + neratinib,Sensitive
a775776insyvma_erbb2 + osimertinib,Unknown
a775776insyvma_erbb2 + trastuzumab,Unknown
a775g776insyvma_erbb2 + aromatase inhibitor,Sensitive
a775g776insyvma_erbb2 + bevacizumab,Unknown
a775g776insyvma_erbb2 + chemotherapy,Sensitive
a775g776insyvma_erbb2 + cisplatin,Unknown
a775g776insyvma_erbb2 + erlotinib,Unknown
a775g776insyvma_erbb2 + everolimus,Sensitive
a775g776insyvma_erbb2 + gemcitabine,Sensitive
a775g776insyvma_erbb2 + lapatinib,Resistant
a775g776insyvma_erbb2 + letrozole,Sensitive
a775g776insyvma_erbb2 + mitomycin,Sensitive
a775g776insyvma_erbb2 + mtor inhibitor,Sensitive
a775g776insyvma_erbb2 + neratinib,Sensitive
a775g776insyvma_erbb2 + pemetrexed,Sensitive
a775g776insyvma_erbb2 + poziotinib,Sensitive
a775g776insyvma_erbb2 + pyrotinib,Unknown
a775g776insyvma_erbb2 + tak-788,Unknown
a775g776insyvma_erbb2 + trastuzumab deruxtecan,Unknown
a775g776insyvma_erbb2 + tyrosine kinase inhibitor,Sensitive
a775g776insyvma_erbb2 + vinorelbine,Sensitive
a775insyvma_erbb2 + dacomitinib,Resistant
a775insyvma_erbb2 + erlotinib,Resistant
a775insyvma_erbb2 + gefitinib,Resistant
a775insyvma_erbb2 + neratinib,Sensitive
a775insyvma_erbb2 + poziotinib,Sensitive
a775insyvma_erbb2 + tyrosine kinase inhibitor,Sensitive
a807v_ret + cabozantinib,Resistant
a807v_ret + lenvatinib,Resistant
a807v_ret + nintedanib,Sensitive
a807v_ret + vandetanib,Resistant
a814s_flt3 + hematopoietic cell transplantation,Unrelated
a829p_kit + chemotherapy,Unknown
a829p_kit + imatinib,Resistant
a829p_kit + nintedanib,Sensitive
a829p_kit + ponatinib,Sensitive
a829p_kit + regorafenib,Resistant
a829p_kit + the-630,Sensitive
a829p_kit + tyrosine kinase inhibitor,Resistant
a864v_egfr + chemotherapy,Unrelated
a864v_egfr + cisplatin,Unrelated
a871g_egfr + erlotinib,Resistant
a871g_egfr + icotinib,Sensitive
a871g_egfr + tyrosine kinase inhibitor,Unknown
a87d_ubh + bortezomib,Sensitive
a883f_ret + vandetanib,Unknown
a91v_prf1 + cyclophosphamide,Unrelated
a91v_prf1 + doxorubicin,Unrelated
a91v_prf1 + immunotherapy,Resistant
a91v_prf1 + prednisone,Unrelated
a91v_prf1 + ruxolitinib,Unrelated
a91v_prf1 + vincristine,Unrelated
a929s_nlrc4 + cyclophosphamide,Unrelated
a929s_nlrc4 + doxorubicin,Unrelated
a929s_nlrc4 + prednisone,Unrelated
a929s_nlrc4 + ruxolitinib,Unrelated
a929s_nlrc4 + vincristine,Unrelated
a92t_tpsd1 + fluorouracil,Resistant
a95d_bap1 + bortezomib,Sensitive
abl1_bcr + chemotherapy,Unknown
abl1_bcr + dasatinib,Sensitive
abl1_bcr + hematopoietic cell transplantation,Unrelated
abl1_bcr + ruxolitinib,Unrelated
abl1_bcr + venetoclax,Sensitive
abl_bcr + chemotherapy,Resistant
abl_bcr + cytarabine,Unrelated
abl_bcr + quizartinib,Unrelated
ablt315i_bcr + afatinib,Unrelated
ablt315i_bcr + erlotinib,Resistant
ablt315i_bcr + gefitinib,Resistant
ablt315i_bcr + imatinib,Sensitive
ablt315i_bcr + lapatinib,Unrelated
ablt315i_bcr + neratinib,Unrelated
ablt315i_bcr + osimertinib,Unrelated
ablt315i_bcr + trastuzumab,Unrelated
ablt315i_bcr + tyrosine kinase inhibitor,Unrelated
akte17k_akt1 + akt inhibitor mk2206,Sensitive
akte17k_akt1 + chemotherapy,Resistant
akte17k_akt1 + radiation ionizing radiotherapy,Resistant
akte17k_akt1 + radiation therapy,Resistant
aktwt_akt1 + akt inhibitor mk2206,Unknown
aktwt_akt1 + radiation ionizing radiotherapy,Sensitive
aktwt_akt1 + radiation therapy,Sensitive
ala1170pro_erbb2 + chemotherapy,Unrelated
ala1170pro_erbb2 + pertuzumab,Sensitive
ala1170pro_erbb2 + trastuzumab,Sensitive
ala276ile_tp53 + cisplatin,Unknown
ala418thrfs14_tcf7l2 + oxaliplatin,Unknown
aldh22_aldh2 + atezolizumab,Resistant
aldh22_aldh2 + immune checkpoint inhibitor,Resistant
aldh22_aldh2 + nivolumab,Resistant
aldh22_aldh2 + pembrolizumab,Resistant
alk_eml4 + adjuvant chemotherapy,Unrelated
alk_eml4 + chemotherapy,Unrelated
alk_eml4 + crizotinib,Sensitive
alk_eml4 + ensartinib,Sensitive
alk_eml4 + immunotherapy,Sensitive
alk_eml4 + osimertinib,Resistant
alk_eml4 + sirolimus,Sensitive
amp_met + chemotherapy,Unknown
amp_met + cisplatin,Unknown
amp_met + docetaxel,Sensitive
amp_met + gefitinib,Sensitive
amp_met + osimertinib,Unknown
amp_met + pemetrexed,Unknown
ans263llefs_tp53 + radiation therapy,Sensitive
arg1093_smarca4 + cisplatin,Unknown
arg1114_apc + chemotherapy,Unrelated
arg1172lysfster5_msh6 + immunotherapy,Diagnostic
arg132_idh1 + adjuvant chemotherapy,Sensitive
arg132_idh1 + chemotherapy,Sensitive
arg1362_nf1 + chemotherapy,Unknown
arg1362_nf1 + cytarabine,Unknown
arg1362_nf1 + decitabine,Unknown
arg1362_nf1 + fludarabine,Unknown
arg1362_nf1 + idarubicin,Unknown
arg1362_nf1 + venetoclax,Unknown
arg158fs_tp53 + bevacizumab,Unknown
arg158fs_tp53 + paclitaxel,Unknown
arg1726lysfsx3_brca1 + adjuvant chemotherapy,Resistant
arg1726lysfsx3_brca1 + chemotherapy,Resistant
arg1726lysfsx3_brca1 + cisplatin,Resistant
arg1726lysfsx3_brca1 + gemcitabine,Resistant
arg1835_brca1 + afimoxifene,Unknown
arg1835_brca1 + hormone therapy,Unrelated
arg1835_brca1 + radiation therapy,Unrelated
arg1835_brca1 + tamoxifen,Unrelated
arg1931_fancm + olaparib,Sensitive
arg232ter_rad51d + olaparib,Unknown
arg255ter_rb1 + melphalan,Unknown
arg262_nf2 + bevacizumab,Sensitive
arg293_msr1 + imatinib,Unrelated
arg306ter_tp53 + chemotherapy,Resistant
arg342profs5_tp53 + cisplatin,Unknown
arg388_fgfr4 + fluorouracil,Sensitive
arg388_fgfr4 + immunomodulatory oligonucleotide,Unrelated
arg388_fgfr4 + leucovorin,Sensitive
arg388_fgfr4 + oxaliplatin,Sensitive
arg458x_ppm1d + chemotherapy,Unknown
arg461ter_nf1 + chemotherapy,Unrelated
arg461ter_nf1 + dabrafenib,Sensitive
arg461ter_nf1 + dabrafenib/trametinib regimen,Sensitive
arg461ter_nf1 + pembrolizumab,Unrelated
arg461ter_nf1 + trametinib,Sensitive
arg641ter_bard1 + chemotherapy,Unrelated
arg641x_bard1 + chemotherapy,Unrelated
arg658_fancm + olaparib,Sensitive
arg680_pzp + tamoxifen,Resistant
arg742_tp53 + chemotherapy,Resistant
arg742_tp53 + lomustine,Resistant
arg742_tp53 + radiation ionizing radiotherapy,Resistant
arg742_tp53 + radiation therapy,Resistant
arg742_tp53 + vincristine,Resistant
argtyr123cyshis_obp2a + fluorouracil,Resistant
asn1016ala1023del_met + alectinib,Resistant
asn1016ala1023del_met + brigatinib,Unknown
asn1016ala1023del_met + carboplatin,Unrelated
asn1016ala1023del_met + carboplatin/pemetrexed regimen,Unrelated
asn1016ala1023del_met + chemotherapy,Unrelated
asn1016ala1023del_met + crizotinib,Sensitive
asn1016ala1023del_met + gefitinib,Unknown
asn1016ala1023del_met + pemetrexed,Unrelated
asn1603thrfs14_brca2 + hormone therapy,Sensitive
asn1603thrfs14_brca2 + radiation ionizing radiotherapy,Unrelated
asn1603thrfs14_brca2 + radiation therapy,Unrelated
asn405lysfsx15_atm + cisplatin,Unknown
asn405lysfsx15_atm + doxorubicin,Unknown
asn405lysfsx15_atm + etoposide,Unknown
asp228_tp53 + chemotherapy,Unknown
asp228_tp53 + radiation ionizing radiotherapy,Unknown
asp228_tp53 + radiation therapy,Unknown
asp526alafs69_pms2 + carboplatin,Unknown
asp526alafs69_pms2 + chemotherapy,Unknown
asp526alafs69_pms2 + paclitaxel,Unknown
asp526fs_pms2 + radiation ionizing radiotherapy,Unrelated
asp526fs_pms2 + radiation therapy,Unrelated
asp719_egfr + chemotherapy,Resistant
asp987thrfs_pold1 + immunotherapy,Sensitive
baiap2l1_fgfr3 + atezolizumab,Unrelated
baiap2l1_fgfr3 + chemotherapy,Unrelated
baiap2l1_fgfr3 + cisplatin,Unrelated
baiap2l1_fgfr3 + fgfr inhibitor asp5878,Sensitive
baiap2l1_fgfr3 + gemcitabine,Unrelated
baiap2l1_fgfr3 + immunotherapy,Unrelated
baiap2l1_fgfr3 + pembrolizumab,Unrelated
bicc1_fgfr2 + atezolizumab,Unrelated
bicc1_fgfr2 + chemotherapy,Unrelated
bicc1_fgfr2 + cisplatin,Unrelated
bicc1_fgfr2 + futibatinib,Sensitive
bicc1_fgfr2 + gemcitabine,Unrelated
bicc1_fgfr2 + immunotherapy,Unrelated
bicc1_fgfr2 + pembrolizumab,Unrelated
braf_kiaa1549 + adjuvant chemotherapy,Unrelated
braf_kiaa1549 + immunotherapy,Unknown
braf_v600e + immunotherapy,Sensitive
brafv600e + chemotherapy,Unknown
brafv600e + immunotherapy,Sensitive
brafv600e + radiation therapy,Unrelated
brafv600e + trametinib,Sensitive
brafv600e + vemurafenib,Resistant
c105fs8_pten + chemotherapy,Unknown
c105fs8_pten + hormone therapy,Unrelated
c111t_cda + chemotherapy,Sensitive
c111t_cda + gemcitabine,Sensitive
c111t_cda + melphalan,Unrelated
c1134g_pol + chemotherapy,Resistant
c1134g_pol + cisplatin,Resistant
c1156f_alk + alectinib,Unknown
c1156f_alk + alk inhibitor asp3026,Resistant
c1156f_alk + brigatinib,Unknown
c1156f_alk + ceritinib,Unknown
c1156f_alk + crizotinib,Unknown
c1156f_alk + erlotinib,Unrelated
c1156f_alk + lorlatinib,Resistant
c1156y_alk + alk inhibitor asp3026,Sensitive
c1156y_alk + brigatinib,Unknown
c1156y_alk + carboplatin,Unrelated
c1156y_alk + chemotherapy,Unrelated
c1156y_alk + cisplatin,Unrelated
c1165ctparg389_msh2 + therapeutic tumor infiltrating lymphocytes,Unrelated
c118a_kras + sotorasib,Unknown
c118t_ercc1 + chemotherapy,Unknown
c118t_ercc1 + cisplatin,Unknown
c121s_map2k1 + braf inhibitor,Resistant
c121s_map2k1 + dabrafenib,Unknown
c121s_map2k1 + dabrafenib/trametinib regimen,Unknown
c121s_map2k1 + palbociclib,Resistant
c121s_map2k1 + vemurafenib,Resistant
c121s_mek1 + belvarafenib,Resistant
c121s_mek1 + cobimetinib,Resistant
c121s_mek1 + vemurafenib,Resistant
c1236t_abcb1 + adjuvant chemotherapy,Unknown
c1236t_abcb1 + chemotherapy,Unrelated
c1236t_abcb1 + fluorouracil,Unrelated
c1236t_abcb1 + folfiri regimen,Unrelated
c1236t_abcb1 + irinotecan,Unrelated
c1236t_abcb1 + oxaliplatin,Unrelated
c124s_pten + vemurafenib,Unrelated
c1285dupc_flcn + sirolimus,Unknown
c12f_kras + adagrasib,Resistant
c12f_kras + sotorasib,Resistant
c12v_kras + adagrasib,Resistant
c12v_kras + sotorasib,Resistant
c12w_kras + adagrasib,Resistant
c12w_kras + sotorasib,Resistant
c134w_foxl2 + adjuvant chemotherapy,Unrelated
c134w_foxl2 + bevacizumab,Unknown
c134w_foxl2 + carboplatin,Unknown
c134w_foxl2 + chemotherapy,Unknown
c134w_foxl2 + cisplatin,Unknown
c134w_foxl2 + dasatinib,Sensitive
c134w_foxl2 + dexamethasone,Resistant
c134w_foxl2 + etoposide,Unknown
c134w_foxl2 + gemcitabine,Unknown
c134w_foxl2 + nirogacestat,Sensitive
c135f_tp53 + trastuzumab,Unknown
c135lfs14_tp53 + chemotherapy,Resistant
c135s_tp53 + mtor inhibitor,Unknown
c135s_tp53 + trametinib,Unknown
c135w_tp53 + trastuzumab,Unknown
c135y_rad51c + adjuvant chemotherapy,Unrelated
c135y_rad51c + chemotherapy,Unrelated
c135y_rad51c + radiation therapy,Unrelated
c135y_tp53 + arsenic trioxide,Unknown
c135y_tp53 + chemotherapy,Unrelated
c135y_tp53 + radiation therapy,Unrelated
c135y_tp53 + sorafenib,Resistant
c135y_tp53 + sorafenib tosylate,Resistant
c135y_tp53 + therapeutic tumor infiltrating lymphocytes,Sensitive
c140s_cdkn3 + imatinib,Resistant
c14181420del_ar + niraparib,Sensitive
c14181420del_ar + pyrotinib,Unrelated
c141y_tp53 + adjuvant chemotherapy,Unknown
c141y_tp53 + imatinib,Resistant
c141y_tp53 + immunotherapy,Sensitive
c1420t_shmt + chemotherapy,Unrelated
c1698a_usp24 + immunotherapy,Sensitive
c1702_1703insag_nsd1 + chemotherapy,Sensitive
c1702_1703insag_nsd1 + cytarabine,Sensitive
c1702_1703insag_nsd1 + doxorubicin,Sensitive
c1702_1703insag_nsd1 + etoposide,Sensitive
c1702_1703insag_nsd1 + gemtuzumab ozogamicin,Sensitive
c1702_1703insag_nsd1 + prednisone,Unrelated
c172g_fgfr4 + trametinib,Sensitive
c1750t_ptptd + cyclophosphamide,Unknown
c1750t_ptptd + doxorubicin,Unknown
c1750t_ptptd + prednisone,Unknown
c1750t_ptptd + vincristine,Unknown
c176s_tp53 + chemotherapy,Unknown
c176s_tp53 + cisplatin,Unknown
c176s_tp53 + etoposide,Unknown
c176s_tp53 + gefitinib,Unknown
c176s_tp53 + tyrosine kinase inhibitor,Unknown
c181a_nras + chemotherapy,Resistant
c1863_1864inst_mlh1 + chemotherapy,Resistant
c19w_notch2 + ibrutinib,Unknown
c2091dupc_pole + immunotherapy,Sensitive
c2133capcys711_brca2 + olaparib,Sensitive
c216t_tert + radioactive iodine,Unrelated
c217r_erbb4 + neratinib,Sensitive
c217r_erbb4 + tyrosine kinase inhibitor,Sensitive
c21y_flcn + chemotherapy,Unknown
c21y_flcn + radiation ionizing radiotherapy,Unknown
c21y_flcn + radiation therapy,Unknown
c21y_flcn + radioactive iodine,Unknown
c21y_flcn + tisagenlecleucel,Unknown
c228_tert + adjuvant chemotherapy,Unknown
c228_tert + chemotherapy,Unknown
c228_tert + radiation ionizing radiotherapy,Unknown
c228_tert + radiation therapy,Unknown
c228delg_max + therapeutic glucocorticoid,Diagnostic
c228t_tert + bevacizumab,Resistant
c228t_tert + dabrafenib,Unrelated
c228t_tert + dabrafenib/trametinib regimen,Unrelated
c228t_tert + immunotherapy,Diagnostic
c228t_tert + ipilimumab,Diagnostic
c228t_tert + nivolumab,Diagnostic
c228t_tert + radiation ionizing radiotherapy,Unknown
c228t_tert + sorafenib,Resistant
c228t_tert + sorafenib tosylate,Resistant
c228t_tert + tyrosine kinase inhibitor,Resistant
c231239dup_ar + niraparib,Sensitive
c231239dup_ar + pyrotinib,Unrelated
c235y_pdgfra + radiation therapy,Unrelated
c2385_tp53 + cabazitaxel,Unknown
c2385_tp53 + carboplatin,Unknown
c2385_tp53 + chemotherapy,Unknown
c2385_tp53 + cisplatin,Unknown
c2385_tp53 + docetaxel,Resistant
c2385_tp53 + etoposide,Unknown
c2385_tp53 + olaparib,Unknown
c238y_tp53 + chemotherapy,Resistant
c242delpthr81asnfs42_tp53 + radiation therapy,Unrelated
c242f_tp53 + adjuvant chemotherapy,Unrelated
c242f_tp53 + binimetinib,Unrelated
c242f_tp53 + cetuximab,Unrelated
c242f_tp53 + chemotherapy,Unrelated
c242f_tp53 + cobimetinib,Unrelated
c242f_tp53 + metformin,Sensitive
c242f_tp53 + selumetinib,Unrelated
c242f_tp53 + trametinib,Unrelated
c242s_tp53 + carboplatin,Unknown
c242s_tp53 + chemotherapy,Sensitive
c242s_tp53 + cisplatin,Sensitive
c242s_tp53 + eprenetapopt,Unrelated
c242s_tp53 + etoposide,Sensitive
c250_tert + adjuvant chemotherapy,Unknown
c250_tert + chemotherapy,Unknown
c250_tert + radiation ionizing radiotherapy,Unknown
c250_tert + radiation therapy,Unknown
c250t_tert + bevacizumab,Unknown
c250t_tert + dabrafenib,Unrelated
c250t_tert + dabrafenib/trametinib regimen,Unrelated
c250t_tert + immunotherapy,Diagnostic
c250t_tert + ipilimumab,Diagnostic
c250t_tert + nivolumab,Diagnostic
c250t_tert + radiation ionizing radiotherapy,Unknown
c250t_tert + trametinib,Unrelated
c275y_tp53 + nutlin-3,Sensitive
c275y_tp53 + olaparib,Unrelated
c275y_tp53 + staurosporine,Unrelated
c277_tp53 + afatinib,Unknown
c277_tp53 + cetuximab,Unknown
c277_tp53 + cisplatin,Unknown
c277_tp53 + crizotinib,Unrelated
c277_tp53 + docetaxel,Unknown
c277_tp53 + erlotinib,Unknown
c277_tp53 + gemcitabine,Unknown
c277_tp53 + pemetrexed,Unknown
c277_tp53 + tyrosine kinase inhibitor,Unknown
c277f_tp53 + mobocertinib,Unknown
c277f_tp53 + poziotinib,Unrelated
c277f_tp53 + pyrotinib,Unknown
c277f_tp53 + tak-788,Unknown
c277f_tp53 + trastuzumab,Unknown
c277f_tp53 + trastuzumab deruxtecan,Unknown
c277f_tp53 + trastuzumab emtansine,Unknown
c290g_eif2a + chemotherapy,Resistant
c315s_brca2 + olaparib,Unknown
c31984dup_nf1 + niraparib,Resistant
c31984dup_nf1 + pyrotinib,Unrelated
c3200_3201delinsaa_tsc2 + everolimus,Unknown
c3200_3201delinsaa_tsc2 + sunitinib,Unknown
c3200_3201delinsaa_tsc2 + temsirolimus,Sensitive
c3206delc_atm + chemotherapy,Sensitive
c3305_3306inst_msh6 + radiation therapy,Unrelated
c340t_atr + chemotherapy,Sensitive
c340t_atr + gemcitabine,Sensitive
c340t_atr + melphalan,Unrelated
c3435t_abcb1 + adjuvant chemotherapy,Unknown
c3435t_abcb1 + chemotherapy,Unrelated
c3435t_abcb1 + cisplatin,Unrelated
c3435t_abcb1 + fluorouracil,Unrelated
c3435t_abcb1 + folfiri regimen,Unrelated
c3435t_abcb1 + irinotecan,Unrelated
c3435t_abcb1 + oxaliplatin,Unrelated
c3435t_mdr1 + chemotherapy,Unrelated
c3435t_mdr1 + cisplatin,Unrelated
c3435t_mdr1 + paclitaxel,Unrelated
c3543del_smarca4 + chemotherapy,Sensitive
c3543del_smarca4 + cisplatin,Sensitive
c3543del_smarca4 + cytoreductive surgery,Unrelated
c3543del_smarca4 + irinotecan,Sensitive
c3661_3674del + hormone therapy,Resistant
c3661_3674del + tamoxifen,Resistant
c3661_3674del_nf1 + hormone therapy,Resistant
c3661_3674del_nf1 + tamoxifen,Resistant
c3700_3704delgtaaa_brca1 + olaparib,Sensitive
c3708dela_brca2 + carboplatin,Sensitive
c3708dela_brca2 + carboplatin/paclitaxel regimen,Sensitive
c3708dela_brca2 + chemotherapy,Sensitive
c3708dela_brca2 + cisplatin,Sensitive
c3708dela_brca2 + cytoreductive surgery,Unrelated
c3708dela_brca2 + docetaxel,Unrelated
c3708dela_brca2 + olaparib,Sensitive
c3708dela_brca2 + paclitaxel,Unrelated
c3788_3790deltct_fanca + chemotherapy,Sensitive
c3788_3790deltct_fanca + cisplatin,Sensitive
c382r_fgfr2 + immunotherapy,Unknown
c382r_fgfr2 + pemigatinib,Sensitive
c382r_fgfr2 + tyrosine kinase inhibitor,Sensitive
c383r_fgfr2 + chemotherapy,Unrelated
c383r_fgfr2 + fexagratinib,Unknown
c383r_fgfr2 + pd173074,Sensitive
c394s_dnaja1 + tipifarnib,Resistant
c402g_foxl2 + chemotherapy,Unknown
c402g_foxl2 + paclitaxel,Resistant
c402g_foxl2 + pembrolizumab,Unrelated
c420r_pik3ca + adjuvant chemotherapy,Unknown
c420r_pik3ca + apitolisib,Sensitive
c420r_pik3ca + carboplatin,Sensitive
c420r_pik3ca + chemotherapy,Unknown
c420r_pik3ca + everolimus,Unknown
c420r_pik3ca + izorlisib,Unknown
c420r_pik3ca + pictilisib,Unrelated
c420r_pik3ca + tamoxifen,Unknown
c420r_pik3ca + trastuzumab,Resistant
c428s_notch3 + afatinib,Unrelated
c428s_notch3 + metformin,Unrelated
c443s_kit + imatinib,Sensitive
c443s_kit + imatinib mesylate,Sensitive
c443s_kit + ipilimumab,Resistant
c455s_notch3 + afatinib,Unrelated
c455s_notch3 + metformin,Unrelated
c459s_ptpn11 + copanlisib,Sensitive
c470delt_flcn + sirolimus,Unknown
c481_btk + ibrutinib,Resistant
c481f_btk + ibrutinib,Resistant
c481r_btk + ibrutinib,Resistant
c481s_btk + crenolanib,Unknown
c481s_btk + dasatinib,Unrelated
c481s_btk + dovitinib,Unknown
c481s_btk + fulvestrant,Unrelated
c481s_btk + gilteritinib,Unknown
c481s_btk + ibrutinib,Resistant
c481s_btk + idelalisib,Unknown
c481s_btk + midostaurin,Unknown
c481s_btk + palbociclib,Sensitive
c481s_btk + quizartinib,Unknown
c481s_btk + sorafenib,Unknown
c481s_btk + sorafenib tosylate,Unknown
c481s_btk + sotorasib,Unrelated
c481s_btk + tyrosine kinase inhibitor,Unknown
c481x_btk + ibrutinib,Resistant
c481y_btk + ibrutinib,Resistant
c482r_kdr + pazopanib,Sensitive
c488s_fgfr1 + erdafitinib,Resistant
c492f_fgfr2 + chemotherapy,Resistant
c4y_cbr3 + bortezomib,Unrelated
c4y_cbr3 + cisplatin,Sensitive
c4y_cbr3 + eribulin,Unrelated
c526f_met + cabozantinib,Sensitive
c526f_met + cisplatin,Unrelated
c526f_met + crizotinib,Sensitive
c526f_met + pemetrexed,Unrelated
c526f_met + radiation therapy,Unrelated
c526f_met + tyrosine kinase inhibitor,Sensitive
c528s_xpo1 + chloroquine,Unrelated
c528s_xpo1 + selinexor,Resistant
c5470_5477del8_brca1 + cisplatin,Sensitive
c5470_5477del8_brca1 + doxorubicin,Sensitive
c6026t_mtor + bevacizumab,Resistant
c6026t_mtor + carboplatin,Resistant
c6026t_mtor + everolimus,Sensitive
c6026t_mtor + mtor inhibitor,Sensitive
c60_lztr1 + chemotherapy,Unknown
c618s_ret + capecitabine,Unrelated
c618s_ret + cyclophosphamide,Unrelated
c618s_ret + dacarbazine,Unrelated
c618s_ret + iodine i-131,Unrelated
c618s_ret + radiation ionizing radiotherapy,Unrelated
c618s_ret + radiation therapy,Unrelated
c618s_ret + selpercatinib,Sensitive
c618s_ret + sunitinib,Sensitive
c618s_ret + temozolomide,Unrelated
c618s_ret + vincristine,Unrelated
c61g_brca1 + adjuvant chemotherapy,Unrelated
c61g_brca1 + cisplatin,Sensitive
c61g_brca1 + cyclophosphamide,Sensitive
c61g_brca1 + doxorubicin,Sensitive
c61g_brca1 + fluorouracil,Sensitive
c61g_brca1 + hormone therapy,Unrelated
c61g_brca1 + radiation ionizing radiotherapy,Sensitive
c620r_ret + chemotherapy,Unknown
c620r_ret + everolimus,Unknown
c620r_ret + mtor inhibitor,Unknown
c620r_ret + vandetanib,Unknown
c623y_erbb2 + afatinib,Sensitive
c623y_erbb2 + poziotinib,Sensitive
c623y_erbb2 + trastuzumab,Unknown
c623y_erbb2 + trastuzumab deruxtecan,Resistant
c623y_erbb2 + trastuzumab emtansine,Resistant
c630del_ret + pralsetinib,Sensitive
c634f_ret + cabozantinib,Resistant
c634f_ret + capecitabine,Unrelated
c634f_ret + cyclophosphamide,Unrelated
c634f_ret + dacarbazine,Unrelated
c634f_ret + hormone therapy,Unrelated
c634f_ret + iodine i-131,Unrelated
c634f_ret + radiation ionizing radiotherapy,Unrelated
c634f_ret + radiation therapy,Unrelated
c634f_ret + selpercatinib,Sensitive
c634f_ret + sunitinib,Unrelated
c634f_ret + temozolomide,Unrelated
c634f_ret + vincristine,Unrelated
c634g_ret + selpercatinib,Sensitive
c634r_erbb2 + afatinib,Sensitive
c634r_erbb2 + lapatinib,Resistant
c634r_erbb2 + trastuzumab,Resistant
c634r_ret + chemotherapy,Sensitive
c634r_ret + cyclophosphamide,Sensitive
c634r_ret + dacarbazine,Sensitive
c634r_ret + everolimus,Unknown
c634r_ret + lenvatinib,Unknown
c634r_ret + mtor inhibitor,Unknown
c634r_ret + pralsetinib,Unknown
c634r_ret + sorafenib,Unknown
c634r_ret + sorafenib tosylate,Unknown
c634r_ret + sunitinib,Unknown
c634r_ret + vincristine,Sensitive
c634s_ret + cabozantinib,Resistant
c634s_ret + pralsetinib,Unknown
c634s_ret + vandetanib,Resistant
c634w_ret + agerafenib,Unknown
c634w_ret + angiogenesis inhibitor,Unknown
c634w_ret + bortezomib,Sensitive
c634w_ret + capmatinib,Unrelated
c634w_ret + chemotherapy,Resistant
c634w_ret + chloroquine,Unrelated
c634w_ret + lenvatinib,Sensitive
c634w_ret + luminespib,Sensitive
c634w_ret + ponatinib,Sensitive
c634w_ret + radioactive iodine,Diagnostic
c634w_ret + tyrosine kinase inhibitor,Resistant
c634x_ret + cabozantinib,Unknown
c634x_ret + hormone therapy,Unrelated
c634x_ret + pralsetinib,Sensitive
c634x_ret + vandetanib,Unknown
c634y_ret + cyclophosphamide,Unknown
c634y_ret + dacarbazine,Unknown
c634y_ret + pralsetinib,Sensitive
c634y_ret + selpercatinib,Sensitive
c634y_ret + vincristine,Unknown
c64delggc_ptch1 + adjuvant chemotherapy,Unknown
c64delggc_ptch1 + chemotherapy,Unknown
c64delggc_ptch1 + hematopoietic cell transplantation,Unknown
c64delggc_ptch1 + radiation ionizing radiotherapy,Sensitive
c64delggc_ptch1 + radiation therapy,Sensitive
c64delggc_ptch1 + vismodegib,Sensitive
c64g_brca1 + radiation ionizing radiotherapy,Sensitive
c64g_brca1 + radiation therapy,Sensitive
c6520t_mtor + bevacizumab,Resistant
c6520t_mtor + carboplatin,Resistant
c6520t_mtor + everolimus,Sensitive
c6520t_mtor + mtor inhibitor,Sensitive
c6637t_mtor + bevacizumab,Resistant
c6637t_mtor + carboplatin,Resistant
c6637t_mtor + everolimus,Sensitive
c6637t_mtor + mtor inhibitor,Sensitive
c667t_mthfr + adjuvant chemotherapy,Unknown
c667t_mthfr + chemotherapy,Unrelated
c667t_mthfr + fluorouracil,Unrelated
c667t_mthfr + folfiri regimen,Unrelated
c667t_mthfr + irinotecan,Unrelated
c667t_mthfr + oxaliplatin,Unrelated
c6952ct_brca2 + olaparib,Sensitive
c723dupt_pten + chemotherapy,Unrelated
c723dupt_pten + fluorouracil,Unrelated
c723dupt_pten + radiation ionizing radiotherapy,Unrelated
c723dupt_pten + radiation therapy,Unrelated
c7364ag_brca2 + olaparib,Resistant
c763gtpglu255_brca1 + olaparib,Sensitive
c784ctpr262_nf2 + bevacizumab,Sensitive
c797_egfr + afatinib,Resistant
c797_egfr + chemotherapy,Unrelated
c797_egfr + cisplatin,Unrelated
c797_egfr + dacomitinib,Resistant
c797_egfr + erlotinib,Resistant
c797_egfr + immunotherapy,Unrelated
c797_egfr + radiation ionizing radiotherapy,Unrelated
c797_egfr + radiation therapy,Unrelated
c797g_egfr + bevacizumab,Unrelated
c797g_egfr + carboplatin,Unrelated
c797g_egfr + cetuximab,Sensitive
c797g_egfr + chemotherapy,Unrelated
c797g_egfr + icotinib,Sensitive
c797g_egfr + osimertinib,Resistant
c797g_egfr + pemetrexed,Unrelated
c797g_egfr + radiation ionizing radiotherapy,Unrelated
c797g_egfr + radiation therapy,Unrelated
c797g_egfr + trametinib,Unknown
c797g_egfr + tyrosine kinase inhibitor,Resistant
c797s_egfr + 7-ethyl-10-hydroxycamptothecin,Sensitive
c797s_egfr + adjuvant chemotherapy,Unrelated
c797s_egfr + capmatinib,Unrelated
c797s_egfr + carboplatin,Unrelated
c797s_egfr + cetuximab,Sensitive
c797s_egfr + docetaxel,Unrelated
c797s_egfr + epidermal growth factor receptor tyrosine kinase inhibitor,Resistant
c797s_egfr + ibrutinib,Unrelated
c797s_egfr + irinotecan,Sensitive
c797s_egfr + mobocertinib,Resistant
c797s_egfr + nimotuzumab,Sensitive
c797s_egfr + paclitaxel,Sensitive
c797s_egfr + poziotinib,Sensitive
c797s_egfr + prednisolone,Unrelated
c797s_egfr + radiation ionizing radiotherapy,Unrelated
c797s_egfr + radiation therapy,Unrelated
c797s_egfr + rmc-4550,Unrelated
c797s_egfr + rociletinib,Resistant
c797s_egfr + selumetinib,Sensitive
c797s_egfr + temozolomide,Unrelated
c797s_egfr + trametinib,Sensitive
c797s_egfr + wz4002,Resistant
c797x_egfr + afatinib,Resistant
c797x_egfr + erlotinib,Resistant
c797x_egfr + gefitinib,Resistant
c797x_egfr + osimertinib,Resistant
c797x_egfr + tyrosine kinase inhibitor,Sensitive
c8092a_ercc1 + paclitaxel,Unknown
c83f_tp53 + immunotherapy,Sensitive
c8831_8832del_atm + immunotherapy,Sensitive
c8831_8832del_atm + radiation ionizing radiotherapy,Resistant
c8831_8832del_atm + radiation therapy,Resistant
c8831_8832del_atm + sirolimus,Sensitive
casp7_fgfr2 + atezolizumab,Unrelated
casp7_fgfr2 + chemotherapy,Unrelated
casp7_fgfr2 + cisplatin,Unrelated
casp7_fgfr2 + gemcitabine,Unrelated
casp7_fgfr2 + immunotherapy,Unrelated
casp7_fgfr2 + pembrolizumab,Unrelated
ccdc170_esr1 + chemotherapy,Unknown
ccdc170_esr1 + eribulin,Unknown
ccdc170_esr1 + hormone therapy,Resistant
ccdc170_esr1 + margetuximab,Resistant
ccdc170_esr1 + mtor inhibitor,Unknown
ccdc170_esr1 + trastuzumab,Resistant
ccdc170_esr1 + trastuzumab deruxtecan,Resistant
ccdc170_esr1 + trastuzumab emtansine,Resistant
ccdc6ret_ret + adjuvant chemotherapy,Unrelated
ccdc6ret_ret + pralsetinib,Sensitive
ccdc6ret_ret + radiation ionizing radiotherapy,Unrelated
ccdc6ret_ret + radiation therapy,Unrelated
ccdc6ret_ret + selpercatinib,Sensitive
cheek2c1100delc_chek2 + adjuvant chemotherapy,Unknown
cheek2c1100delc_chek2 + chemotherapy,Unknown
cheek2c1100delc_chek2 + hormone therapy,Unknown
cheek2c1100delc_chek2 + radiation therapy,Unknown
chek21100delc + chemotherapy,Unrelated
ckras_kras + tamoxifen,Unrelated
clip1_fgfr2 + pemigatinib,Unknown
clip1_fgfr2 + ponatinib,Sensitive
ct8195g_brca2 + olaparib,Sensitive
cyp2c83_cyp2c8 + carboplatin,Sensitive
cyp2c83_cyp2c8 + carboplatin/paclitaxel regimen,Sensitive
cyp2c83_cyp2c8 + chemotherapy,Unknown
cyp2c83_cyp2c8 + cisplatin,Unrelated
cyp2c83_cyp2c8 + paclitaxel,Unrelated
cyp3a53_cyp3a5 + docetaxel,Sensitive
cyp3a53_cyp3a5 + gefitinib,Sensitive
cyp3a53_cyp3a5 + paclitaxel,Unknown
cyp3a53_cyp3a5 + ramucirumab,Unrelated
cyp3a53_cyp3a5 + sorafenib,Unknown
cyp3a53_cyp3a5 + sorafenib tosylate,Unknown
cyp3a53_cyp3a5 + tyrosine kinase inhibitor,Unknown
cyp3a53c_cyp3a5 + carboplatin,Unrelated
cyp3a53c_cyp3a5 + carboplatin/paclitaxel regimen,Unrelated
cyp3a53c_cyp3a5 + chemotherapy,Unrelated
cyp3a53c_cyp3a5 + cisplatin,Unrelated
cyp3a53c_cyp3a5 + paclitaxel,Unrelated
cys200gly201insval_prkaca + dexamethasone,Sensitive
cys200gly201insval_prkaca + hormone therapy,Unrelated
cys269_idh1 + azacitidine,Sensitive
cys269_idh1 + chemotherapy,Sensitive
cys269_idh1 + cytarabine,Sensitive
cys269_idh1 + ivosidenib,Unrelated
cys269_idh1 + midostaurin,Sensitive
cys269_idh1 + venetoclax,Sensitive
cys711_brca2 + chemotherapy,Unrelated
cys711_brca2 + cisplatin,Unrelated
cys711_brca2 + olaparib,Sensitive
cys835gly837dup_pdgfrb + chemotherapy,Sensitive
cys835gly837dup_pdgfrb + radiation ionizing radiotherapy,Sensitive
cys835gly837dup_pdgfrb + radiation therapy,Sensitive
d1002g_met + crizotinib,Sensitive
d1010h_met + capmatinib,Sensitive
d1010h_met + carboplatin,Unrelated
d1010h_met + chemotherapy,Resistant
d1010h_met + pembrolizumab,Unrelated
d1010h_met + pemetrexed,Unrelated
d1010h_met + savolitinib,Sensitive
d1010h_met + tepotinib,Sensitive
d1010h_met + tyrosine kinase inhibitor,Sensitive
d1010n_met + tyrosine kinase inhibitor,Resistant
d1010y_met + chemotherapy,Sensitive
d1010y_met + immunotherapy,Unknown
d1010y_met + tyrosine kinase inhibitor,Resistant
d1014v_egfr + chemotherapy,Unrelated
d1014v_egfr + erlotinib,Unrelated
d1014v_egfr + gefitinib,Unrelated
d1014v_egfr + osimertinib,Resistant
d103e_bcl + venetoclax,Resistant
d103v_bcl + venetoclax,Resistant
d103y_bcl + venetoclax,Resistant
d103y_bcl2 + cytarabine,Unrelated
d103y_bcl2 + decitabine,Unrelated
d103y_bcl2 + idarubicin,Unrelated
d103y_bcl2 + venetoclax,Resistant
d1067v_pik3cb + imatinib,Unknown
d1067v_pik3cb + imatinib mesylate,Unknown
d1067v_pik3cb + sirolimus,Sensitive
d1067v_pik3cb + tyrosine kinase inhibitor,Unrelated
d1067y_pik3cb + pictilisib,Resistant
d1080n_egfr + osimertinib,Sensitive
d1080n_egfr + sunitinib,Sensitive
d1080n_egfr + tyrosine kinase inhibitor,Sensitive
d1091n_alk + azd3463,Sensitive
d1091n_alk + crizotinib,Unknown
d1091n_alk + doxorubicin,Unrelated
d1140n_plcg2 + ibrutinib,Resistant
d1140n_plcg2 + venetoclax,Unrelated
d1203n_alk + lorlatinib,Resistant
d1203n_alk + tyrosine kinase inhibitor,Resistant
d1225n_alk + chemotherapy,Unrelated
d1225n_alk + crizotinib,Sensitive
d1225n_alk + ensartinib,Sensitive
d1228a_met + cabozantinib,Resistant
d1228a_met + capmatinib,Resistant
d1228a_met + crizotinib,Resistant
d1228a_met + osimertinib,Resistant
d1228a_met + savolitinib,Resistant
d1228a_met + tepotinib,Resistant
d1228a_met + tyrosine kinase inhibitor,Resistant
d1228h_met + capmatinib,Resistant
d1228h_met + chemotherapy,Unknown
d1228h_met + immunotherapy,Resistant
d1228h_met + osimertinib,Resistant
d1228h_met + tepotinib,Resistant
d1228h_met + tyrosine kinase inhibitor,Resistant
d1228n_met + capecitabine,Unrelated
d1228n_met + capmatinib,Resistant
d1228n_met + carboplatin,Unrelated
d1228n_met + carboplatin/paclitaxel regimen,Unrelated
d1228n_met + cisplatin,Unrelated
d1228n_met + cyclophosphamide,Unrelated
d1228n_met + doxorubicin,Unrelated
d1228n_met + osimertinib,Resistant
d1228n_met + paclitaxel,Unrelated
d1228n_met + pemetrexed,Unrelated
d1228n_met + radiation therapy,Unrelated
d1228n_met + savolitinib,Resistant
d1228n_met + tyrosine kinase inhibitor,Resistant
d1228x_met + capmatinib,Resistant
d1228x_met + crizotinib,Resistant
d1228x_met + osimertinib,Resistant
d1228x_met + savolitinib,Resistant
d1228x_met + tepotinib,Resistant
d1228x_met + tyrosine kinase inhibitor,Resistant
d1228y_met + capmatinib,Resistant
d1228y_met + crizotinib,Resistant
d1228y_met + osimertinib,Resistant
d1228y_met + savolitinib,Resistant
d1228y_met + tepotinib,Resistant
d1228y_met + tyrosine kinase inhibitor,Resistant
d1246h_met + alectinib,Unknown
d1246h_met + brigatinib,Unknown
d1246h_met + cabozantinib,Sensitive
d1246h_met + carboplatin,Unrelated
d1246h_met + carboplatin/pemetrexed regimen,Unrelated
d1246h_met + chemotherapy,Unrelated
d1246h_met + gefitinib,Resistant
d1246h_met + osimertinib,Resistant
d1246h_met + pemetrexed,Unrelated
d1246h_met + tyrosine kinase inhibitor,Resistant
d1269a_alk + alectinib,Resistant
d1269a_alk + brigatinib,Resistant
d1269a_alk + ceritinib,Resistant
d1269a_alk + crizotinib,Resistant
d1269a_alk + ensartinib,Resistant
d1269a_alk + lorlatinib,Resistant
d137n_samhd1 + chemotherapy,Resistant
d137n_samhd1 + fluorouracil,Resistant
d140a_cdk4 + azacitidine,Sensitive
d140h_cdk4 + ribociclib,Resistant
d140y_cdk4 + ribociclib,Resistant
d149e_tp53 + hormone therapy,Unknown
d150n_map2k4 + neratinib,Resistant
d150n_map2k4 + paclitaxel,Unrelated
d150n_map2k4 + trastuzumab,Resistant
d153v_kras + 7-ethyl-10-hydroxycamptothecin,Unknown
d153v_kras + irinotecan,Sensitive
d1542y_mtor + chemotherapy,Resistant
d1542y_mtor + everolimus,Sensitive
d1542y_mtor + mtor inhibitor,Sensitive
d1542y_mtor + sirolimus,Sensitive
d154q_kras + chemotherapy,Unrelated
d154q_kras + sirolimus,Unrelated
d155a_tkt + erlotinib,Sensitive
d162fs_stk11 + immune checkpoint inhibitor,Unknown
d162fs_stk11 + immunotherapy,Unknown
d163g_cdk6 + palbociclib,Sensitive
d163n_cdk6 + cisplatin,Sensitive
d1644a_nf1 + everolimus,Sensitive
d16_erbb2 + afatinib,Sensitive
d16_erbb2 + egfr tyrosine kinase inhibitor therapy,Unknown
d16_erbb2 + osimertinib,Resistant
d16_erbb2 + tyrosine kinase inhibitor,Unknown
d1709_dicer1 + carboplatin,Unrelated
d1709_dicer1 + chemotherapy,Unrelated
d1709_dicer1 + paclitaxel,Unrelated
d172n_ppef + etoposide,Resistant
d180a_padi2 + enzalutamide,Resistant
d1810_dicer1 + carboplatin,Unrelated
d1810_dicer1 + chemotherapy,Unrelated
d1810_dicer1 + paclitaxel,Unrelated
d1813h_brca1 + alpelisib,Unrelated
d1813h_brca1 + talazoparib,Sensitive
d1834h_brca1 + alpelisib,Unrelated
d1834h_brca1 + talazoparib,Sensitive
d1848n_ptprb + radiation ionizing radiotherapy,Unknown
d1848n_ptprb + radiation therapy,Unknown
d1853n_atm + chemotherapy,Resistant
d1853n_atm + cisplatin,Resistant
d1853n_atm + paclitaxel,Resistant
d1853n_atm + radiation ionizing radiotherapy,Unknown
d1853n_atm + radiation therapy,Unknown
d186v_kit + adjuvant chemotherapy,Unrelated
d1890fs6_setd2 + radioactive iodine,Resistant
d189mfs14_gnas + chemotherapy,Sensitive
d189y_lyn + aromatase inhibitor,Resistant
d189y_lyn + buparlisib,Unknown
d189y_lyn + dasatinib,Resistant
d189y_lyn + fulvestrant,Resistant
d189y_lyn + letrozole,Resistant
d194y_stk11 + immunotherapy,Unknown
d1973n_nav2 + immunotherapy,Sensitive
d2033n_ros1 + crizotinib,Resistant
d2033n_ros1 + entrectinib,Resistant
d224y_cdk6 + hormone therapy,Unrelated
d224y_cdk6 + palbociclib,Sensitive
d224y_cdk6 + staurosporine,Sensitive
d230h_esr1 + hormone therapy,Unknown
d262h_pole + adjuvant chemotherapy,Unrelated
d275a_pole + adjuvant chemotherapy,Unknown
d275a_pole + chemotherapy,Unknown
d275a_pole + cytarabine,Sensitive
d275a_pole + fludarabine,Sensitive
d275a_pole + radiation therapy,Resistant
d277y_erbb2 + trastuzumab,Unknown
d27v_nfe2l2 + alpelisib,Unrelated
d27v_nfe2l2 + mtor inhibitor,Unrelated
d281g_tp53 + akt inhibitor mk2206,Sensitive
d281g_tp53 + cabozantinib,Sensitive
d281g_tp53 + chemotherapy,Resistant
d281g_tp53 + cytarabine,Resistant
d281g_tp53 + idarubicin,Resistant
d281g_tp53 + mek inhibitor ci-1040,Resistant
d281g_tp53 + sorafenib,Sensitive
d281g_tp53 + sorafenib tosylate,Sensitive
d281y_tp53 + cisplatin,Resistant
d287e_pole + adjuvant chemotherapy,Unrelated
d287h_braf + belvarafenib,Unknown
d287h_braf + binimetinib,Unknown
d287h_braf + dabrafenib,Unknown
d287h_braf + vemurafenib,Unknown
d297y_erbb3 + alpelisib,Unrelated
d297y_erbb3 + braf inhibitor,Unrelated
d297y_erbb3 + chemotherapy,Unrelated
d297y_erbb3 + hormone therapy,Unrelated
d297y_erbb3 + radiation therapy,Unrelated
d297y_erbb3 + trametinib,Unrelated
d297y_erbb3 + tucatinib,Unknown
d297y_erbb3 + tyrosine kinase inhibitor,Unknown
d297y_erbb3 + vemurafenib,Unrelated
d299g_tlr4 + adjuvant chemotherapy,Unknown
d299g_tlr4 + radiation ionizing radiotherapy,Unrelated
d299g_tlr4 + radiation therapy,Unrelated
d29g_nfe2l2 + alpelisib,Unrelated
d29g_nfe2l2 + mtor inhibitor,Unrelated
d304n_fgfr2 + erdafitinib,Unknown
d311a_samhd1 + chemotherapy,Unknown
d311a_samhd1 + fluorouracil,Unknown
d313h_erbb3 + hormone therapy,Unrelated
d313h_erbb3 + neratinib,Resistant
d318a_rel + immunotherapy,Sensitive
d321n_mapk1 + erlotinib,Sensitive
d326h_erbb2 + afatinib,Unknown
d326h_erbb2 + trastuzumab,Unknown
d326h_erbb2 + trastuzumab emtansine,Unknown
d32a_ctnnb1 + adjuvant chemotherapy,Unrelated
d32a_ctnnb1 + carboplatin,Unknown
d32a_ctnnb1 + chemotherapy,Unknown
d32a_ctnnb1 + paclitaxel,Unknown
d32h_ctnnb1 + bevacizumab,Unrelated
d32h_ctnnb1 + carboplatin,Unrelated
d32h_ctnnb1 + erlotinib,Resistant
d32h_ctnnb1 + pemetrexed,Unrelated
d32v_ctnnb1 + dasatinib,Unrelated
d32v_ctnnb1 + imatinib,Unrelated
d32v_ctnnb1 + immunotherapy,Unrelated
d32y_ctnnb1 + bevacizumab,Unrelated
d32y_ctnnb1 + carboplatin,Unrelated
d32y_ctnnb1 + erlotinib,Sensitive
d32y_ctnnb1 + pemetrexed,Unrelated
d335gfs_gata3 + fulvestrant,Resistant
d335gfs_gata3 + hormone therapy,Resistant
d348n_kmt2c + adjuvant chemotherapy,Unrelated
d348n_kmt2c + hormone therapy,Resistant
d348n_pofut1 + chemotherapy,Unrelated
d350g_pi3k + abemaciclib,Unknown
d350g_pi3k + fulvestrant,Unknown
d350g_pi3k + letrozole,Resistant
d350g_pi3k + paclitaxel,Sensitive
d350g_pi3k + taselisib,Resistant
d350g_pik3ca + chemotherapy,Unknown
d350g_pik3ca + immune checkpoint inhibitor,Unknown
d350g_pik3ca + lapatinib,Sensitive
d350g_pik3ca + paclitaxel,Sensitive
d350g_pik3ca + radiation ionizing radiotherapy,Unrelated
d350g_pik3ca + radiation therapy,Unrelated
d350g_pik3ca + trametinib,Sensitive
d350g_pik3ca + trastuzumab,Sensitive
d350g_pik3ca + vemurafenib,Unrelated
d351g_esr1 + afimoxifene,Unknown
d368y_egfr + icotinib,Unknown
d373n_abraxas + radiation ionizing radiotherapy,Unrelated
d373n_abraxas + radiation therapy,Unrelated
d387a_casp8 + immunotherapy,Sensitive
d434n_pik3ca + temozolomide,Unknown
d447a_araf + dabrafenib,Resistant
d459g_braf + braf inhibitor,Unknown
d459g_braf + carboplatin,Unrelated
d459g_braf + cisplatin,Unrelated
d459g_braf + paclitaxel,Unrelated
d459g_braf + vemurafenib,Unknown
d473h_smo + sonidegib,Unknown
d473h_smo + vismodegib,Resistant
d473y_smo + vismodegib,Resistant
d483tfs15_nf1 + crizotinib,Unknown
d484g_esr1 + neratinib,Unrelated
d5358g_esr1 + fulvestrant,Sensitive
d538_esr1 + fulvestrant,Sensitive
d538_esr1 + hormone therapy,Resistant
d538_esr1 + palbociclib,Resistant
d538g_esr1 + abiraterone,Unknown
d538g_esr1 + afimoxifene,Unknown
d538g_esr1 + alvocidib,Sensitive
d538g_esr1 + avelumab,Unknown
d538g_esr1 + bazedoxifene,Sensitive
d538g_esr1 + bet inhibitor,Sensitive
d538g_esr1 + buparlisib,Sensitive
d538g_esr1 + capecitabine,Resistant
d538g_esr1 + cdk4/6 inhibition,Resistant
d538g_esr1 + dinaciclib,Sensitive
d538g_esr1 + docetaxel,Unknown
d538g_esr1 + doxorubicin,Resistant
d538g_esr1 + enzalutamide,Sensitive
d538g_esr1 + erdafitinib,Unrelated
d538g_esr1 + ibrutinib,Unrelated
d538g_esr1 + immunotherapy,Sensitive
d538g_esr1 + jq1,Sensitive
d538g_esr1 + letrozole,Resistant
d538g_esr1 + linsitinib,Unrelated
d538g_esr1 + panobinostat,Sensitive
d538g_esr1 + pertuzumab,Unrelated
d538g_esr1 + pictilisib,Unrelated
d538g_esr1 + porcupine inhibitor wnt974,Sensitive
d538g_esr1 + pralsetinib,Sensitive
d538g_esr1 + salirasib,Unknown
d538g_esr1 + selinexor,Unknown
d538g_esr1 + sotorasib,Unrelated
d538g_esr1 + therapeutic glucocorticoid,Unrelated
d538g_esr1 + trastuzumab emtansine,Unrelated
d538g_esr1 + trk inhibitor,Unrelated
d538g_esr1 + vorinostat,Sensitive
d538gf404l_esr1 + fulvestrant,Resistant
d538gf404l_esr1 + hormone therapy,Unknown
d538q_esr1 + hormone therapy,Resistant
d53fs_stk11 + immunotherapy,Unknown
d545d_esr1 + abemaciclib,Unknown
d545d_esr1 + adjuvant chemotherapy,Unknown
d545d_esr1 + exemestane,Unknown
d545d_esr1 + letrozole,Unknown
d545d_esr1 + palbociclib,Unknown
d545d_esr1 + ribociclib,Unknown
d559y_brca2 + hormone therapy,Unknown
d579del_kit + chemotherapy,Unrelated
d579del_kit + imatinib,Sensitive
d579del_kit + sunitinib,Sensitive
d582n_erbb2 + lapatinib,Resistant
d582n_erbb2 + neratinib,Unknown
d582n_erbb2 + poziotinib,Sensitive
d582n_erbb2 + trastuzumab deruxtecan,Resistant
d582n_erbb2 + trastuzumab emtansine,Resistant
d584g_braf + cetuximab,Unknown
d584g_braf + irinotecan,Unrelated
d584n_braf + cetuximab,Unknown
d584n_braf + irinotecan,Unrelated
d592v_rad54 + afatinib,Unrelated
d592v_rad54 + metformin,Unrelated
d594_braf + anti-egfr monoclonal antibody,Sensitive
d594_braf + bevacizumab,Unrelated
d594_braf + braf inhibitor,Unknown
d594_braf + cetuximab,Sensitive
d594_braf + chemotherapy,Unrelated
d594_braf + cisplatin,Unrelated
d594_braf + cobimetinib,Unknown
d594_braf + dabrafenib,Unknown
d594_braf + dabrafenib/trametinib regimen,Unknown
d594_braf + fluorouracil,Unrelated
d594_braf + immune checkpoint inhibitor,Unknown
d594_braf + immunotherapy,Unknown
d594_braf + irinotecan,Unrelated
d594_braf + oxaliplatin,Unrelated
d594_braf + panitumumab,Sensitive
d594_braf + trametinib,Unknown
d594_braf + vemurafenib,Unknown
d594a_braf + dabrafenib,Unknown
d594a_braf + trametinib,Unknown
d594e_braf + chemotherapy,Sensitive
d594e_braf + dabrafenib/trametinib regimen,Resistant
d594f_braf + dabrafenib,Unknown
d594f_braf + trametinib,Unknown
d594g_braf + adjuvant chemotherapy,Unknown
d594g_braf + az628,Sensitive
d594g_braf + erlotinib,Sensitive
d594g_braf + hormone therapy,Unrelated
d594g_braf + immunotherapy,Unknown
d594g_braf + pembrolizumab,Unrelated
d594g_braf + selumetinib,Sensitive
d594g_braf + sorafenib,Sensitive
d594g_braf + sorafenib tosylate,Sensitive
d594h_braf + dabrafenib,Unknown
d594h_braf + trametinib,Unknown
d594n_braf + alpelisib,Unrelated
d594n_braf + binimetinib,Resistant
d594n_braf + chemotherapy,Resistant
d594n_braf + dabrafenib/trametinib regimen,Unknown
d594n_braf + encorafenib,Resistant
d594n_braf + erlotinib,Sensitive
d594n_braf + everolimus,Unrelated
d594n_braf + fluorouracil,Unknown
d594n_braf + immunotherapy,Unrelated
d594n_braf + ivosidenib,Unrelated
d594n_braf + mtor inhibitor,Unrelated
d594n_braf + radiation ionizing radiotherapy,Unknown
d594n_braf + radiation therapy,Unknown
d594n_braf + selumetinib,Sensitive
d594n_braf + vemurafenib,Unknown
d594v_braf + dabrafenib,Unknown
d594v_braf + trametinib,Unknown
d594y_braf + dabrafenib,Unknown
d594y_braf + trametinib,Unknown
d601e_pole + immunotherapy,Sensitive
d61y_ptpn11 + azacitidine,Unknown
d630y_plcb4 + radiation ionizing radiotherapy,Unrelated
d630y_plcb4 + radiation therapy,Unrelated
d638g_esr1 + aromatase inhibitor,Unknown
d638g_esr1 + fulvestrant,Unknown
d638g_esr1 + hormone therapy,Unknown
d638g_esr1 + tamoxifen,Unknown
d641n_fgfr3 + erdafitinib,Sensitive
d641n_fgfr3 + pemigatinib,Unknown
d642h_stat5b + chemotherapy,Resistant
d661h_stat3 + cyclophosphamide,Unknown
d661h_stat3 + doxorubicin,Unknown
d661h_stat3 + prednisone,Unknown
d661h_stat3 + vincristine,Unknown
d674h_irs1 + cisplatin,Resistant
d674h_irs1 + radiation ionizing radiotherapy,Resistant
d674h_irs1 + radiation therapy,Resistant
d67n_map2k1 + cytarabine,Unrelated
d693n_brca1 + chemotherapy,Unknown
d693n_brca1 + docetaxel,Unknown
d693n_brca1 + olaparib,Sensitive
d693n_brca1 + talazoparib,Unknown
d742n_erbb2 + adjuvant chemotherapy,Unknown
d742n_erbb2 + lapatinib,Unknown
d742n_erbb2 + trastuzumab,Resistant
d746750_egfr + afatinib,Unknown
d746750_egfr + osimertinib,Unknown
d746750_egfr + poziotinib,Unknown
d761n_egfr + afatinib,Unknown
d761n_egfr + cetuximab,Unknown
d761n_egfr + erlotinib,Sensitive
d761n_egfr + osimertinib,Unknown
d761y_egfr + epidermal growth factor receptor tyrosine kinase inhibitor,Sensitive
d761y_egfr + icotinib,Sensitive
d761y_egfr + osimertinib,Sensitive
d761y_egfr + radiation therapy,Unrelated
d761y_egfr + tyrosine kinase inhibitor,Sensitive
d769y_erbb2 + lapatinib,Resistant
d769y_erbb2 + neratinib,Sensitive
d769y_erbb2 + trastuzumab,Resistant
d770delinsgy_egfr + afatinib,Sensitive
d770delinsgy_egfr + cetuximab,Sensitive
d770delinsgy_egfr + erlotinib,Unknown
d770delinsgy_egfr + osimertinib,Resistant
d770inssvd_egfr + afatinib,Resistant
d770inssvd_egfr + osimertinib,Resistant
d770inssvd_egfr + poziotinib,Sensitive
d770n771insg_egfr + chemotherapy,Unrelated
d770n771insg_egfr + erlotinib,Sensitive
d770n771insg_egfr + gefitinib,Sensitive
d770n771insg_egfr + poziotinib,Unknown
d770n771inssvd_egfr + afatinib,Unknown
d770n771inssvd_egfr + mobocertinib,Unknown
d770n771inssvd_egfr + tyrosine kinase inhibitor,Sensitive
d770n771insy_egfr + chemotherapy,Sensitive
d77g_nfe2l2 + alpelisib,Unrelated
d77g_nfe2l2 + mtor inhibitor,Unrelated
d815v_kit + chemotherapy,Unrelated
d815v_kit + everolimus,Unrelated
d815v_kit + gilteritinib,Unknown
d816_kit + dasatinib,Sensitive
d816_kit + imatinib,Resistant
d816_kit + nilotinib,Unknown
d816_kit + pazopanib,Unknown
d816_kit + ponatinib,Unknown
d816e_kit + imatinib,Resistant
d816e_kit + sorafenib,Resistant
d816e_kit + sorafenib tosylate,Resistant
d816e_kit + sunitinib,Resistant
d816g_kit + imatinib,Resistant
d816g_kit + regorafenib,Resistant
d816g_kit + ripretinib,Resistant
d816g_kit + sunitinib,Resistant
d816g_kit + the-630,Sensitive
d816h_kit + imatinib,Resistant
d816h_kit + regorafenib,Resistant
d816h_kit + sunitinib,Resistant
d816h_kit + the-630,Sensitive
d816v_kit + avapritinib,Sensitive
d816v_kit + chmfl-kit-031,Resistant
d816v_kit + cytarabine,Unrelated
d816v_kit + dasatinib,Sensitive
d816v_kit + hematopoietic cell transplantation,Sensitive
d816v_kit + ibrutinib,Sensitive
d816v_kit + immunotherapy,Sensitive
d816v_kit + nilotinib,Sensitive
d816v_kit + nu7441,Sensitive
d816v_kit + ponatinib,Sensitive
d816v_kit + tyrosine kinase inhibitor,Sensitive
d816y_kit + imatinib,Resistant
d816y_kit + immunotherapy,Unrelated
d816y_kit + ipilimumab,Unrelated
d816y_kit + midostaurin,Resistant
d816y_kit + nivolumab,Unrelated
d816y_kit + pembrolizumab,Unrelated
d816y_kit + radiation therapy,Unrelated
d816y_kit + ripretinib,Unknown
d816y_kit + sunitinib,Resistant
d816y_kit + tyrosine kinase inhibitor,Unknown
d816y_tp53 + carboplatin,Sensitive
d816y_tp53 + cisplatin,Unknown
d816y_tp53 + eprenetapopt,Unknown
d816y_tp53 + olaparib,Resistant
d818y_kit + imatinib,Resistant
d818y_kit + tyrosine kinase inhibitor,Resistant
d820_kit + imatinib,Resistant
d820_kit + nilotinib,Unknown
d820_kit + pazopanib,Unknown
d820_kit + tyrosine kinase inhibitor,Resistant
d820a_kit + imatinib,Resistant
d820a_kit + regorafenib,Resistant
d820a_kit + sunitinib,Resistant
d820a_kit + the-630,Sensitive
d820e_kit + imatinib,Resistant
d820e_kit + regorafenib,Unknown
d820e_kit + ripretinib,Unknown
d820e_kit + sorafenib,Resistant
d820e_kit + sorafenib tosylate,Resistant
d820e_kit + sunitinib,Resistant
d820g_kit + avapritinib,Unknown
d820g_kit + chemotherapy,Unrelated
d820g_kit + dovitinib,Sensitive
d820g_kit + ripretinib,Resistant
d820g_kit + the-630,Sensitive
d820y_kit + regorafenib,Resistant
d820y_kit + ripretinib,Unknown
d820y_kit + sorafenib,Resistant
d820y_kit + sorafenib tosylate,Resistant
d820y_kit + sunitinib,Resistant
d820y_kit + tyrosine kinase inhibitor,Resistant
d835_flt3 + azacitidine,Sensitive
d835_flt3 + crenolanib,Resistant
d835_flt3 + cytarabine,Unknown
d835_flt3 + flt3 tyrosine kinase inhibitor ttt-3002,Sensitive
d835_flt3 + midostaurin,Unknown
d835_flt3 + sorafenib,Resistant
d835_flt3 + sorafenib tosylate,Resistant
d835_flt3 + trametinib,Sensitive
d835e_flt3 + azacitidine,Unknown
d835e_flt3 + sorafenib,Sensitive
d835e_flt3 + sorafenib tosylate,Sensitive
d835g_flt3 + crenolanib,Unknown
d835g_flt3 + dovitinib,Unknown
d835g_flt3 + gilteritinib,Sensitive
d835g_flt3 + ibrutinib,Unrelated
d835g_flt3 + jq-1,Unrelated
d835g_flt3 + midostaurin,Unknown
d835g_flt3 + sorafenib,Unknown
d835g_flt3 + sorafenib tosylate,Unknown
d835h_flt3 + azacitidine,Unknown
d835h_flt3 + crenolanib,Unknown
d835h_flt3 + cytarabine,Unknown
d835h_flt3 + dovitinib,Unknown
d835h_flt3 + gilteritinib,Sensitive
d835h_flt3 + ibrutinib,Unrelated
d835h_flt3 + jq-1,Unrelated
d835h_flt3 + midostaurin,Unknown
d835v_flt3 + crenolanib,Resistant
d835v_flt3 + midostaurin,Unknown
d835v_flt3 + palbociclib,Unknown
d835v_flt3 + pexidartinib,Unknown
d835v_flt3 + quizartinib,Resistant
d835v_flt3 + sorafenib,Resistant
d835v_flt3 + sorafenib tosylate,Resistant
d835x_flt3 + chemotherapy,Unknown
d835x_flt3 + quizartinib,Resistant
d835y_flt3 + azacitidine,Unknown
d835y_flt3 + crenolanib,Unknown
d835y_flt3 + dovitinib,Unknown
d835y_flt3 + ibrutinib,Unrelated
d835y_flt3 + jq-1,Unrelated
d835y_flt3 + mtor inhibitor,Sensitive
d835y_flt3 + talazoparib,Sensitive
d842e_pdgfra + imatinib,Resistant
d842e_pdgfra + tyrosine kinase inhibitor,Resistant
d842v_kit + avapritinib,Sensitive
d842v_kit + imatinib,Resistant
d842v_kit + ripretinib,Unknown
d842v_pdgfr + adjuvant chemotherapy,Unrelated
d842v_pdgfr + crenolanib,Sensitive
d842v_pdgfr + dasatinib,Resistant
d842v_pdgfr + imatinib,Resistant
d842v_pdgfr + nilotinib,Resistant
d842v_pdgfr + pazopanib,Resistant
d842v_pdgfr + regorafenib,Resistant
d842v_pdgfr + ripretinib,Unknown
d842v_pdgfr + sorafenib,Resistant
d842v_pdgfr + sorafenib tosylate,Resistant
d842v_pdgfr + sunitinib,Resistant
d842v_pdgfr + tyrosine kinase inhibitor,Resistant
d842v_pdgfra + gemcitabine,Sensitive
d842v_pdgfra + imatinib mesylate,Resistant
d842v_pdgfra + immunotherapy,Sensitive
d842v_pdgfra + irinotecan,Sensitive
d842v_pdgfra + midostaurin,Resistant
d842v_pdgfra + nilotinib,Resistant
d842v_pdgfra + paclitaxel,Sensitive
d842v_pdgfra + pazopanib,Resistant
d842v_pdgfra + sorafenib,Resistant
d842v_pdgfra + sorafenib tosylate,Resistant
d842v_pdgfra + therapeutic tumor infiltrating lymphocytes,Unknown
d842y_pdgfra + adjuvant chemotherapy,Unrelated
d842y_pdgfra + avapritinib,Unknown
d850v_pdgfrb + chemotherapy,Unknown
d850v_pdgfrb + methotrexate,Unknown
d850v_pdgfrb + vincristine,Unknown
d855a_egfr + erlotinib,Resistant
d891h_ar + abiraterone,Unknown
d891h_ar + apalutamide,Resistant
d891h_ar + docetaxel,Unrelated
d891h_ar + enzalutamide,Resistant
d892y_ret + selpercatinib,Resistant
d899gfs10_jak1 + ipilimumab,Sensitive
d899gfs10_jak1 + nivolumab,Sensitive
d925h_ret + selpercatinib,Sensitive
d933n_ret + selpercatinib,Resistant
d986a_ptprh + osimertinib,Resistant
del17p_tp53 + chemotherapy,Resistant
del17p_tp53 + cyclophosphamide,Resistant
del17p_tp53 + fludarabine,Resistant
del18_egfr + afatinib,Resistant
del18_egfr + canertinib,Sensitive
del18_egfr + dacomitinib,Sensitive
del18_egfr + gefitinib,Resistant
del18_egfr + neratinib,Sensitive
del18_egfr + osimertinib,Resistant
del18_egfr + poziotinib,Sensitive
del19_egfr + afatinib,Sensitive
del19_egfr + erlotinib,Sensitive
del19_egfr + gefitinib,Sensitive
del19_egfr + osimertinib,Sensitive
del19_egfr + tyrosine kinase inhibitor,Sensitive
del22352249_egfr + dabrafenib,Unrelated
del22362250_egfr + dabrafenib,Unrelated
del5395_chek2 + chemotherapy,Unrelated
del5395_chek2 + hormone therapy,Unrelated
del5395_chek2 + radiation therapy,Unrelated
del746750_egfr + immunotherapy,Resistant
del_bim + erlotinib,Resistant
del_cdkn2a + carboplatin,Unrelated
del_cdkn2a + chemotherapy,Unrelated
del_cdkn2a + dabrafenib,Unrelated
del_cdkn2a + vincristine,Unrelated
del_egfr + chemotherapy,Unknown
del_egfr + gefitinib,Sensitive
del_pten + chemotherapy,Unknown
del_pten + cisplatin,Resistant
del_pten + dactolisib,Sensitive
del_pten + lucitanib,Sensitive
del_pten + mtor inhibitor,Resistant
del_pten + paclitaxel,Resistant
dele709t710insd_egfr + afatinib,Sensitive
dele709t710insd_egfr + chemotherapy,Sensitive
dele709t710insd_egfr + erlotinib,Resistant
dele709t710insd_egfr + gefitinib,Resistant
dele709t710insd_egfr + osimertinib,Resistant
dele709t710insd_egfr + tyrosine kinase inhibitor,Unknown
dele746750_egfr + carboplatin,Resistant
dele746750_egfr + chemotherapy,Resistant
dele746750_egfr + cisplatin,Resistant
dele746750_egfr + erlotinib,Sensitive
dele746750_egfr + erlotinib hydrochloride,Sensitive
dele746750_egfr + gefitinib,Sensitive
dele746750_egfr + paclitaxel,Resistant
dele746750_egfr + tyrosine kinase inhibitor,Sensitive
dele746a750_egfr + bevacizumab,Sensitive
dele746a750_egfr + erlotinib,Sensitive
dele746a750_egfr + gefitinib,Sensitive
dele746a750_egfr + ramucirumab,Sensitive
dele746a750_egfr + tyrosine kinase inhibitor,Sensitive
dele746a750_egfr + vandetanib,Sensitive
dele746t751_egfr + erlotinib,Sensitive
dele746t751_egfr + gefitinib,Sensitive
dele746t751_egfr + tyrosine kinase inhibitor,Sensitive
dele746t751insv_egfr + erlotinib,Sensitive
dele746t751insv_egfr + gefitinib,Sensitive
dele746t751insv_egfr + osimertinib,Sensitive
dele747a750_egfr + erlotinib,Sensitive
dele747a750_egfr + pi3k/bet inhibitor ly294002,Sensitive
dele747a750_egfr + topotecan,Unrelated
dele748752_egfr + afatinib,Unknown
dele748752_egfr + bevacizumab,Unknown
dele748752_egfr + erlotinib,Sensitive
dele748752_egfr + gefitinib,Unknown
dele748752_egfr + ramucirumab,Unknown
dele748a752_egfr + vandetanib,Sensitive
delex19_egfr + immunotherapy,Sensitive
delex19_egfr + trametinib,Sensitive
delfs_met + neratinib,Unknown
delfs_met + paclitaxel,Unrelated
delfs_met + trastuzumab,Unknown
dell747e749_egfr + erlotinib,Sensitive
dell747e749_egfr + gefitinib,Sensitive
dell747e749_egfr + tyrosine kinase inhibitor,Sensitive
dell747p753_egfr + erlotinib,Sensitive
dell747p753_egfr + gefitinib,Sensitive
dell747p753_egfr + tyrosine kinase inhibitor,Sensitive
dell747p753inss_egfr + erlotinib,Resistant
dell747p753inss_egfr + gefitinib,Resistant
dell747t751_egfr + erlotinib,Sensitive
dell747t751_egfr + gefitinib,Sensitive
dell747t751_egfr + tyrosine kinase inhibitor,Sensitive
delp704_riz1 + adjuvant chemotherapy,Unrelated
delp704_riz1 + aromatase inhibitor,Unrelated
delp704_riz1 + exemestane,Unknown
delp704_riz1 + hormone therapy,Unrelated
delp704_riz1 + letrozole,Unrelated
delt751i759inss_egfr + tyrosine kinase inhibitor,Sensitive
delw557k558_kit + ripretinib,Unknown
dpyd13_dpyd + adjuvant chemotherapy,Sensitive
dpyd13_dpyd + radiation ionizing radiotherapy,Unrelated
dpyd13_dpyd + radiation therapy,Unrelated
dpyd2a_dpyd + adjuvant chemotherapy,Sensitive
dpyd2a_dpyd + radiation ionizing radiotherapy,Unrelated
dpyd2a_dpyd + radiation therapy,Unrelated
dpyd6_dpyd + bevacizumab,Unrelated
dpyd6_dpyd + folfiri regimen,Sensitive
dpyd6_dpyd + folfox regimen,Sensitive
dpyd6_dpyd + panitumumab,Unrelated
dpyd6_dpyd + raltitrexed,Sensitive
e102i103del_map2k1 + adagrasib,Resistant
e102i103del_map2k1 + sotorasib,Resistant
e102i103del_mek1 + chemotherapy,Resistant
e102i103del_mek1 + panitumumab,Resistant
e102i103del_mek1 + trametinib,Resistant
e1038g_brca1 + chemotherapy,Unknown
e1038g_brca1 + docetaxel,Unknown
e1038g_brca1 + olaparib,Sensitive
e1038g_brca1 + talazoparib,Unknown
e1060x_brca1 + chemotherapy,Resistant
e1066_brca1 + immunotherapy,Sensitive
e1099k_nsd2 + ibrutinib,Resistant
e1099k_nsd2 + therapeutic glucocorticoid,Resistant
e110del_pik3ca + alpelisib,Sensitive
e110del_pik3ca + chemotherapy,Unrelated
e110del_pik3ca + cisplatin,Unrelated
e110del_pik3ca + mtor inhibitor,Unrelated
e110k_pik3ca + alpelisib,Unknown
e1121_nf1 + pembrolizumab,Resistant
e114k_egfr + adjuvant chemotherapy,Unknown
e114k_egfr + cetuximab,Sensitive
e114k_egfr + chemotherapy,Unknown
e114k_egfr + lapatinib,Resistant
e114k_egfr + panitumumab,Sensitive
e114k_egfr + pyrotinib,Sensitive
e114k_egfr + radiation therapy,Unrelated
e114k_egfr + trastuzumab,Unknown
e114k_egfr + tyrosine kinase inhibitor,Sensitive
e115_smarcb1 + adjuvant chemotherapy,Unknown
e115_smarcb1 + chemotherapy,Unknown
e115_smarcb1 + immunotherapy,Unknown
e1161k_alk + crizotinib,Resistant
e1161k_alk + entrectinib,Sensitive
e1210k_alk + alk inhibitor asp3026,Resistant
e1210k_alk + ensartinib,Resistant
e1210k_alk + lorlatinib,Resistant
e1210q_alk + alectinib,Resistant
e1210q_alk + brigatinib,Resistant
e1210q_alk + ceritinib,Resistant
e1210q_alk + crizotinib,Resistant
e1210q_alk + ensartinib,Resistant
e1210q_alk + lorlatinib,Resistant
e1261a_erbb3 + hormone therapy,Unrelated
e1261a_erbb3 + neratinib,Resistant
e1317q_apc + chemotherapy,Unrelated
e1364del_smarca4 + atezolizumab,Sensitive
e1364del_smarca4 + immune checkpoint inhibitor,Sensitive
e1364del_smarca4 + immunotherapy,Sensitive
e1364del_smarca4 + ipilimumab,Sensitive
e1364del_smarca4 + nivolumab,Sensitive
e1365d_obsl1 + immunotherapy,Unknown
e13k_akt1 + radiation ionizing radiotherapy,Unrelated
e13k_akt1 + radiation therapy,Unrelated
e143k_kras + chemotherapy,Unknown
e143x_brca1 + cisplatin,Sensitive
e1558_tsc2 + everolimus,Sensitive
e1558_tsc2 + sirolimus,Sensitive
e159k_fgfr1 + chemotherapy,Unknown
e159k_lyn + aromatase inhibitor,Resistant
e159k_lyn + buparlisib,Unknown
e159k_lyn + dasatinib,Resistant
e159k_lyn + fulvestrant,Resistant
e159k_lyn + letrozole,Resistant
e160d_pik3r1 + buparlisib,Unknown
e160d_pik3r1 + doxorubicin,Resistant
e163_cdk1 + immunotherapy,Sensitive
e168d_met + su11274,Sensitive
e1705_dicer1 + carboplatin,Unrelated
e1705_dicer1 + chemotherapy,Unrelated
e1705_dicer1 + paclitaxel,Unrelated
e1705k_dicer1 + chemotherapy,Unknown
e1705k_dicer1 + temozolomide,Unknown
e1705v_dicer1 + bortezomib,Sensitive
e1705v_dicer1 + chemotherapy,Unknown
e1705v_dicer1 + radiation ionizing radiotherapy,Unknown
e1705v_dicer1 + radiation therapy,Unknown
e176d_ntrk3 + entrectinib,Sensitive
e177r_tp53 + carboplatin,Resistant
e177r_tp53 + carboplatin/paclitaxel regimen,Resistant
e177r_tp53 + cyproterone acetate,Unrelated
e177r_tp53 + paclitaxel,Resistant
e1788_dicer1 + carboplatin,Unrelated
e1788_dicer1 + chemotherapy,Unrelated
e1788_dicer1 + paclitaxel,Unrelated
e17k_akt + adjuvant chemotherapy,Unrelated
e17k_akt + alpelisib,Diagnostic
e17k_akt + aromatase inhibitor,Unrelated
e17k_akt + hormone therapy,Unrelated
e17k_akt + mtor inhibitor,Sensitive
e17k_akt1 + alpelisib,Unknown
e17k_akt1 + aromatase inhibitor,Resistant
e17k_akt1 + bevacizumab,Unknown
e17k_akt1 + carboplatin,Sensitive
e17k_akt1 + cetuximab,Resistant
e17k_akt1 + docetaxel,Sensitive
e17k_akt1 + doxorubicin,Unknown
e17k_akt1 + fexagratinib,Unknown
e17k_akt1 + folfox regimen,Unknown
e17k_akt1 + ipatasertib,Sensitive
e17k_akt1 + irinotecan,Resistant
e17k_akt1 + letrozole,Resistant
e17k_akt1 + mtor inhibitor,Sensitive
e17k_akt1 + nutlin-3,Unrelated
e17k_akt1 + olaparib,Sensitive
e17k_akt1 + pertuzumab,Unrelated
e17k_akt1 + pi3k/bet inhibitor ly294002,Sensitive
e17k_akt1 + radioactive iodine,Unknown
e17k_akt1 + ribociclib,Sensitive
e17k_akt1 + sirolimus,Unrelated
e17k_akt1 + sorafenib,Unrelated
e17k_akt1 + sorafenib tosylate,Unrelated
e17k_akt1 + staurosporine,Sensitive
e17k_akt1 + trastuzumab,Unrelated
e17k_akt1 + tyrosine kinase inhibitor,Unknown
e17k_akt1 + vandetanib,Unknown
e1813_dicer1 + carboplatin,Unrelated
e1813_dicer1 + chemotherapy,Unrelated
e1813_dicer1 + paclitaxel,Unrelated
e1813a_dicer1 + radiation ionizing radiotherapy,Unknown
e1813a_dicer1 + radiation therapy,Unknown
e1813a_dicer1 + tyrosine kinase inhibitor,Unrelated
e1813d_mtor + alisertib,Sensitive
e1813d_mtor + cisplatin,Unrelated
e1813d_mtor + paclitaxel,Unrelated
e1813d_mtor + tyrosine kinase inhibitor,Sensitive
e1813g_dicer1 + radiation therapy,Unknown
e1815x_brca1 + chemotherapy,Resistant
e1815x_brca1 + rucaparib,Resistant
e182_tp53 + mtor inhibitor,Unknown
e182_tp53 + trametinib,Unknown
e192_tp53 + chemotherapy,Unknown
e192_tp53 + radiation therapy,Unknown
e203k_map2k1 + pazopanib,Unknown
e203k_mek1 + trametinib,Resistant
e2229k_brca2 + hormone therapy,Unknown
e227k_ccdc6 + cisplatin,Resistant
e229k_pdgfra + radiation therapy,Unrelated
e235a_stat1 + hormone therapy,Unrelated
e2621g_atm + abiraterone,Unrelated
e2621g_atm + abiraterone acetate,Unrelated
e2621g_atm + apalutamide,Unrelated
e2621g_atm + enzalutamide,Unrelated
e2621g_atm + prednisone,Unrelated
e275a_pole + adjuvant chemotherapy,Unknown
e275a_pole + chemotherapy,Unknown
e275a_pole + cytarabine,Sensitive
e275a_pole + fludarabine,Sensitive
e275a_pole + radiation therapy,Resistant
e275k_braf + belvarafenib,Unknown
e275k_braf + binimetinib,Unknown
e275k_braf + dabrafenib,Unknown
e275k_braf + vemurafenib,Unknown
e2846fs_brca2 + chemotherapy,Resistant
e2846fs_brca2 + cisplatin,Resistant
e2846fs_brca2 + fluorouracil,Resistant
e2846fs_brca2 + gemcitabine,Unrelated
e2846fs_brca2 + immunomodulatory oligonucleotide,Unrelated
e2846fs_brca2 + irinotecan,Resistant
e2846fs_brca2 + leucovorin,Resistant
e2846fs_brca2 + olaparib,Resistant
e2846fs_brca2 + oxaliplatin,Resistant
e2846fs_brca2 + paclitaxel,Unrelated
e285k_tp53 + cisplatin,Unrelated
e285k_tp53 + docetaxel,Resistant
e285k_tp53 + fluorouracil,Unrelated
e285k_tp53 + gemcitabine,Unrelated
e285k_tp53 + immunomodulatory oligonucleotide,Unrelated
e285k_tp53 + irinotecan,Unrelated
e285k_tp53 + leucovorin,Unrelated
e285k_tp53 + olaparib,Unrelated
e285k_tp53 + oxaliplatin,Unrelated
e285k_tp53 + paclitaxel,Unrelated
e285k_tp53 + tyrosine kinase inhibitor,Unknown
e286k_tp53 + bevacizumab,Unknown
e286k_tp53 + doxorubicin,Unknown
e286k_tp53 + sirolimus,Unknown
e286k_tp53 + temsirolimus,Unknown
e2877_brca2 + chemotherapy,Sensitive
e2877_brca2 + cisplatin,Sensitive
e2877_brca2 + etoposide,Sensitive
e287x_tp53 + immunotherapy,Unknown
e298d_nos3 + bevacizumab,Resistant
e3152del_brca2 + capecitabine,Unrelated
e3152del_brca2 + chemotherapy,Unrelated
e3152del_brca2 + eribulin,Unrelated
e3152del_brca2 + hormone therapy,Unrelated
e3152del_brca2 + olaparib,Resistant
e318k_mitf + radiation ionizing radiotherapy,Unrelated
e318k_mitf + radiation therapy,Unrelated
e31k_kras + chemotherapy,Unknown
e31k_kras + hormone therapy,Unrelated
e322k_erk2 + dabrafenib,Resistant
e322k_erk2 + erlotinib,Unrelated
e322k_erk2 + pembrolizumab,Sensitive
e322k_erk2 + trametinib,Resistant
e322k_mapk1 + erlotinib,Sensitive
e330k_egfr + canertinib,Unknown
e330k_egfr + erlotinib,Unknown
e330k_egfr + gefitinib,Unknown
e330k_egfr + tyrosine kinase inhibitor,Unknown
e334k_fgfr1 + hormone therapy,Unknown
e339x_tp53 + immunotherapy,Sensitive
e365k_pik3ca + alpelisib,Unknown
e365k_pik3ca + apitolisib,Sensitive
e365k_pik3ca + carboplatin,Sensitive
e365k_pik3ca + fulvestrant,Unrelated
e376_map2k4 + radiation ionizing radiotherapy,Unknown
e376_map2k4 + radiation therapy,Unknown
e380q_esr1 + abemaciclib,Resistant
e380q_esr1 + abiraterone,Resistant
e380q_esr1 + afimoxifene,Unknown
e380q_esr1 + alpelisib,Unknown
e380q_esr1 + avelumab,Unknown
e380q_esr1 + docetaxel,Resistant
e380q_esr1 + elacestrant,Unknown
e380q_esr1 + immunotherapy,Sensitive
e380q_esr1 + neratinib,Unrelated
e380q_esr1 + pertuzumab,Unrelated
e380q_esr1 + pictilisib,Unrelated
e380q_esr1 + ribociclib,Resistant
e380q_esr1 + trastuzumab,Unrelated
e380q_esr1 + trastuzumab emtansine,Unrelated
e380qf404l_esr1 + fulvestrant,Resistant
e380qf404l_esr1 + hormone therapy,Unknown
e380w_esr1 + adjuvant chemotherapy,Unknown
e380w_esr1 + fulvestrant,Resistant
e380w_esr1 + hormone therapy,Resistant
e384x_errfi1 + erlotinib,Sensitive
e384x_errfi1 + pazopanib,Unrelated
e384x_errfi1 + ponatinib,Unrelated
e39k_pik3ca + buparlisib,Unknown
e39k_pik3ca + chemotherapy,Resistant
e39k_pik3ca + doxorubicin,Resistant
e400k_sh2b3 + aspirin,Unrelated
e404d_ezh2 + ezh2 inhibitor,Sensitive
e404d_ezh2 + gsk126,Sensitive
e40k_akt1 + capivasertib,Unknown
e40k_akt1 + chemotherapy,Unrelated
e40k_akt1 + fulvestrant,Sensitive
e40k_akt1 + hormone therapy,Unrelated
e40k_akt1 + palbociclib,Unrelated
e418k_pik3ca + alpelisib,Unknown
e418k_pik3ca + fulvestrant,Unrelated
e418k_top1 + sacituzumab govitecan,Resistant
e43k_erbb4 + vemurafenib,Unknown
e452k_erbb4 + neratinib,Unknown
e452k_erbb4 + tyrosine kinase inhibitor,Unknown
e452k_pik3ca + abemaciclib,Unrelated
e452k_pik3ca + alpelisib,Sensitive
e452k_pik3ca + erdafitinib,Unrelated
e453_pik3ca + alpelisib,Sensitive
e453_pik3ca + fulvestrant,Unrelated
e453_pik3ca + immunotherapy,Sensitive
e453_pik3ca + taselisib,Sensitive
e453k_pik3ca + apitolisib,Sensitive
e453k_pik3ca + buparlisib,Unknown
e453k_pik3ca + carboplatin,Sensitive
e453k_pik3ca + chemotherapy,Resistant
e453k_pik3ca + doxorubicin,Resistant
e453k_pik3ca + fulvestrant,Unrelated
e453k_pik3ca + trastuzumab,Sensitive
e453q_pik3ca + alpelisib,Unknown
e453q_pik3ca + fulvestrant,Unrelated
e454k_pik3ca + alpelisib,Sensitive
e454k_pik3ca + fulvestrant,Unknown
e454k_pik3ca + palbociclib,Unknown
e454rfs15_bap1 + temsirolimus,Unknown
e462q_etv1 + gefitinib,Resistant
e462q_etv1 + osimertinib,Resistant
e47k_spop + bicalutamide,Unrelated
e47k_spop + leuprolide,Unrelated
e499d_fgfr2 + hormone therapy,Unknown
e49k_akt1 + cetuximab,Resistant
e49k_akt1 + irinotecan,Resistant
e49k_akt1 + oxaliplatin,Resistant
e50_spop + abiraterone,Sensitive
e50_spop + abiraterone acetate,Sensitive
e50k_spop + bicalutamide,Unrelated
e50k_spop + leuprolide,Unrelated
e517k_xpo1 + bortezomib,Unknown
e517k_xpo1 + selinexor,Sensitive
e517k_xpo1 + vinorelbine,Unknown
e527k_src + lapatinib,Resistant
e542_pik3ca + adjuvant chemotherapy,Sensitive
e542_pik3ca + alpelisib,Sensitive
e542_pik3ca + chemotherapy,Sensitive
e542_pik3ca + everolimus,Sensitive
e542_pik3ca + radiation therapy,Unrelated
e542_pik3ca + tamoxifen,Sensitive
e542_pik3ca + taselisib,Sensitive
e542k_pi3k + alpelisib,Sensitive
e542k_pi3k + fulvestrant,Unrelated
e542k_pi3k + mtor inhibitor,Unrelated
e542k_pi3kca + adjuvant chemotherapy,Unrelated
e542k_pi3kca + buparlisib,Sensitive
e542k_pi3kca + fulvestrant,Sensitive
e542k_pi3kca + lapatinib,Resistant
e542k_pi3kca + taselisib,Sensitive
e542k_pik3ca + abemaciclib,Sensitive
e542k_pik3ca + akt inhibitor mk2206,Sensitive
e542k_pik3ca + apitolisib,Sensitive
e542k_pik3ca + bevacizumab,Unknown
e542k_pik3ca + buparlisib,Unknown
e542k_pik3ca + capivasertib,Sensitive
e542k_pik3ca + carboplatin,Sensitive
e542k_pik3ca + cetuximab,Resistant
e542k_pik3ca + copanlisib,Sensitive
e542k_pik3ca + dactolisib,Unknown
e542k_pik3ca + docetaxel,Sensitive
e542k_pik3ca + elacestrant,Sensitive
e542k_pik3ca + epirubicin,Sensitive
e542k_pik3ca + folfiri regimen,Unrelated
e542k_pik3ca + folfox regimen,Unrelated
e542k_pik3ca + ivosidenib,Unrelated
e542k_pik3ca + jq1,Sensitive
e542k_pik3ca + lenvatinib,Unknown
e542k_pik3ca + metformin,Unrelated
e542k_pik3ca + neratinib,Sensitive
e542k_pik3ca + oxaliplatin,Unrelated
e542k_pik3ca + paclitaxel,Unknown
e542k_pik3ca + pazopanib,Sensitive
e542k_pik3ca + pd173074,Unknown
e542k_pik3ca + radiation ionizing radiotherapy,Unknown
e542k_pik3ca + ribociclib,Sensitive
e542k_pik3ca + ridaforolimus,Sensitive
e542k_pik3ca + rogaratinib,Resistant
e542k_pik3ca + selumetinib,Unrelated
e542k_pik3ca + taselisib,Sensitive
e542k_pik3ca + trastuzumab emtansine,Resistant
e542k_pik3ca + tyrosine kinase inhibitor,Sensitive
e542q_pik3ca + alpelisib,Unknown
e542q_pik3ca + chemotherapy,Resistant
e542q_pik3ca + trastuzumab,Sensitive
e542v_pik3ca + afatinib,Resistant
e542v_pik3ca + alpelisib,Unknown
e542v_pik3ca + everolimus,Resistant
e542v_pik3ca + fulvestrant,Resistant
e542v_pik3ca + lapatinib,Resistant
e542v_pik3ca + neratinib,Resistant
e542v_pik3ca + poziotinib,Sensitive
e542v_pik3ca + pyrotinib,Resistant
e542v_pik3ca + selumetinib,Resistant
e542v_pik3ca + trastuzumab,Resistant
e542v_pik3ca + tucatinib,Resistant
e545_pik3ca + adjuvant chemotherapy,Sensitive
e545_pik3ca + chemotherapy,Sensitive
e545_pik3ca + everolimus,Sensitive
e545_pik3ca + immunotherapy,Unknown
e545_pik3ca + palbociclib,Unknown
e545_pik3ca + radiation therapy,Unrelated
e545_pik3ca + tamoxifen,Sensitive
e545a_pik3ca + adjuvant chemotherapy,Unknown
e545a_pik3ca + apitolisib,Sensitive
e545a_pik3ca + aromatase inhibitor,Unrelated
e545a_pik3ca + bevacizumab,Resistant
e545a_pik3ca + carboplatin,Sensitive
e545a_pik3ca + doxorubicin,Resistant
e545a_pik3ca + everolimus,Resistant
e545a_pik3ca + tamoxifen,Unknown
e545a_pik3ca + temsirolimus,Resistant
e545d_pik3ca + alpelisib,Sensitive
e545d_pik3ca + aromatase inhibitor,Unrelated
e545d_pik3ca + neratinib,Sensitive
e545d_pik3ca + tamoxifen,Unknown
e545d_pik3ca + tyrosine kinase inhibitor,Sensitive
e545g_pik3ca + adjuvant chemotherapy,Unknown
e545g_pik3ca + apitolisib,Sensitive
e545g_pik3ca + carboplatin,Sensitive
e545g_pik3ca + cetuximab,Resistant
e545g_pik3ca + chemotherapy,Unrelated
e545g_pik3ca + cisplatin,Unrelated
e545g_pik3ca + folfiri regimen,Unrelated
e545g_pik3ca + immunotherapy,Resistant
e545g_pik3ca + mtor inhibitor,Unrelated
e545g_pik3ca + pictilisib,Unrelated
e545g_pik3ca + tamoxifen,Unknown
e545k_pi3k + alpelisib,Sensitive
e545k_pi3k + buparlisib,Sensitive
e545k_pi3k + fulvestrant,Unrelated
e545k_pi3k + hormone therapy,Sensitive
e545k_pi3k + mtor inhibitor,Unrelated
e545k_pi3kca + adjuvant chemotherapy,Unrelated
e545k_pi3kca + alpelisib,Sensitive
e545k_pi3kca + braf inhibitor,Resistant
e545k_pi3kca + buparlisib,Sensitive
e545k_pi3kca + cisplatin,Unknown
e545k_pi3kca + dabrafenib,Unknown
e545k_pi3kca + dabrafenib/trametinib regimen,Unknown
e545k_pi3kca + fulvestrant,Sensitive
e545k_pi3kca + lapatinib,Resistant
e545k_pi3kca + taselisib,Sensitive
e545k_pi3kca + trametinib,Unknown
e545k_pi3kca + vemurafenib,Resistant
e545k_pik3ca + a66,Sensitive
e545k_pik3ca + abiraterone,Unknown
e545k_pik3ca + akt inhibitor mk2206,Sensitive
e545k_pik3ca + alectinib,Resistant
e545k_pik3ca + apitolisib,Sensitive
e545k_pik3ca + asparaginase,Sensitive
e545k_pik3ca + capecitabine,Unknown
e545k_pik3ca + capivasertib,Sensitive
e545k_pik3ca + cetuximab,Resistant
e545k_pik3ca + copanlisib,Sensitive
e545k_pik3ca + dactolisib,Sensitive
e545k_pik3ca + dasatinib,Unrelated
e545k_pik3ca + elacestrant,Sensitive
e545k_pik3ca + enzalutamide,Unknown
e545k_pik3ca + erdafitinib,Unrelated
e545k_pik3ca + erlotinib,Sensitive
e545k_pik3ca + folfiri regimen,Unrelated
e545k_pik3ca + gefitinib,Resistant
e545k_pik3ca + gemcitabine,Unknown
e545k_pik3ca + ivosidenib,Unrelated
e545k_pik3ca + jq1,Resistant
e545k_pik3ca + nivolumab,Unknown
e545k_pik3ca + olaparib,Sensitive
e545k_pik3ca + panitumumab,Unknown
e545k_pik3ca + pembrolizumab,Sensitive
e545k_pik3ca + pemetrexed,Unknown
e545k_pik3ca + pi3k/bet inhibitor ly294002,Sensitive
e545k_pik3ca + pi3kbeta inhibitor azd8186,Sensitive
e545k_pik3ca + ponatinib,Unrelated
e545k_pik3ca + prednisone,Unrelated
e545k_pik3ca + rogaratinib,Resistant
e545k_pik3ca + sapanisertib,Unknown
e545k_pik3ca + selumetinib,Unrelated
e545k_pik3ca + sorafenib,Unrelated
e545k_pik3ca + sorafenib tosylate,Unrelated
e545k_pik3ca + sotorasib,Resistant
e545k_pik3ca + tanespimycin,Unknown
e545k_pik3ca + taselisib,Sensitive
e545k_pik3ca + temsirolimus,Sensitive
e545k_pik3ca + therapeutic tumor infiltrating lymphocytes,Sensitive
e545k_pik3ca + vismodegib,Sensitive
e545q_pik3ca + alpelisib,Sensitive
e545q_pik3ca + chemotherapy,Unrelated
e545q_pik3ca + cisplatin,Unrelated
e545q_pik3ca + mtor inhibitor,Unrelated
e545x_pik3ca + alpelisib,Sensitive
e545x_pik3ca + everolimus,Unrelated
e545x_pik3ca + fulvestrant,Sensitive
e545x_pik3ca + metformin,Unrelated
e545x_pik3ca + trastuzumab,Resistant
e565a_fgfr2 + dovitinib,Sensitive
e565a_fgfr2 + fexagratinib,Unknown
e565a_fgfr2 + folfox regimen,Unrelated
e565a_fgfr2 + futibatinib,Unknown
e565a_fgfr2 + ponatinib,Sensitive
e566a_fgfr2 + dovitinib,Resistant
e566a_fgfr2 + erdafitinib,Unknown
e566a_fgfr2 + fexagratinib,Unknown
e566a_fgfr2 + futibatinib,Unknown
e566a_fgfr2 + infigratinib,Unknown
e566a_fgfr2 + mtor inhibitor,Sensitive
e566a_fgfr2 + pd173074,Resistant
e566a_fgfr2 + sapanisertib,Unknown
e566a_fgfr2 + tyrosine kinase inhibitor,Resistant
e567r_btk + imatinib,Resistant
e571g_xpo1 + selinexor,Sensitive
e571k_xpo1 + ibrutinib,Unrelated
e571k_xpo1 + selinexor,Sensitive
e571k_xpo1 + venetoclax,Sensitive
e580k_erbb2 + afatinib,Sensitive
e580k_erbb2 + poziotinib,Sensitive
e580k_erbb2 + trastuzumab,Unknown
e580k_erbb2 + trastuzumab deruxtecan,Resistant
e580k_erbb2 + trastuzumab emtansine,Resistant
e583k_kit + temozolomide,Unknown
e622d_sf3b1 + aspirin,Unrelated
e62_tp53 + metformin,Sensitive
e632l633del_ret + everolimus,Unknown
e632l633del_ret + mtor inhibitor,Unknown
e632l633del_ret + vandetanib,Unknown
e63d_kras + cetuximab,Unrelated
e63d_kras + panitumumab,Unrelated
e63k_kras + cetuximab,Unrelated
e63k_kras + chemotherapy,Unknown
e63k_kras + panitumumab,Unrelated
e63q_kras + cetuximab,Unrelated
e63q_kras + panitumumab,Unrelated
e67k_pot1 + cyclophosphamide,Unknown
e67k_pot1 + doxorubicin,Unknown
e67k_pot1 + prednisone,Unknown
e67k_pot1 + vincristine,Unknown
e688q_egfr + gefitinib,Sensitive
e698del_erbb2 + fulvestrant,Unrelated
e698del_erbb2 + neratinib,Sensitive
e698del_erbb2 + tyrosine kinase inhibitor,Sensitive
e69k_ptpn11 + dasatinib,Unrelated
e69k_ptpn11 + erdafitinib,Unrelated
e69k_ptpn11 + everolimus,Unrelated
e69k_ptpn11 + ponatinib,Unrelated
e69k_ptpn11 + radiation ionizing radiotherapy,Unrelated
e69k_ptpn11 + radiation therapy,Unrelated
e69k_ptpn11 + trametinib,Unrelated
e6v_hbb + immunotherapy,Resistant
e709_egfr + mobocertinib,Sensitive
e709a_egfr + carboplatin,Unknown
e709a_egfr + erlotinib,Unknown
e709a_egfr + pemetrexed,Unknown
e709f_egfr + afatinib,Sensitive
e709k_egfr + cetuximab,Sensitive
e709k_egfr + cisplatin,Resistant
e709k_egfr + gefitinib,Resistant
e709k_egfr + panitumumab,Sensitive
e709k_egfr + radiation ionizing radiotherapy,Sensitive
e709k_egfr + radiation therapy,Sensitive
e709t710delinsd_egfr + chemotherapy,Sensitive
e709t710delinsd_egfr + gefitinib,Resistant
e709t710delinsd_egfr + tyrosine kinase inhibitor,Unknown
e716a750del_egfr + gefitinib,Sensitive
e726_pik3ca + alpelisib,Sensitive
e726_pik3ca + fulvestrant,Unrelated
e726_pik3ca + taselisib,Sensitive
e726k_pik3ca + apitolisib,Sensitive
e726k_pik3ca + carboplatin,Sensitive
e726k_pik3ca + chemotherapy,Unrelated
e726k_pik3ca + cisplatin,Unrelated
e726k_pik3ca + exemestane,Resistant
e726k_pik3ca + hormone therapy,Resistant
e726k_pik3ca + immunotherapy,Sensitive
e726k_pik3ca + letrozole,Resistant
e726k_pik3ca + mtor inhibitor,Unrelated
e726k_pik3ca + palbociclib,Unknown
e732k_ret + lenvatinib,Resistant
e732k_ret + nintedanib,Sensitive
e732k_ret + ponatinib,Unknown
e732k_ret + pralsetinib,Resistant
e732k_ret + selpercatinib,Unknown
e732k_ret + vandetanib,Resistant
e745k_ezh2 + chemotherapy,Unrelated
e745k_ezh2 + hematopoietic cell transplantation,Sensitive
e745k_ezh2 + radiation ionizing radiotherapy,Unrelated
e745k_ezh2 + radiation therapy,Unrelated
e746750del_egfr + amivantamab,Sensitive
e746750del_egfr + lazertinib,Unknown
e746750del_egfr + osimertinib,Resistant
e746750del_egfr + radiation therapy,Diagnostic
e746a750_egfr + adjuvant chemotherapy,Unknown
e746a750_egfr + lapatinib,Resistant
e746a750_egfr + osimertinib,Sensitive
e746a750_egfr + tyrosine kinase inhibitor,Sensitive
e746a750del_egfr + adjuvant chemotherapy,Sensitive
e746a750del_egfr + egfr tyrosine kinase inhibitor therapy,Sensitive
e746a750del_egfr + etoposide,Sensitive
e746a750del_egfr + immunotherapy,Unrelated
e746a750del_egfr + pemetrexed,Unrelated
e746a750del_egfr + radiation ionizing radiotherapy,Unrelated
e746a750del_egfr + radiation therapy,Unrelated
e746a750del_egfr + rociletinib,Resistant
e746a750del_egfr + tegafur,Resistant
e746a750delinsip_egfr + icotinib,Sensitive
e746a750delinsip_egfr + osimertinib,Resistant
e746s752delinsa_egfr + gefitinib,Sensitive
e746s752delinsv_egfr + chemotherapy,Unrelated
e746s752delinsv_egfr + osimertinib,Sensitive
e746s752delinsv_egfr + tyrosine kinase inhibitor,Unknown
e746v_egfr + immune checkpoint inhibitor,Diagnostic
e746v_egfr + immunotherapy,Diagnostic
e762k_pik3ca + apitolisib,Sensitive
e762k_pik3ca + carboplatin,Sensitive
e768d_ret + aspirin,Unrelated
e768d_ret + vandetanib,Unknown
e76a_ptpn11 + copanlisib,Sensitive
e76k_ptpn11 + chemotherapy,Unknown
e76k_ptpn11 + radiation ionizing radiotherapy,Unknown
e76k_ptpn11 + radiation therapy,Unknown
e773d_mtor + everolimus,Unknown
e773d_mtor + mtor inhibitor,Unknown
e773d_mtor + temsirolimus,Unknown
e79k_nfe2l2 + cisplatin,Unknown
e79q_nfe2l2 + alpelisib,Unrelated
e79q_nfe2l2 + mtor inhibitor,Unrelated
e79q_nrf2 + radiation ionizing radiotherapy,Resistant
e79q_nrf2 + radiation therapy,Resistant
e79q_nrf2 + tamoxifen,Unrelated
e803q_alk + alectinib,Resistant
e803q_alk + ceritinib,Resistant
e803q_alk + ensartinib,Resistant
e805q_ret + selpercatinib,Resistant
e81k_pi3kca + chemotherapy,Unknown
e81k_pik3ca + apitolisib,Sensitive
e81k_pik3ca + carboplatin,Sensitive
e82d_nfe2l2 + alpelisib,Unrelated
e82d_nfe2l2 + mtor inhibitor,Unrelated
e837a_ar + enzalutamide,Resistant
e866e_egfr + gefitinib,Sensitive
e872k_erbb4 + afatinib,Sensitive
e872q_egfr + gefitinib,Sensitive
e873f879del_ar + chemotherapy,Unknown
e873f879del_ar + hormone therapy,Unknown
e88q_pik3ca + adjuvant chemotherapy,Unrelated
e88q_pik3ca + chemotherapy,Unrelated
e88q_pik3ca + folfox regimen,Unrelated
e88q_pik3ca + oxaliplatin,Unrelated
e8g_ndufb3 + doxorubicin,Resistant
e8g_ndufb3 + ruxolitinib,Resistant
e902k_sf3b1 + chemotherapy,Sensitive
e902k_sf3b1 + cisplatin,Sensitive
e928g_erbb3 + alpelisib,Sensitive
e928g_erbb3 + aromatase inhibitor,Unrelated
e928g_erbb3 + chemotherapy,Resistant
e928g_erbb3 + everolimus,Unrelated
e928g_erbb3 + hormone therapy,Unknown
e928g_erbb3 + letrozole,Unrelated
e928g_erbb3 + palbociclib,Unrelated
e928g_erbb3 + trastuzumab emtansine,Unrelated
e928g_erbb3 + tucatinib,Unknown
e945_tsc1 + chemotherapy,Unknown
e948q_top2a + chemotherapy,Unknown
e948q_top2a + radiation therapy,Unknown
e960d_trpm2 + doxorubicin,Resistant
e970k_pik3ca + apitolisib,Sensitive
e970k_pik3ca + carboplatin,Sensitive
elrea_egfr + gdc-0879,Sensitive
elrea_egfr + lapatinib,Resistant
elrea_egfr + vemurafenib,Resistant
eml4alk_alk + afatinib,Unknown
eml4alk_alk + alectinib,Sensitive
eml4alk_alk + ensartinib,Resistant
eml4alk_alk + gefitinib,Sensitive
eml4alk_alk + immune checkpoint inhibitor,Resistant
eml4alk_alk + lorlatinib,Sensitive
eml4alk_alk + osimertinib,Unknown
erd538g_esr1 + fulvestrant,Sensitive
ery537s_esr1 + fulvestrant,Sensitive
ex14_met + capmatinib,Resistant
ex14_met + crizotinib,Sensitive
ex14_met + osimertinib,Resistant
ex14_met + panitumumab,Resistant
ex14_met + selpercatinib,Unrelated
ex14_met + sotorasib,Resistant
ex14_met + trametinib,Sensitive
ex14del_met + osimertinib,Resistant
ex14del_met + tepotinib,Sensitive
ex19indel_egfr + afatinib,Sensitive
ex19indel_egfr + gefitinib,Sensitive
ex19indel_egfr + osimertinib,Sensitive
exon19del_brca1 + adjuvant chemotherapy,Unrelated
exon19del_brca1 + chemotherapy,Unknown
exon19del_brca1 + hormone therapy,Unrelated
exon19del_brca1 + radiation therapy,Unrelated
exon19del_egfr + atezolizumab,Resistant
exon19del_egfr + braf inhibitor,Unrelated
exon19del_egfr + c-met inhibitor,Sensitive
exon19del_egfr + canertinib,Sensitive
exon19del_egfr + capmatinib,Unrelated
exon19del_egfr + dabrafenib,Unrelated
exon19del_egfr + dabrafenib/trametinib regimen,Unrelated
exon19del_egfr + durvalumab,Unrelated
exon19del_egfr + epidermal growth factor receptor tyrosine kinase inhibitor,Sensitive
exon19del_egfr + epirubicin,Unrelated
exon19del_egfr + etoposide,Sensitive
exon19del_egfr + ibrutinib,Unrelated
exon19del_egfr + linsitinib,Sensitive
exon19del_egfr + mobocertinib,Unknown
exon19del_egfr + neratinib,Sensitive
exon19del_egfr + paclitaxel,Unrelated
exon19del_egfr + panitumumab,Unknown
exon19del_egfr + rociletinib,Sensitive
exon19del_egfr + savolitinib,Sensitive
exon19del_egfr + selpercatinib,Unrelated
exon19del_egfr + tak-788,Unknown
exon19del_egfr + tepotinib,Unknown
exon19del_egfr + vemurafenib,Unrelated
exon19del_egfr + wz4002,Sensitive
exon20ins_egfr + afatinib,Resistant
exon20ins_egfr + amivantamab,Unknown
exon20ins_egfr + chemotherapy,Unrelated
exon20ins_egfr + erlotinib,Resistant
exon20ins_egfr + gefitinib,Resistant
exon20ins_egfr + lazertinib,Resistant
f1003i_erbb4 + neratinib,Sensitive
f1003i_erbb4 + tyrosine kinase inhibitor,Sensitive
f102c_spop + bicalutamide,Sensitive
f102c_spop + leuprolide,Sensitive
f102v_spop + bicalutamide,Sensitive
f102v_spop + leuprolide,Sensitive
f1040fs_msh6 + bevacizumab,Unknown
f1040fs_msh6 + folfiri regimen,Unknown
f1040fs_msh6 + folfox regimen,Unknown
f104l_bcl + venetoclax,Resistant
f1088fs_msh6 + immunotherapy,Unknown
f1088fs_msh6 + pembrolizumab,Unknown
f1174c_alk + brigatinib,Resistant
f1174c_alk + ceritinib,Resistant
f1174c_alk + ensartinib,Resistant
f1174c_alk + lorlatinib,Resistant
f1174i_alk + alectinib,Unknown
f1174i_alk + alk inhibitor asp3026,Resistant
f1174i_alk + brigatinib,Unknown
f1174i_alk + ceritinib,Unknown
f1174i_alk + crizotinib,Unknown
f1174l_alk + azd3463,Sensitive
f1174l_alk + binimetinib,Sensitive
f1174l_alk + cabozantinib,Unknown
f1174l_alk + cdk4/6 inhibition,Sensitive
f1174l_alk + doxorubicin,Unrelated
f1174l_alk + hematopoietic cell transplantation,Unrelated
f1174l_alk + jq1,Sensitive
f1174l_alk + mtor inhibitor,Sensitive
f1174l_alk + radiation ionizing radiotherapy,Unrelated
f1174l_alk + radiation therapy,Unrelated
f1174l_alk + ribociclib,Sensitive
f1174l_alk + sorafenib,Unknown
f1174l_alk + sorafenib tosylate,Unknown
f1174l_alk + tamoxifen,Unrelated
f1174l_alk + topotecan,Sensitive
f1174l_alk + vandetanib,Sensitive
f1174v_alk + ceritinib,Resistant
f1174v_alk + ensartinib,Resistant
f1174v_alk + tyrosine kinase inhibitor,Resistant
f1174x_alk + alectinib,Sensitive
f1174x_alk + tyrosine kinase inhibitor,Sensitive
f1178l_alk + crizotinib,Unknown
f1178l_alk + vandetanib,Sensitive
f1178s_alk + lorlatinib,Sensitive
f1245_alk + alectinib,Unknown
f1245_alk + alk inhibitor tae684,Unknown
f1245_alk + ceritinib,Sensitive
f1245_alk + crizotinib,Unknown
f1245_alk + lorlatinib,Unknown
f1245c_alk + alectinib,Sensitive
f1245c_alk + cdk4/6 inhibition,Sensitive
f1245c_alk + ceritinib,Sensitive
f1245c_alk + crizotinib,Resistant
f1245c_alk + ribociclib,Sensitive
f1245c_alk + tyrosine kinase inhibitor,Sensitive
f1245i_alk + lorlatinib,Sensitive
f1245l_alk + crizotinib,Resistant
f1245v_alk + alectinib,Unknown
f1245v_alk + ceritinib,Unknown
f1245v_alk + crizotinib,Resistant
f1245v_alk + lorlatinib,Unknown
f133l_spop + bicalutamide,Sensitive
f133l_spop + leuprolide,Sensitive
f133v_spop + bet inhibitor,Resistant
f133v_spop + bicalutamide,Sensitive
f133v_spop + jq1,Resistant
f133v_spop + leuprolide,Sensitive
f133v_spop + radiation ionizing radiotherapy,Sensitive
f133v_spop + radiation therapy,Sensitive
f134s_tp53 + chemotherapy,Unknown
f134s_tp53 + immunotherapy,Unknown
f158v_fcgr3a + cetuximab,Unrelated
f158v_fcgr3a + chemotherapy,Unknown
f1849v_pole + immunotherapy,Sensitive
f187g_twist1 + radiation ionizing radiotherapy,Sensitive
f187g_twist1 + radiation therapy,Sensitive
f18e_tlx3 + tamoxifen,Unknown
f191g_twist1 + radiation ionizing radiotherapy,Sensitive
f191g_twist1 + radiation therapy,Sensitive
f2004c_ros1 + crizotinib,Resistant
f2004c_ros1 + entrectinib,Resistant
f2004c_ros1 + lorlatinib,Unrelated
f2004i_ros1 + crizotinib,Resistant
f2004i_ros1 + entrectinib,Resistant
f2004i_ros1 + lorlatinib,Unrelated
f2004v_ros1 + crizotinib,Resistant
f2004v_ros1 + entrectinib,Resistant
f2004v_ros1 + lorlatinib,Unrelated
f2108l_mtor + everolimus,Resistant
f2108l_mtor + mtor inhibitor,Sensitive
f2108l_mtor + sirolimus,Resistant
f210_tp53 + metformin,Unknown
f2184l_mtor + mtor inhibitor,Unknown
f270c_tp53 + navtemadlin,Unrelated
f270c_tp53 + radiation ionizing radiotherapy,Unknown
f270c_tp53 + radiation therapy,Resistant
f276c_fgfr2 + pemigatinib,Sensitive
f2801fs_brca2 + alectinib,Unknown
f2801fs_brca2 + ceritinib,Unknown
f2801fs_brca2 + chemotherapy,Unrelated
f2801fs_brca2 + lorlatinib,Unknown
f2801fs_brca2 + olaparib,Sensitive
f341v_pten + chemotherapy,Unknown
f341v_pten + radiation ionizing radiotherapy,Unrelated
f341v_pten + radiation therapy,Unrelated
f341v_pten + trametinib,Unknown
f354l_stk11 + chemotherapy,Unrelated
f354l_stk11 + hematopoietic cell transplantation,Unrelated
f354l_stk11 + immunotherapy,Unrelated
f354l_stk11 + radiation ionizing radiotherapy,Unrelated
f354l_stk11 + radiation therapy,Unrelated
f354l_stk11 + tretinoin,Unrelated
f367s_pole + pembrolizumab,Sensitive
f39v_havcr2 + immunotherapy,Sensitive
f404i_esr1 + fulvestrant,Resistant
f404i_esr1 + hormone therapy,Unknown
f404l_esr1 + elacestrant,Resistant
f404l_esr1 + hormone therapy,Unknown
f404l_esr1 + tamoxifen,Sensitive
f404v_esr1 + fulvestrant,Resistant
f404v_esr1 + hormone therapy,Unknown
f435l_esr1 + hormone therapy,Resistant
f435l_esr1 + tamoxifen,Resistant
f437fs5_pten + alectinib,Resistant
f437fs5_pten + osimertinib,Resistant
f461i_esr1 + abemaciclib,Unknown
f461i_esr1 + adjuvant chemotherapy,Unknown
f461i_esr1 + exemestane,Unknown
f461i_esr1 + letrozole,Unknown
f461i_esr1 + palbociclib,Unknown
f461i_esr1 + ribociclib,Unknown
f53l_map2k1 + alpelisib,Unrelated
f53l_map2k1 + everolimus,Unrelated
f53l_map2k1 + immunotherapy,Unrelated
f53l_map2k1 + ivosidenib,Unrelated
f53l_map2k1 + mtor inhibitor,Unrelated
f53l_map2k1 + selumetinib,Unrelated
f53l_map2k1 + trametinib,Sensitive
f53q58delinsl_map2k1 + capivasertib,Unrelated
f53q58delinsl_map2k1 + everolimus,Unrelated
f53q58delinsl_map2k1 + mtor inhibitor,Unrelated
f53q58delinsl_map2k1 + trametinib,Sensitive
f57l_map2k2 + bevacizumab,Unrelated
f57l_map2k2 + chemotherapy,Unrelated
f57l_map2k2 + ctla-4 inhibitor,Unrelated
f57l_map2k2 + immunotherapy,Unrelated
f57l_map2k2 + ipilimumab,Unrelated
f57l_map2k2 + nivolumab,Unrelated
f57l_map2k2 + radiation ionizing radiotherapy,Unrelated
f57l_map2k2 + radiation therapy,Unrelated
f57l_map2k2 + trametinib,Unrelated
f589_ntrk1 + entrectinib,Sensitive
f589_ntrk1 + larotrectinib,Resistant
f589_ntrk1 + trk inhibitor,Resistant
f589l_trka + entrectinib,Resistant
f589l_trka + larotrectinib,Resistant
f589l_trka + repotrectinib,Sensitive
f589l_trka + selitrectinib,Unknown
f589l_trka + trk inhibitor,Resistant
f595c_erbb2 + afatinib,Sensitive
f595c_erbb2 + poziotinib,Sensitive
f595c_erbb2 + trastuzumab,Unknown
f595c_erbb2 + trastuzumab deruxtecan,Resistant
f595c_erbb2 + trastuzumab emtansine,Resistant
f595s_erbb2 + afatinib,Sensitive
f595s_erbb2 + poziotinib,Sensitive
f595s_erbb2 + trastuzumab,Unknown
f595s_erbb2 + trastuzumab deruxtecan,Resistant
f595s_erbb2 + trastuzumab emtansine,Resistant
f617i_trkc + entrectinib,Resistant
f617i_trkc + larotrectinib,Resistant
f617i_trkc + repotrectinib,Sensitive
f617i_trkc + selitrectinib,Unknown
f617i_trkc + trk inhibitor,Resistant
f673e_ar + enzalutamide,Resistant
f689fs_kit + chemotherapy,Unknown
f689fs_kit + radiation therapy,Unknown
f691_flt3 + cabozantinib,Sensitive
f691_flt3 + palbociclib,Unknown
f691_flt3 + quizartinib,Resistant
f691_flt3 + sorafenib,Resistant
f691_flt3 + sorafenib tosylate,Resistant
f691_flt3 + tyrosine kinase inhibitor,Sensitive
f691i_flt3 + gilteritinib,Resistant
f691i_flt3 + quizartinib,Resistant
f691i_flt3 + sorafenib,Resistant
f691i_flt3 + sorafenib tosylate,Resistant
f691l_flt3 + crenolanib,Unknown
f691l_flt3 + dovitinib,Unknown
f691l_flt3 + flt3 tyrosine kinase inhibitor ttt-3002,Sensitive
f691l_flt3 + ibrutinib,Unrelated
f691l_flt3 + jq-1,Unrelated
f691l_flt3 + talazoparib,Sensitive
f695c_erbb2 + afatinib,Sensitive
f695c_erbb2 + poziotinib,Sensitive
f695c_erbb2 + trastuzumab,Unknown
f695c_erbb2 + trastuzumab deruxtecan,Resistant
f695c_erbb2 + trastuzumab emtansine,Resistant
f695s_erbb2 + afatinib,Sensitive
f695s_erbb2 + poziotinib,Sensitive
f695s_erbb2 + trastuzumab,Unknown
f695s_erbb2 + trastuzumab deruxtecan,Resistant
f695s_erbb2 + trastuzumab emtansine,Resistant
f75y_gna11 + radiation ionizing radiotherapy,Unrelated
f75y_gna11 + radiation therapy,Unrelated
f763l_atm + radiation therapy,Unrelated
f763l_atm + talazoparib,Sensitive
f786l_ar + bicalutamide,Unknown
f786l_ar + enzalutamide,Resistant
f858l_atm + etoposide,Unknown
f858l_atm + radiation therapy,Unknown
f876l_ar + abiraterone acetate,Unknown
f876l_ar + angiogenesis inhibitor,Sensitive
f876l_ar + cdk4/6 inhibition,Sensitive
f876l_ar + chemotherapy,Unrelated
f876l_ar + galeterone,Sensitive
f876l_ar + leuprolide,Unrelated
f876l_ar + nilutamide,Unknown
f876l_ar + prednisone,Unrelated
f876l_ar + tamoxifen,Unrelated
f876l_ar + therapeutic glucocorticoid,Unrelated
f876lt877a_ar + abiraterone,Unknown
f876lt877a_ar + bicalutamide,Unknown
f876lt877a_ar + flutamide,Unknown
f877l_ar + abiraterone acetate,Unknown
f877l_ar + bet inhibitor,Sensitive
f877l_ar + cyproterone acetate,Resistant
f877l_ar + dexamethasone,Resistant
f877l_ar + docetaxel,Unrelated
f877l_ar + jq-1,Sensitive
f877l_ar + lenalidomide,Unrelated
f877l_ar + leuprolide,Unrelated
f877l_ar + prednisone,Unrelated
f877l_ar + radiation therapy,Unrelated
f877l_ar + therapeutic glucocorticoid,Resistant
f88fs_ptch1 + radiation ionizing radiotherapy,Unrelated
f88fs_ptch1 + radiation therapy,Unrelated
f90fs9_pten + carboplatin,Unrelated
f90fs9_pten + chemotherapy,Unrelated
f90fs9_pten + niraparib,Sensitive
f90fs9_pten + olaparib,Sensitive
f90fs9_pten + rucaparib,Sensitive
f90fs9_pten + talazoparib,Sensitive
f90fs9_pten + veliparib,Sensitive
f930s_pik3ca + cetuximab,Resistant
f94l_erbb3 + hormone therapy,Unrelated
f94l_erbb3 + tucatinib,Unknown
f94l_erbb3 + tyrosine kinase inhibitor,Unknown
f977y_pik3ca + adjuvant chemotherapy,Unknown
f977y_pik3ca + radiation therapy,Unknown
f998v_ret + cabozantinib,Resistant
f998v_ret + lenvatinib,Resistant
f998v_ret + nintedanib,Sensitive
f998v_ret + vandetanib,Resistant
fl_tp53 + gemcitabine,Unknown
fl_tp53 + paclitaxel,Unknown
g1007r_pik3ca + bevacizumab,Sensitive
g1007r_pik3ca + doxorubicin,Sensitive
g1007r_pik3ca + everolimus,Sensitive
g1007r_pik3ca + mtor inhibitor,Sensitive
g1007r_pik3ca + radiation ionizing radiotherapy,Unknown
g1007r_pik3ca + radiation therapy,Unknown
g1007r_pik3ca + sirolimus,Sensitive
g1007r_pik3ca + temsirolimus,Sensitive
g101v_bcl + venetoclax,Resistant
g101v_bcl2 + cytarabine,Unrelated
g101v_bcl2 + decitabine,Unrelated
g101v_bcl2 + idarubicin,Unrelated
g101v_bcl2 + venetoclax,Resistant
g102a_cox2 + chemotherapy,Unknown
g1031d_fam123b + everolimus,Unknown
g1031d_fam123b + radiation ionizing radiotherapy,Unknown
g1031d_fam123b + radiation therapy,Unknown
g1049r_pik3ca + apitolisib,Sensitive
g1049r_pik3ca + buparlisib,Unknown
g1049r_pik3ca + carboplatin,Sensitive
g1049r_pik3ca + doxorubicin,Resistant
g105g_idh1 + chemotherapy,Unknown
g106108del_pik3ca + alpelisib,Sensitive
g106108del_pik3ca + fulvestrant,Unrelated
g106c_pik3ca + chemotherapy,Unknown
g106c_pik3ca + radiation therapy,Unknown
g106r_pik3ca + adjuvant chemotherapy,Resistant
g106r_pik3ca + apitolisib,Sensitive
g106r_pik3ca + capivasertib,Unknown
g106r_pik3ca + carboplatin,Sensitive
g106r_pik3ca + chemotherapy,Resistant
g106r_pik3ca + cyclophosphamide,Resistant
g106r_pik3ca + docetaxel,Resistant
g106r_pik3ca + doxorubicin,Resistant
g106r_pik3ca + gemcitabine,Resistant
g106r_pik3ca + neratinib,Unrelated
g106r_pik3ca + paclitaxel,Resistant
g106r_pik3ca + tamoxifen,Resistant
g106v_pik3ca + alpelisib,Unknown
g1097d_jak1 + ruxolitinib,Sensitive
g1105fs3_msh6 + chemotherapy,Unrelated
g1108c_met + crizotinib,Resistant
g1108c_met + erlotinib,Unrelated
g1108c_met + gefitinib,Unrelated
g1108c_met + nedaplatin,Unrelated
g1108c_met + pemetrexed,Unrelated
g1121d_alk + afatinib,Unknown
g1123s_alk + crizotinib,Resistant
g1128a_alk + crizotinib,Resistant
g1128s_alk + alectinib,Unknown
g1128s_alk + alk inhibitor asp3026,Resistant
g1128s_alk + brigatinib,Unknown
g1128s_alk + ceritinib,Unknown
g1128s_alk + crizotinib,Unknown
g112fs_tp53 + radiation ionizing radiotherapy,Unrelated
g112fs_tp53 + radiation therapy,Unrelated
g1184e_alk + chemotherapy,Unrelated
g1202k_alk + adjuvant chemotherapy,Unrelated
g1202k_alk + alectinib,Resistant
g1202k_alk + bevacizumab,Unrelated
g1202k_alk + chemotherapy,Unrelated
g1202k_alk + cisplatin,Unrelated
g1202k_alk + crizotinib,Unrelated
g1202k_alk + docetaxel,Unrelated
g1202k_alk + lorlatinib,Sensitive
g1202k_alk + pemetrexed,Unrelated
g1202k_alk + radiation ionizing radiotherapy,Unrelated
g1202k_alk + radiation therapy,Unrelated
g1202r_alk + alk inhibitor asp3026,Resistant
g1202r_alk + chemotherapy,Unrelated
g1202r_alk + immunotherapy,Unknown
g1202r_alk + osimertinib,Unrelated
g1202r_alk + radiation therapy,Unrelated
g1202r_eml4alk + crizotinib,Resistant
g1220c_erbb2 + adjuvant chemotherapy,Unrelated
g1220c_erbb2 + buparlisib,Unrelated
g1220c_erbb2 + fulvestrant,Unrelated
g1220c_erbb2 + lapatinib,Sensitive
g1220c_erbb2 + taselisib,Unrelated
g1269a_alk + alk inhibitor asp3026,Sensitive
g1269a_alk + chemotherapy,Unrelated
g1269a_alk + erlotinib,Unrelated
g1269a_alk + immunotherapy,Unknown
g1269a_alk + tyrosine kinase inhibitor,Resistant
g129e_pten + vemurafenib,Sensitive
g129r_pten + vemurafenib,Unrelated
g12_kras + binimetinib,Resistant
g12_kras + braf inhibitor,Resistant
g12_kras + buparlisib,Unrelated
g12_kras + cetuximab,Resistant
g12_kras + gemcitabine,Unrelated
g12_kras + immunotherapy,Sensitive
g12_kras + mrna vaccine,Sensitive
g12_kras + refametinib,Resistant
g12_kras + selumetinib,Resistant
g12_kras + sotorasib,Resistant
g12_kras + vemurafenib,Resistant
g12_nras + immunotherapy,Unknown
g12_nras + lonafarnib,Unrelated
g12_nras + tipifarnib,Unrelated
g12_nras + tunlametinib,Sensitive
g12a_kras + 7-ethyl-10-hydroxycamptothecin,Unknown
g12a_kras + afatinib,Sensitive
g12a_kras + anti-egfr monoclonal antibody,Resistant
g12a_kras + atezolizumab,Unknown
g12a_kras + cisplatin,Unknown
g12a_kras + ctla-4 inhibitor,Unknown
g12a_kras + cytoreductive surgery,Unrelated
g12a_kras + dabrafenib,Resistant
g12a_kras + dabrafenib/trametinib regimen,Resistant
g12a_kras + exemestane,Resistant
g12a_kras + fluorouracil,Unknown
g12a_kras + gefitinib,Sensitive
g12a_kras + gemcitabine,Unknown
g12a_kras + hormone therapy,Resistant
g12a_kras + hyperthermic intraperitoneal chemotherapy,Unrelated
g12a_kras + immune checkpoint inhibitor,Sensitive
g12a_kras + immunomodulatory oligonucleotide,Unrelated
g12a_kras + letrozole,Resistant
g12a_kras + metformin,Sensitive
g12a_kras + refametinib,Sensitive
g12a_kras + sorafenib,Sensitive
g12a_kras + sorafenib tosylate,Sensitive
g12a_kras + trametinib,Resistant
g12a_kras + tyrosine kinase inhibitor,Resistant
g12a_ras + bevacizumab,Unknown
g12a_ras + chemotherapy,Unknown
g12a_ras + irinotecan,Unknown
g12a_ras + oxaliplatin,Unknown
g12c_hras + adagrasib,Unknown
g12c_hras + ars-1620,Sensitive
g12c_hras + sotorasib,Unknown
g12c_hras + tipifarnib,Sensitive
g12c_kras + 7-ethyl-10-hydroxycamptothecin,Unknown
g12c_kras + abemaciclib,Sensitive
g12c_kras + akt inhibitor mk2206,Unknown
g12c_kras + alectinib,Unrelated
g12c_kras + amivantamab,Unknown
g12c_kras + anti-pd1 monoclonal antibody,Sensitive
g12c_kras + ars-853,Sensitive
g12c_kras + azacitidine,Sensitive
g12c_kras + azd-4547,Sensitive
g12c_kras + belinostat,Sensitive
g12c_kras + bortezomib,Unrelated
g12c_kras + bosutinib,Sensitive
g12c_kras + brigatinib,Unrelated
g12c_kras + buparlisib,Sensitive
g12c_kras + cabozantinib,Unknown
g12c_kras + capmatinib,Unrelated
g12c_kras + carboplatin,Unknown
g12c_kras + carboplatin/paclitaxel regimen,Sensitive
g12c_kras + copanlisib,Sensitive
g12c_kras + cyproterone acetate,Unrelated
g12c_kras + cytoreductive surgery,Unrelated
g12c_kras + dactolisib,Sensitive
g12c_kras + dasatinib,Sensitive
g12c_kras + dexamethasone,Unrelated
g12c_kras + durvalumab,Unknown
g12c_kras + entrectinib,Unrelated
g12c_kras + ezh2 inhibitor,Sensitive
g12c_kras + fasudil,Sensitive
g12c_kras + fexagratinib,Unknown
g12c_kras + fulvestrant,Unrelated
g12c_kras + futibatinib,Unrelated
g12c_kras + hyperthermic intraperitoneal chemotherapy,Unrelated
g12c_kras + ibrutinib,Unrelated
g12c_kras + icotinib,Unknown
g12c_kras + imatinib,Unrelated
g12c_kras + immunomodulatory oligonucleotide,Unrelated
g12c_kras + infigratinib,Unrelated
g12c_kras + ipatasertib,Unrelated
g12c_kras + ipilimumab,Sensitive
g12c_kras + ivosidenib,Unrelated
g12c_kras + larotrectinib,Unrelated
g12c_kras + leucovorin,Sensitive
g12c_kras + linsitinib,Unknown
g12c_kras + lonafarnib,Unrelated
g12c_kras + lorlatinib,Unrelated
g12c_kras + midostaurin,Sensitive
g12c_kras + mrna vaccine,Sensitive
g12c_kras + mtor inhibitor,Sensitive
g12c_kras + olaparib,Unknown
g12c_kras + palbociclib,Sensitive
g12c_kras + pan-raf inhibitor ly3009120,Sensitive
g12c_kras + panobinostat,Sensitive
g12c_kras + pd98059,Sensitive
g12c_kras + ramucirumab,Sensitive
g12c_kras + refametinib,Sensitive
g12c_kras + regorafenib,Resistant
g12c_kras + repotrectinib,Sensitive
g12c_kras + savolitinib,Unrelated
g12c_kras + sch772984,Sensitive
g12c_kras + selinexor,Sensitive
g12c_kras + selpercatinib,Unrelated
g12c_kras + sorafenib,Sensitive
g12c_kras + sorafenib tosylate,Sensitive
g12c_kras + sunitinib,Resistant
g12c_kras + tamoxifen,Unrelated
g12c_kras + temozolomide,Resistant
g12c_kras + tepotinib,Unrelated
g12c_kras + therapeutic tumor infiltrating lymphocytes,Sensitive
g12c_kras + trastuzumab deruxtecan,Unrelated
g12c_kras + vismodegib,Sensitive
g12c_kras + vociprotafib,Unknown
g12c_nras + adagrasib,Unknown
g12c_nras + anti-egfr monoclonal antibody,Resistant
g12c_nras + ars-1620,Sensitive
g12c_nras + futibatinib,Resistant
g12c_nras + immune checkpoint inhibitor,Unknown
g12c_nras + immunotherapy,Unknown
g12c_nras + sotorasib,Unknown
g12c_ras + rmc-4550,Sensitive
g12c_ras + sotorasib,Sensitive
g12ci_kras + cetuximab,Resistant
g12ci_kras + ribociclib,Sensitive
g12d_hras + adjuvant chemotherapy,Unrelated
g12d_hras + carboplatin,Unrelated
g12d_hras + chemotherapy,Unrelated
g12d_hras + cisplatin,Unrelated
g12d_hras + gemcitabine,Unrelated
g12d_hras + immunotherapy,Unrelated
g12d_hras + radiation ionizing radiotherapy,Unrelated
g12d_hras + radiation therapy,Unrelated
g12d_kras + 7-ethyl-10-hydroxycamptothecin,Unknown
g12d_kras + a66,Unrelated
g12d_kras + afimoxifene,Unknown
g12d_kras + akt inhibitor mk2206,Sensitive
g12d_kras + alisertib,Sensitive
g12d_kras + anti-egfr monoclonal antibody,Resistant
g12d_kras + anti-pd1 monoclonal antibody,Sensitive
g12d_kras + arsenic trioxide,Sensitive
g12d_kras + aspirin,Unknown
g12d_kras + azacitidine,Unrelated
g12d_kras + azathioprine,Sensitive
g12d_kras + bet inhibitor,Sensitive
g12d_kras + cdk4/6 inhibition,Unrelated
g12d_kras + cetuximab/encorafenib regimen,Unknown
g12d_kras + copanlisib,Sensitive
g12d_kras + cyproterone acetate,Unrelated
g12d_kras + cytarabine,Unknown
g12d_kras + cytoreductive surgery,Unrelated
g12d_kras + dabrafenib/trametinib regimen,Unknown
g12d_kras + dasatinib,Sensitive
g12d_kras + dexamethasone,Resistant
g12d_kras + dordaviprone,Unknown
g12d_kras + entrectinib,Resistant
g12d_kras + enzalutamide,Unrelated
g12d_kras + erdafitinib,Resistant
g12d_kras + exemestane,Resistant
g12d_kras + ezh2 inhibitor,Sensitive
g12d_kras + fasudil,Sensitive
g12d_kras + foretinib,Sensitive
g12d_kras + futibatinib,Resistant
g12d_kras + gefitinib,Resistant
g12d_kras + gsk126,Unrelated
g12d_kras + hydroxychloroquine,Sensitive
g12d_kras + hyperthermic intraperitoneal chemotherapy,Unrelated
g12d_kras + ibrutinib,Unrelated
g12d_kras + icotinib,Resistant
g12d_kras + idarubicin,Unknown
g12d_kras + immune checkpoint inhibitor,Sensitive
g12d_kras + ipilimumab,Sensitive
g12d_kras + jak2 inhibitor azd1480,Unrelated
g12d_kras + jq1,Sensitive
g12d_kras + lapatinib,Resistant
g12d_kras + larotrectinib,Resistant
g12d_kras + lenvatinib,Resistant
g12d_kras + letrozole,Resistant
g12d_kras + leucovorin,Unrelated
g12d_kras + linsitinib,Unknown
g12d_kras + mirdametinib,Sensitive
g12d_kras + mrna vaccine,Sensitive
g12d_kras + nedaplatin,Unrelated
g12d_kras + niacinamide,Unrelated
g12d_kras + nintedanib,Sensitive
g12d_kras + niraparib,Unrelated
g12d_kras + omipalisib,Sensitive
g12d_kras + pd1 inhibitor,Resistant
g12d_kras + pd98059,Sensitive
g12d_kras + pembrolizumab,Sensitive
g12d_kras + rebemadlin,Unknown
g12d_kras + sch772984,Sensitive
g12d_kras + selinexor,Sensitive
g12d_kras + sunitinib,Resistant
g12d_kras + taxol,Sensitive
g12d_kras + therapeutic glucocorticoid,Resistant
g12d_kras + trichostatin a,Sensitive
g12d_kras + tyrosine kinase inhibitor,Resistant
g12d_kras + uo126,Sensitive
g12d_kras + valproic acid,Sensitive
g12d_kras + vandetanib,Sensitive
g12d_kras + veliparib,Unknown
g12d_kras + vemurafenib,Resistant
g12d_kras + vincristine,Unknown
g12d_kras + vistusertib,Unknown
g12d_kras4b + gefitinib,Unknown
g12d_nras + adjuvant chemotherapy,Unrelated
g12d_nras + afatinib,Unrelated
g12d_nras + anti-egfr monoclonal antibody,Resistant
g12d_nras + arsenic trioxide,Sensitive
g12d_nras + azacitidine,Unknown
g12d_nras + cetuximab,Sensitive
g12d_nras + cisplatin,Resistant
g12d_nras + cytarabine,Sensitive
g12d_nras + doxorubicin,Sensitive
g12d_nras + everolimus,Unknown
g12d_nras + futibatinib,Resistant
g12d_nras + gefitinib,Resistant
g12d_nras + irinotecan,Unknown
g12d_nras + panitumumab,Unknown
g12d_nras + panobinostat,Sensitive
g12d_nras + quizartinib,Sensitive
g12d_nras + radiation ionizing radiotherapy,Sensitive
g12d_nras + rigosertib,Sensitive
g12d_nras + sorafenib,Sensitive
g12d_nras + sorafenib tosylate,Sensitive
g12d_nras + tamoxifen,Resistant
g12d_nras + trametinib,Unrelated
g12d_nras + tunlametinib,Unknown
g12d_nras + vemurafenib,Resistant
g12d_nras + wz4002,Unrelated
g12d_ras + adagrasib,Unknown
g12d_ras + bevacizumab,Unknown
g12d_ras + chemotherapy,Unknown
g12d_ras + immunotherapy,Resistant
g12d_ras + irinotecan,Unknown
g12d_ras + oxaliplatin,Unknown
g12d_ras + sotorasib,Unknown
g12d_ras + therapeutic tumor infiltrating lymphocytes,Sensitive
g12di_kras + trametinib,Resistant
g12dloh_kras + sirolimus,Sensitive
g12e_kras + sotorasib,Unknown
g12e_nras + adjuvant chemotherapy,Unrelated
g12f_kras + sotorasib,Unknown
g12g10ins_kras + alpelisib,Sensitive
g12g10ins_kras + trametinib,Resistant
g12k_kras + futibatinib,Resistant
g12l_kras + chemotherapy,Unknown
g12r_kras + azacitidine,Unknown
g12r_kras + binimetinib,Unknown
g12r_kras + braf inhibitor,Resistant
g12r_kras + capecitabine,Unknown
g12r_kras + cytoreductive surgery,Unrelated
g12r_kras + docetaxel,Unknown
g12r_kras + encorafenib,Unknown
g12r_kras + everolimus,Unrelated
g12r_kras + fluorouracil,Sensitive
g12r_kras + folfiri regimen,Unrelated
g12r_kras + hyperthermic intraperitoneal chemotherapy,Unrelated
g12r_kras + immune checkpoint inhibitor,Sensitive
g12r_kras + ipilimumab,Sensitive
g12r_kras + irinotecan,Sensitive
g12r_kras + metformin,Sensitive
g12r_kras + niraparib,Unrelated
g12r_kras + nivolumab,Sensitive
g12r_kras + radiation ionizing radiotherapy,Unknown
g12r_kras + radiation therapy,Unknown
g12r_kras + regorafenib,Unrelated
g12r_kras + sorafenib,Sensitive
g12r_kras + sorafenib tosylate,Sensitive
g12r_kras + trastuzumab,Unknown
g12r_kras + tyrosine kinase inhibitor,Resistant
g12r_kras + vemurafenib,Resistant
g12s_hras + adjuvant chemotherapy,Unknown
g12s_hras + binimetinib,Resistant
g12s_hras + braf inhibitor,Resistant
g12s_hras + cetuximab,Resistant
g12s_hras + cisplatin,Unknown
g12s_hras + cyclophosphamide,Unknown
g12s_hras + doxorubicin,Unknown
g12s_hras + etoposide,Unknown
g12s_hras + panitumumab,Unknown
g12s_hras + radiation therapy,Unknown
g12s_hras + temsirolimus,Unknown
g12s_hras + tipifarnib,Sensitive
g12s_hras + trametinib,Sensitive
g12s_hras + vincristine,Unknown
g12s_kras + afatinib,Resistant
g12s_kras + angiogenesis inhibitor,Unknown
g12s_kras + belinostat,Sensitive
g12s_kras + bevacizumab,Unknown
g12s_kras + capmatinib,Unrelated
g12s_kras + cisplatin,Sensitive
g12s_kras + cobimetinib,Sensitive
g12s_kras + cyproterone acetate,Unrelated
g12s_kras + cytoreductive surgery,Unrelated
g12s_kras + dasatinib,Sensitive
g12s_kras + docetaxel,Sensitive
g12s_kras + erlotinib,Resistant
g12s_kras + everolimus,Sensitive
g12s_kras + folfiri regimen,Unrelated
g12s_kras + folfox regimen,Resistant
g12s_kras + gefitinib,Resistant
g12s_kras + gemcitabine,Unknown
g12s_kras + hyperthermic intraperitoneal chemotherapy,Unrelated
g12s_kras + icotinib,Resistant
g12s_kras + immune checkpoint inhibitor,Sensitive
g12s_kras + oxaliplatin,Sensitive
g12s_kras + pan-raf inhibitor ly3009120,Sensitive
g12s_kras + panobinostat,Sensitive
g12s_kras + pembrolizumab,Sensitive
g12s_kras + radiation ionizing radiotherapy,Unknown
g12s_kras + radiation therapy,Unknown
g12s_kras + ramucirumab,Sensitive
g12s_kras + refametinib,Sensitive
g12s_kras + selpercatinib,Unrelated
g12s_kras + selumetinib,Sensitive
g12s_kras + sorafenib,Sensitive
g12s_kras + sorafenib tosylate,Sensitive
g12s_kras + trametinib,Sensitive
g12s_kras + tyrosine kinase inhibitor,Resistant
g12s_kras + vemurafenib,Resistant
g12s_nras + anti-egfr monoclonal antibody,Resistant
g12s_nras + braf inhibitor,Sensitive
g12s_nras + gilteritinib,Resistant
g12s_nras + trametinib,Unrelated
g12s_nras + tunlametinib,Sensitive
g12s_sdhd + bosutinib,Sensitive
g12v_hras + adagrasib,Unrelated
g12v_hras + alpelisib,Resistant
g12v_hras + binimetinib,Sensitive
g12v_hras + cetuximab,Resistant
g12v_hras + cisplatin,Resistant
g12v_hras + dactolisib,Unknown
g12v_hras + dasatinib,Sensitive
g12v_hras + mirdametinib,Sensitive
g12v_hras + sirolimus,Sensitive
g12v_hras + sotorasib,Unrelated
g12v_hras + tipifarnib,Sensitive
g12v_hras + vemurafenib,Unknown
g12v_hras + verteporfin,Unrelated
g12v_kras + 7-ethyl-10-hydroxycamptothecin,Unknown
g12v_kras + adavosertib,Unknown
g12v_kras + akt inhibitor mk2206,Unknown
g12v_kras + alectinib,Unrelated
g12v_kras + alisertib,Sensitive
g12v_kras + amuvatinib,Sensitive
g12v_kras + anti-egfr monoclonal antibody,Resistant
g12v_kras + ars-1620,Unknown
g12v_kras + arsenic trioxide,Sensitive
g12v_kras + azacitidine,Unrelated
g12v_kras + bortezomib,Unrelated
g12v_kras + bptes,Unknown
g12v_kras + buparlisib,Sensitive
g12v_kras + cabozantinib,Sensitive
g12v_kras + carboplatin/paclitaxel regimen,Sensitive
g12v_kras + chloroquine,Sensitive
g12v_kras + crizotinib,Unrelated
g12v_kras + ctla-4 inhibitor,Unknown
g12v_kras + cyproterone acetate,Unrelated
g12v_kras + cytoreductive surgery,Unrelated
g12v_kras + dactolisib,Unknown
g12v_kras + decitabine,Sensitive
g12v_kras + durvalumab,Sensitive
g12v_kras + encorafenib,Sensitive
g12v_kras + erlotinib,Resistant
g12v_kras + etoposide,Unknown
g12v_kras + exemestane,Resistant
g12v_kras + folfox-6 regimen,Unrelated
g12v_kras + gefitinib,Resistant
g12v_kras + hyperthermic intraperitoneal chemotherapy,Unrelated
g12v_kras + imatinib,Unrelated
g12v_kras + ixazomib,Resistant
g12v_kras + letrozole,Resistant
g12v_kras + leucovorin,Unrelated
g12v_kras + midostaurin,Sensitive
g12v_kras + mirdametinib,Unknown
g12v_kras + mtor inhibitor,Sensitive
g12v_kras + nimotuzumab,Unrelated
g12v_kras + niraparib,Unrelated
g12v_kras + palbociclib,Resistant
g12v_kras + pan-raf inhibitor ly3009120,Sensitive
g12v_kras + pd98059,Unknown
g12v_kras + pegargiminase,Sensitive
g12v_kras + radioactive iodine,Unrelated
g12v_kras + ramucirumab,Sensitive
g12v_kras + ribociclib,Unknown
g12v_kras + rmc-4550,Unknown
g12v_kras + selinexor,Sensitive
g12v_kras + talazoparib,Sensitive
g12v_kras + therapeutic tumor infiltrating lymphocytes,Sensitive
g12v_kras + tretinoin,Unrelated
g12v_kras + tyrosine kinase inhibitor,Unrelated
g12v_kras + uo126,Sensitive
g12v_nras + azacitidine,Unrelated
g12v_nras + bevacizumab,Resistant
g12v_nras + chemotherapy,Resistant
g12v_nras + crenolanib,Resistant
g12v_nras + immune checkpoint inhibitor,Sensitive
g12v_nras + immunotherapy,Sensitive
g12v_nras + radiation therapy,Unrelated
g12v_nras + trametinib,Sensitive
g12v_ras + cisplatin,Resistant
g12v_ras + dacarbazine,Resistant
g12v_ras + fluorouracil,Unknown
g12v_ras + gemcitabine,Unknown
g12v_ras + paclitaxel,Unknown
g12v_ras + radiation ionizing radiotherapy,Unknown
g12v_ras + radiation therapy,Unknown
g12v_ras + trametinib,Sensitive
g12v_ras + vemurafenib,Unknown
g12x_kras + immunotherapy,Sensitive
g12x_kras + sotorasib,Unknown
g131d_idh1 + chemotherapy,Unknown
g131d_idh1 + radiation therapy,Unknown
g131d_idh1 + temozolomide,Unknown
g13_kras + atezolizumab,Sensitive
g13_kras + bevacizumab,Unknown
g13_kras + binimetinib,Resistant
g13_kras + buparlisib,Unrelated
g13_kras + cisplatin,Sensitive
g13_kras + gemcitabine,Unrelated
g13_kras + immunotherapy,Sensitive
g13_kras + mrna vaccine,Sensitive
g13_kras + nivolumab,Sensitive
g13_kras + pembrolizumab,Sensitive
g13_kras + refametinib,Resistant
g13_kras + selumetinib,Resistant
g13_nras + immunotherapy,Unknown
g13_nras + tunlametinib,Sensitive
g13_ras + adagrasib,Unknown
g13_ras + cetuximab,Sensitive
g13_ras + panitumumab,Sensitive
g13_ras + sotorasib,Unknown
g13a_kras + cetuximab,Unrelated
g13a_kras + chemotherapy,Unknown
g13a_kras + cytoreductive surgery,Unrelated
g13a_kras + hyperthermic intraperitoneal chemotherapy,Unrelated
g13a_kras + immunotherapy,Unknown
g13a_kras + nimotuzumab,Unrelated
g13a_kras + panitumumab,Unrelated
g13c_kras + afatinib,Resistant
g13c_kras + buparlisib,Sensitive
g13c_kras + cisplatin,Sensitive
g13c_kras + cytoreductive surgery,Unrelated
g13c_kras + epirubicin,Unknown
g13c_kras + erlotinib,Resistant
g13c_kras + gefitinib,Resistant
g13c_kras + hyperthermic intraperitoneal chemotherapy,Unrelated
g13c_kras + icotinib,Resistant
g13c_kras + selumetinib,Sensitive
g13c_kras + sotorasib,Unknown
g13c_kras + trametinib,Sensitive
g13d_kras + 7-ethyl-10-hydroxycamptothecin,Unknown
g13d_kras + alisertib,Sensitive
g13d_kras + ars-1620,Unknown
g13d_kras + azacitidine,Unrelated
g13d_kras + b-raf/vegfr-2 inhibitor raf265,Unknown
g13d_kras + bortezomib,Unrelated
g13d_kras + buparlisib,Sensitive
g13d_kras + capox regimen,Unknown
g13d_kras + carboplatin,Resistant
g13d_kras + cytoreductive surgery,Unrelated
g13d_kras + dactolisib,Unknown
g13d_kras + erlotinib,Sensitive
g13d_kras + everolimus,Sensitive
g13d_kras + folfiri regimen,Unrelated
g13d_kras + folfox regimen,Unknown
g13d_kras + gefitinib,Sensitive
g13d_kras + hyperthermic intraperitoneal chemotherapy,Unrelated
g13d_kras + ipilimumab,Sensitive
g13d_kras + ixazomib,Resistant
g13d_kras + jq1,Sensitive
g13d_kras + luminespib,Unknown
g13d_kras + mtor inhibitor,Sensitive
g13d_kras + osimertinib,Resistant
g13d_kras + palbociclib,Resistant
g13d_kras + pan-raf inhibitor ly3009120,Sensitive
g13d_kras + pemetrexed,Unrelated
g13d_kras + pictilisib,Sensitive
g13d_kras + refametinib,Sensitive
g13d_kras + regorafenib,Resistant
g13d_kras + sirolimus,Unrelated
g13d_kras + sorafenib,Sensitive
g13d_kras + sorafenib tosylate,Sensitive
g13d_kras + sunitinib,Resistant
g13d_kras + taselisib,Sensitive
g13d_kras + therapeutic tumor infiltrating lymphocytes,Sensitive
g13d_kras + tyrosine kinase inhibitor,Resistant
g13d_kras + vemurafenib,Resistant
g13d_kras + venetoclax,Resistant
g13d_nras + anti-egfr monoclonal antibody,Resistant
g13d_nras + braf inhibitor,Resistant
g13d_nras + cetuximab,Resistant
g13d_nras + dabrafenib,Resistant
g13d_nras + futibatinib,Resistant
g13d_nras + panitumumab,Resistant
g13d_nras + pembrolizumab,Resistant
g13d_nras + trametinib,Unrelated
g13q_kras + adagrasib,Resistant
g13q_kras + sotorasib,Resistant
g13r_hras + braf inhibitor,Resistant
g13r_hras + chemotherapy,Resistant
g13r_hras + cisplatin,Unknown
g13r_hras + dabrafenib,Resistant
g13r_hras + erlotinib,Unrelated
g13r_hras + jq1,Unrelated
g13r_hras + mobocertinib,Unrelated
g13r_hras + pi3kbeta inhibitor azd8186,Sensitive
g13r_hras + selinexor,Unrelated
g13r_hras + tamoxifen,Unrelated
g13r_kras + atezolizumab,Unknown
g13r_kras + buparlisib,Sensitive
g13r_kras + ctla-4 inhibitor,Unknown
g13r_kras + ipilimumab,Unknown
g13r_kras + nivolumab,Unknown
g13r_kras + panitumumab,Unrelated
g13r_kras + selumetinib,Sensitive
g13r_kras + trametinib,Sensitive
g13r_nras + anti-egfr monoclonal antibody,Resistant
g13r_nras + tunlametinib,Sensitive
g13r_ras + tamoxifen,Unrelated
g13s_kras + buparlisib,Sensitive
g13s_kras + cetuximab,Unrelated
g13s_kras + panitumumab,Unrelated
g13s_kras + selumetinib,Sensitive
g13s_kras + trametinib,Sensitive
g13v_hras + cetuximab,Sensitive
g13v_kras + cetuximab,Unrelated
g13v_kras + chemotherapy,Unknown
g13v_kras + cytoreductive surgery,Unrelated
g13v_kras + hyperthermic intraperitoneal chemotherapy,Unrelated
g13v_kras + panitumumab,Unrelated
g13v_kras + pazopanib,Resistant
g13v_kras + sorafenib,Resistant
g13v_kras + sorafenib tosylate,Resistant
g13v_kras + sunitinib,Resistant
g13v_kras + trametinib,Sensitive
g13x_kras + immunotherapy,Sensitive
g1412_apc + chemotherapy,Unknown
g145s_esr1 + hormone therapy,Resistant
g1465e_crebbp + afatinib,Unrelated
g1465e_crebbp + metformin,Unrelated
g1529r_brca2 + hormone therapy,Unknown
g15s_cdk4 + ribociclib,Resistant
g1663c_atm + abiraterone,Unrelated
g1663c_atm + bicalutamide,Unrelated
g1663c_atm + cabazitaxel,Unrelated
g1663c_atm + carboplatin,Unrelated
g1663c_atm + docetaxel,Unrelated
g1663c_atm + rucaparib,Unrelated
g1676d_med12 + chemotherapy,Unknown
g1676d_med12 + docetaxel,Unknown
g1676d_med12 + olaparib,Resistant
g1676d_med12 + talazoparib,Unknown
g1712x_brca2 + olaparib,Unknown
g172t_rad51 + radiation ionizing radiotherapy,Sensitive
g172t_rad51 + radiation therapy,Sensitive
g1763v_brca1 + chemotherapy,Unrelated
g1763v_brca1 + olaparib,Resistant
g1774e_reln + adjuvant chemotherapy,Unknown
g1774e_reln + chemotherapy,Unknown
g1774e_reln + cisplatin,Unknown
g1774e_reln + icotinib,Unknown
g1774e_reln + nivolumab,Sensitive
g1774e_reln + osimertinib,Unknown
g1774e_reln + pemetrexed,Unknown
g17v_rhoa + chemotherapy,Unknown
g184r_sdha + avapritinib,Unknown
g184r_sdha + dasatinib,Sensitive
g184r_sdha + imatinib,Resistant
g184r_sdha + infigratinib,Sensitive
g184r_sdha + pazopanib,Unknown
g184r_sdha + pemigatinib,Sensitive
g184r_sdha + ponatinib,Sensitive
g184r_sdha + regorafenib,Unknown
g184r_sdha + ripretinib,Sensitive
g184r_sdha + rogaratinib,Unknown
g184r_sdha + sorafenib,Unknown
g184r_sdha + sorafenib tosylate,Unknown
g184r_sdha + sunitinib,Sensitive
g186d_erk1 + sch772984,Resistant
g1879a_flt3 + cytarabine,Resistant
g1888t_plcb4 + radiation ionizing radiotherapy,Unrelated
g1888t_plcb4 + radiation therapy,Unrelated
g18e_ntrk1 + everolimus,Unknown
g18e_ntrk1 + radiation ionizing radiotherapy,Unknown
g18e_ntrk1 + radiation therapy,Unknown
g1914r_mtor + bevacizumab,Resistant
g1914r_mtor + carboplatin,Resistant
g1914r_mtor + everolimus,Sensitive
g1914r_mtor + mtor inhibitor,Sensitive
g1981c_stat3 + cyclophosphamide,Unknown
g1981c_stat3 + doxorubicin,Unknown
g1981c_stat3 + prednisone,Unknown
g1981c_stat3 + vincristine,Unknown
g199a_map2k1 + cytarabine,Unrelated
g199a_pot1 + cyclophosphamide,Unknown
g199a_pot1 + doxorubicin,Unknown
g199a_pot1 + prednisone,Unknown
g199a_pot1 + vincristine,Unknown
g199v_tp53 + chemotherapy,Resistant
g2032_ros1 + cabozantinib,Resistant
g2032_ros1 + chemotherapy,Unknown
g2032_ros1 + crizotinib,Resistant
g2032r_alk + lorlatinib,Sensitive
g2032r_ros1 + braf inhibitor,Unrelated
g2032r_ros1 + brigatinib,Unknown
g2032r_ros1 + dabrafenib,Unrelated
g2032r_ros1 + dasatinib,Sensitive
g2032r_ros1 + dovitinib,Unrelated
g2032r_ros1 + pemetrexed,Unrelated
g2032r_ros1 + trametinib,Unrelated
g2032r_ros1 + trk inhibitor,Sensitive
g203v_braf + cetuximab,Resistant
g2044v_brca2 + cisplatin,Sensitive
g2089t_wrn + carboplatin,Unrelated
g2089t_wrn + chemotherapy,Unrelated
g2089t_wrn + cisplatin,Unrelated
g2089t_wrn + crizotinib,Unrelated
g2089t_wrn + docetaxel,Unrelated
g2089t_wrn + gemcitabine,Unrelated
g2089t_wrn + tegafur,Unrelated
g208c_gna11 + afatinib,Unrelated
g208c_gna11 + metformin,Unrelated
g2101a_ros1 + crizotinib,Unknown
g2101a_ros1 + entrectinib,Unknown
g2101a_ros1 + lorlatinib,Unrelated
g215v_stk11 + afatinib,Unrelated
g215v_stk11 + metformin,Sensitive
g228a_tert + temozolomide,Unrelated
g237_msh6 + capecitabine,Unknown
g237_msh6 + immunotherapy,Sensitive
g237_msh6 + nivolumab,Sensitive
g237_msh6 + oxaliplatin,Unknown
g23d_cdkn2a + immune checkpoint inhibitor,Unknown
g23d_cdkn2a + immunotherapy,Unknown
g245d_tp53 + adjuvant chemotherapy,Unknown
g245d_tp53 + chemotherapy,Unknown
g245d_tp53 + cytarabine,Unknown
g245d_tp53 + decitabine,Unknown
g245d_tp53 + fludarabine,Unknown
g245d_tp53 + idarubicin,Unknown
g245d_tp53 + venetoclax,Unknown
g245s_tp53 + adagrasib,Unrelated
g245s_tp53 + adjuvant chemotherapy,Unrelated
g245s_tp53 + cisplatin,Sensitive
g245s_tp53 + decitabine,Sensitive
g245s_tp53 + doxorubicin,Sensitive
g245s_tp53 + enzalutamide,Unknown
g245s_tp53 + erdafitinib,Sensitive
g245s_tp53 + fluorouracil,Sensitive
g245s_tp53 + hematopoietic cell transplantation,Resistant
g245s_tp53 + infigratinib,Unrelated
g245s_tp53 + irinotecan,Sensitive
g245s_tp53 + oxaliplatin,Unrelated
g245s_tp53 + pemigatinib,Unrelated
g245s_tp53 + radiation ionizing radiotherapy,Unrelated
g245s_tp53 + radiation therapy,Unrelated
g245s_tp53 + sotorasib,Unrelated
g245s_tp53 + temozolomide,Sensitive
g2485c_kit + chemotherapy,Unknown
g2485c_kit + imatinib,Resistant
g2485c_kit + ripretinib,Sensitive
g2607a_egfr + afatinib,Sensitive
g261fs_fgfr2 + immune checkpoint inhibitor,Unknown
g261fs_fgfr2 + immunotherapy,Unknown
g262v_tp53 + metformin,Sensitive
g263fs_brca1 + chemotherapy,Sensitive
g263fs_brca1 + cisplatin,Sensitive
g266r_tp53 + chemotherapy,Unknown
g266r_tp53 + cisplatin,Resistant
g266r_tp53 + oxaliplatin,Sensitive
g266r_tp53 + radiation therapy,Unknown
g266r_tp53 + temozolomide,Unknown
g266r_tp53 + valproic acid,Unknown
g266r_tp53 + vinorelbine,Unknown
g2677t_mdr1 + chemotherapy,Sensitive
g2677t_mdr1 + cisplatin,Sensitive
g2677t_mdr1 + paclitaxel,Sensitive
g282w_tp53 + chemotherapy,Unknown
g282w_tp53 + doxorubicin,Unknown
g282w_tp53 + temozolomide,Unknown
g284r_erbb3 + afatinib,Sensitive
g284r_erbb3 + alpelisib,Unrelated
g284r_erbb3 + braf inhibitor,Unrelated
g284r_erbb3 + cisplatin,Resistant
g284r_erbb3 + radiation therapy,Unrelated
g284r_erbb3 + trametinib,Unrelated
g284r_erbb3 + trastuzumab,Sensitive
g284r_erbb3 + tucatinib,Unknown
g284r_erbb3 + tyrosine kinase inhibitor,Unknown
g284r_erbb3 + vemurafenib,Unrelated
g290r_tp53 + radiation ionizing radiotherapy,Unknown
g290r_tp53 + radiation therapy,Unknown
g3005c_met + crizotinib,Unrelated
g3005c_met + tyrosine kinase inhibitor,Resistant
g3028a_met + crizotinib,Unrelated
g3028a_met + tyrosine kinase inhibitor,Resistant
g3028t_met + crizotinib,Unrelated
g3028t_met + tyrosine kinase inhibitor,Resistant
g309a_erbb2 + everolimus,Unrelated
g309a_erbb2 + hormone therapy,Sensitive
g309a_erbb2 + neratinib,Unrelated
g309a_erbb2 + selumetinib,Unrelated
g309a_erbb2 + tyrosine kinase inhibitor,Unrelated
g312a_ercc2 + chemotherapy,Unknown
g312a_ercc2 + cisplatin,Unknown
g31a_nfe2l2 + everolimus,Sensitive
g31a_nfe2l2 + mtor inhibitor,Sensitive
g31e_nfe2l2 + alpelisib,Unrelated
g31e_nfe2l2 + mtor inhibitor,Unrelated
g334r_tp53 + rebemadlin,Unknown
g337r_erbb3 + afatinib,Sensitive
g337r_erbb3 + olaparib,Sensitive
g33s_egfr + cetuximab,Resistant
g344delinsgc_esr1 + everolimus,Unknown
g344delinsgc_esr1 + hormone therapy,Resistant
g344l345insc_esr1 + hormone therapy,Resistant
g34_h3 + chemotherapy,Unknown
g34_h3 + radiation ionizing radiotherapy,Unknown
g34_h3 + radiation therapy,Unknown
g34c_kras + chemotherapy,Unknown
g34r_h3 + adjuvant chemotherapy,Unknown
g34r_h3 + avapritinib,Sensitive
g34r_h3 + bevacizumab,Unknown
g34r_h3 + lomustine,Sensitive
g34r_h3 + trametinib,Sensitive
g34r_h3f3a + adjuvant chemotherapy,Unknown
g34r_h3f3a + irinotecan,Sensitive
g34r_h3f3a + niraparib,Sensitive
g34r_h3f3a + olaparib,Unknown
g34r_h3f3a + radiation ionizing radiotherapy,Resistant
g34r_h3f3a + rucaparib,Unknown
g34r_h3f3a + talazoparib,Sensitive
g34r_h3f3a + topotecan,Sensitive
g34r_h3f3a + veliparib,Unknown
g34v_h3 + adjuvant chemotherapy,Unknown
g34v_h3 + avapritinib,Sensitive
g34v_h3 + bevacizumab,Unknown
g34v_h3 + lomustine,Sensitive
g34v_h3 + trametinib,Sensitive
g34v_h3f3a + chemotherapy,Unknown
g34v_h3f3a + immunotherapy,Sensitive
g34v_h3f3a + temozolomide,Unknown
g34w_h3f3a + adavosertib,Unknown
g34w_h3f3a + gemcitabine,Sensitive
g34w_h3f3a + irinotecan,Unknown
g34w_h3f3a + temozolomide,Unknown
g359e_top1 + sacituzumab govitecan,Resistant
g359e_top1 + trastuzumab,Unrelated
g359e_top1 + trastuzumab deruxtecan,Resistant
g35a_nras + chemotherapy,Resistant
g35fs_cdkn2a + chemotherapy,Unknown
g35fs_cdkn2a + epirubicin,Unknown
g360a_nras + chemotherapy,Unknown
g364r_pik3ca + alpelisib,Sensitive
g364r_pik3ca + everolimus,Unrelated
g364r_pik3ca + immunotherapy,Unrelated
g364r_pik3ca + ivosidenib,Unrelated
g364r_pik3ca + mtor inhibitor,Unrelated
g364r_pik3ca + selumetinib,Unrelated
g364r_pik3ca + trametinib,Unrelated
g366r_erbb2 + afatinib,Sensitive
g366r_erbb2 + lapatinib,Resistant
g366r_erbb2 + neratinib,Sensitive
g366r_erbb2 + trastuzumab,Resistant
g366r_erbb2 + trastuzumab emtansine,Resistant
g366s_gnas + afatinib,Unrelated
g366s_gnas + metformin,Unrelated
g370c_fgfr + atezolizumab,Unrelated
g370c_fgfr + chemotherapy,Unrelated
g370c_fgfr + cisplatin,Unrelated
g370c_fgfr + gemcitabine,Unrelated
g370c_fgfr + immunotherapy,Unrelated
g370c_fgfr + pembrolizumab,Unrelated
g370c_fgfr3 + chemotherapy,Unrelated
g370c_fgfr3 + cisplatin,Unrelated
g370c_fgfr3 + erdafitinib,Sensitive
g370c_fgfr3 + immunotherapy,Resistant
g370c_fgfr3 + pemigatinib,Sensitive
g372c_fgfr3 + erdafitinib,Unknown
g376r_pik3r1 + daunorubicin,Sensitive
g376r_pik3r1 + idarubicin,Sensitive
g376r_pik3r1 + pi-103,Resistant
g376r_pik3r1 + sorafenib,Unrelated
g376r_pik3r1 + sorafenib tosylate,Unrelated
g376r_pik3r1 + vemurafenib,Unrelated
g380r_fgfr3 + chemotherapy,Resistant
g380r_fgfr3 + erdafitinib,Resistant
g380r_fgfr3 + radiation ionizing radiotherapy,Resistant
g380r_fgfr3 + radiation therapy,Resistant
g388r_fgfr4 + cabozantinib,Unrelated
g388r_fgfr4 + cisplatin,Sensitive
g388r_fgfr4 + folfox regimen,Unrelated
g388r_fgfr4 + irinotecan,Unrelated
g388r_fgfr4 + oxaliplatin,Unrelated
g388r_fgfr4 + pazopanib,Sensitive
g388r_fgfr4 + pd173074,Sensitive
g388r_fgfr4 + radiation ionizing radiotherapy,Unrelated
g388r_fgfr4 + radiation therapy,Unrelated
g389r_adrb1 + bevacizumab,Unrelated
g38a_nras + chemotherapy,Resistant
g393d_mutyh + sunitinib,Unrelated
g395a_idh1 + radiation ionizing radiotherapy,Sensitive
g395a_idh1 + radiation therapy,Sensitive
g39e_msh6 + immunotherapy,Unknown
g39e_msh6 + nivolumab,Unknown
g39v_abraxas + radiation ionizing radiotherapy,Sensitive
g39v_abraxas + radiation therapy,Sensitive
g415e_esr1 + elacestrant,Sensitive
g415e_esr1 + fulvestrant,Resistant
g415e_esr1 + tamoxifen,Resistant
g415v_esr1 + aromatase inhibitor,Unknown
g415v_esr1 + fulvestrant,Unknown
g415v_esr1 + hormone therapy,Unknown
g415v_esr1 + letrozole,Unknown
g415v_esr1 + palbociclib,Unknown
g415v_esr1 + tamoxifen,Unknown
g418a_tp53 + chemotherapy,Unknown
g426d_pdgfra + neratinib,Unknown
g426d_pdgfra + paclitaxel,Unrelated
g426d_pdgfra + trastuzumab,Unknown
g442r_esr1 + abemaciclib,Unknown
g442r_esr1 + adjuvant chemotherapy,Unknown
g442r_esr1 + aromatase inhibitor,Resistant
g442r_esr1 + chemotherapy,Unknown
g442r_esr1 + exemestane,Unknown
g442r_esr1 + fulvestrant,Unknown
g442r_esr1 + palbociclib,Unknown
g442r_esr1 + ribociclib,Unknown
g442r_esr1 + tamoxifen,Unknown
g442r_esr1 + trastuzumab,Unknown
g442r_esr1 + trastuzumab emtansine,Unknown
g464_braf + anti-egfr monoclonal antibody,Sensitive
g464_braf + bevacizumab,Unrelated
g464_braf + braf inhibitor,Unknown
g464_braf + cetuximab,Sensitive
g464_braf + chemotherapy,Unrelated
g464_braf + cisplatin,Unrelated
g464_braf + cobimetinib,Unknown
g464_braf + dabrafenib,Unknown
g464_braf + dabrafenib/trametinib regimen,Unknown
g464_braf + fluorouracil,Unrelated
g464_braf + immune checkpoint inhibitor,Unknown
g464_braf + immunotherapy,Unknown
g464_braf + irinotecan,Unrelated
g464_braf + oxaliplatin,Unrelated
g464_braf + panitumumab,Sensitive
g464_braf + trametinib,Unknown
g464_braf + vemurafenib,Unknown
g464e_braf + belvarafenib,Resistant
g464e_braf + dabrafenib,Resistant
g464e_braf + encorafenib,Resistant
g464e_braf + vemurafenib,Resistant
g464v_braf + az628,Sensitive
g464v_braf + capivasertib,Unrelated
g464v_braf + everolimus,Unrelated
g464v_braf + mtor inhibitor,Unrelated
g464v_braf + selumetinib,Sensitive
g464v_braf + sorafenib,Sensitive
g464v_braf + sorafenib tosylate,Sensitive
g464v_braf + trametinib,Sensitive
g464v_gnaq + immunotherapy,Unknown
g464v_gnaq + ipilimumab,Unknown
g464v_gnaq + nivolumab,Unknown
g464v_gnaq + radiation therapy,Unrelated
g465e_egfr + cetuximab,Resistant
g465e_egfr + panitumumab,Resistant
g465r_egfr + cetuximab,Resistant
g465r_egfr + chemotherapy,Unrelated
g465r_egfr + cisplatin,Unrelated
g465r_egfr + duligotuzumab,Unknown
g465r_egfr + radiation therapy,Unrelated
g466_braf + anti-egfr monoclonal antibody,Sensitive
g466_braf + bevacizumab,Unrelated
g466_braf + braf inhibitor,Unknown
g466_braf + cetuximab,Sensitive
g466_braf + chemotherapy,Unrelated
g466_braf + cisplatin,Unrelated
g466_braf + cobimetinib,Unknown
g466_braf + dabrafenib,Unknown
g466_braf + dabrafenib/trametinib regimen,Unknown
g466_braf + fluorouracil,Unrelated
g466_braf + immune checkpoint inhibitor,Unknown
g466_braf + immunotherapy,Unknown
g466_braf + irinotecan,Unrelated
g466_braf + oxaliplatin,Unrelated
g466_braf + panitumumab,Sensitive
g466_braf + trametinib,Unknown
g466_braf + vemurafenib,Unknown
g466a_braf + braf inhibitor,Resistant
g466a_braf + chemotherapy,Unrelated
g466a_braf + cobimetinib,Unknown
g466a_braf + dabrafenib/trametinib regimen,Sensitive
g466e_braf + adjuvant chemotherapy,Unrelated
g466e_braf + binimetinib,Unknown
g466e_braf + braf inhibitor,Sensitive
g466e_braf + cetuximab,Unknown
g466e_braf + chemotherapy,Unrelated
g466e_braf + dabrafenib,Unknown
g466e_braf + dabrafenib/trametinib regimen,Unknown
g466e_braf + hormone therapy,Unrelated
g466e_braf + icotinib,Unrelated
g466e_braf + immune checkpoint inhibitor,Unknown
g466e_braf + immunotherapy,Sensitive
g466e_braf + pembrolizumab,Sensitive
g466e_braf + trametinib,Unknown
g466r_braf + chemotherapy,Sensitive
g466r_braf + dabrafenib/trametinib regimen,Resistant
g466v_braf + az628,Sensitive
g466v_braf + encorafenib,Resistant
g466v_braf + mtor inhibitor,Sensitive
g466v_braf + selumetinib,Sensitive
g466v_braf + sorafenib,Sensitive
g466v_braf + sorafenib tosylate,Sensitive
g469_braf + braf inhibitor,Unknown
g469_braf + cisplatin,Unrelated
g469_braf + cobimetinib,Unknown
g469_braf + dabrafenib,Unknown
g469_braf + dabrafenib/trametinib regimen,Unknown
g469_braf + immune checkpoint inhibitor,Unknown
g469_braf + immunotherapy,Unknown
g469_braf + trametinib,Unknown
g469_braf + vemurafenib,Unknown
g469a_braf + adjuvant chemotherapy,Unknown
g469a_braf + cisplatin,Resistant
g469a_braf + dabrafenib/trametinib regimen,Unknown
g469a_braf + encorafenib,Resistant
g469a_braf + everolimus,Sensitive
g469a_braf + gemcitabine,Resistant
g469a_braf + hematopoietic cell transplantation,Sensitive
g469a_braf + hormone therapy,Resistant
g469a_braf + immunotherapy,Unknown
g469a_braf + mtor inhibitor,Sensitive
g469a_braf + pembrolizumab,Resistant
g469a_braf + radiation ionizing radiotherapy,Unrelated
g469a_braf + radiation therapy,Unrelated
g469a_braf + selumetinib,Unknown
g469e_braf + az628,Sensitive
g469e_braf + braf inhibitor,Resistant
g469e_braf + cetuximab,Resistant
g469e_braf + immunotherapy,Unknown
g469e_braf + radiation ionizing radiotherapy,Unknown
g469e_braf + radiation therapy,Unknown
g469e_braf + selumetinib,Sensitive
g469e_braf + sorafenib,Sensitive
g469e_braf + sorafenib tosylate,Sensitive
g469e_braf + topotecan,Unknown
g469e_braf + vemurafenib,Unknown
g469i_braf + dabrafenib,Unknown
g469i_braf + trametinib,Unknown
g469k_braf + dabrafenib,Unknown
g469k_braf + trametinib,Unknown
g469l_braf + braf inhibitor,Resistant
g469l_braf + chemotherapy,Unrelated
g469l_braf + dabrafenib/trametinib regimen,Unknown
g469l_braf + selumetinib,Unknown
g469l_braf + trametinib,Unknown
g469l_braf + vemurafenib,Resistant
g469r_braf + adjuvant chemotherapy,Unrelated
g469r_braf + braf inhibitor,Resistant
g469r_braf + cisplatin,Unrelated
g469r_braf + dabrafenib/trametinib regimen,Sensitive
g469r_braf + immunotherapy,Sensitive
g469r_braf + radiation ionizing radiotherapy,Unknown
g469r_braf + radiation therapy,Unknown
g469r_braf + sorafenib,Sensitive
g469r_braf + sorafenib tosylate,Sensitive
g469r_braf + vemurafenib,Unknown
g469s_braf + binimetinib,Sensitive
g469s_braf + dabrafenib,Unknown
g469s_braf + encorafenib,Sensitive
g469s_braf + radiation ionizing radiotherapy,Unrelated
g469s_braf + radiation therapy,Unrelated
g469s_braf + trametinib,Unknown
g469v_braf + anti-egfr monoclonal antibody,Sensitive
g469v_braf + belvarafenib,Unknown
g469v_braf + bevacizumab,Unrelated
g469v_braf + cetuximab,Sensitive
g469v_braf + cobimetinib,Sensitive
g469v_braf + fluorouracil,Unrelated
g469v_braf + gefitinib,Sensitive
g469v_braf + gemcitabine,Resistant
g469v_braf + irinotecan,Unrelated
g469v_braf + mirdametinib,Sensitive
g469v_braf + osimertinib,Sensitive
g469v_braf + oxaliplatin,Unrelated
g469v_braf + panitumumab,Sensitive
g469v_braf + radiation ionizing radiotherapy,Unrelated
g469v_braf + radiation therapy,Unrelated
g469v_braf + sorafenib,Sensitive
g469v_braf + sorafenib tosylate,Sensitive
g47d_tyr + radiation ionizing radiotherapy,Unrelated
g47d_tyr + radiation therapy,Unrelated
g480e_pik3ca + chemotherapy,Unknown
g48e_hoxb13 + hormone therapy,Unrelated
g48e_kras + cisplatin,Unknown
g48e_kras + panitumumab,Unknown
g48l_gnaq + trametinib,Sensitive
g491r_bard1 + cisplatin,Sensitive
g491r_bard1 + olaparib,Sensitive
g497w_smo + vismodegib,Resistant
g49e_kdr + adjuvant chemotherapy,Unknown
g49e_kdr + chemotherapy,Unknown
g49e_kdr + cisplatin,Unknown
g49e_kdr + cyclophosphamide,Unknown
g49e_kdr + doxorubicin,Unknown
g49e_kdr + etoposide,Unknown
g49e_kdr + radiation therapy,Unknown
g49e_kdr + temsirolimus,Unknown
g49e_kdr + vincristine,Unknown
g503v_ptpn11 + chemotherapy,Unknown
g503v_ptpn11 + dasatinib,Unrelated
g503v_ptpn11 + erdafitinib,Unrelated
g503v_ptpn11 + everolimus,Unrelated
g503v_ptpn11 + ponatinib,Unrelated
g503v_ptpn11 + radiation ionizing radiotherapy,Unrelated
g503v_ptpn11 + radiation therapy,Unrelated
g503v_ptpn11 + trametinib,Unrelated
g52c_oct4 + regorafenib,Unknown
g52c_oct4 + sorafenib,Resistant
g52c_oct4 + sorafenib tosylate,Resistant
g536s_traf7 + bevacizumab,Unknown
g536s_traf7 + everolimus,Unknown
g565r_kit + chemotherapy,Unknown
g565r_kit + cisplatin,Sensitive
g565r_kit + everolimus,Resistant
g565r_kit + exemestane,Unrelated
g569fs_rnf43 + abiraterone,Resistant
g569fs_rnf43 + apalutamide,Resistant
g569fs_rnf43 + chemotherapy,Resistant
g569fs_rnf43 + enzalutamide,Resistant
g569fs_rnf43 + hormone therapy,Resistant
g570r_fgfr2 + erdafitinib,Resistant
g5741c_mtor + bevacizumab,Resistant
g5741c_mtor + carboplatin,Resistant
g5741c_mtor + everolimus,Sensitive
g5741c_mtor + mtor inhibitor,Sensitive
g595r_ntrk1 + entrectinib,Resistant
g595r_ntrk1 + nintedanib,Resistant
g595r_ntrk1 + ponatinib,Resistant
g595r_trka + entrectinib,Resistant
g595r_trka + larotrectinib,Resistant
g595r_trka + repotrectinib,Sensitive
g596_braf + anti-egfr monoclonal antibody,Sensitive
g596_braf + bevacizumab,Unrelated
g596_braf + cetuximab,Sensitive
g596_braf + chemotherapy,Unrelated
g596_braf + fluorouracil,Unrelated
g596_braf + irinotecan,Unrelated
g596_braf + oxaliplatin,Unrelated
g596_braf + panitumumab,Sensitive
g596c_braf + dabrafenib,Resistant
g596c_braf + trametinib,Sensitive
g596r_braf + adjuvant chemotherapy,Resistant
g596r_braf + bevacizumab,Unknown
g596r_braf + braf inhibitor,Unknown
g596r_braf + chemotherapy,Unknown
g596r_braf + dabrafenib,Unknown
g596r_braf + dabrafenib/trametinib regimen,Unknown
g596r_braf + gemcitabine,Unknown
g596r_braf + irinotecan,Unknown
g596r_braf + oxaliplatin,Unknown
g596r_braf + radiation ionizing radiotherapy,Resistant
g596r_braf + radiation therapy,Resistant
g596r_braf + trametinib,Unknown
g596r_braf + vemurafenib,Unknown
g596v_braf + cetuximab,Resistant
g596v_braf + chemotherapy,Unrelated
g596v_braf + cisplatin,Unrelated
g596v_braf + cobimetinib,Unknown
g596v_braf + dabrafenib/trametinib regimen,Unknown
g596v_braf + immune checkpoint inhibitor,Unknown
g596v_braf + immunotherapy,Unknown
g596v_braf + selumetinib,Unknown
g596v_braf + trametinib,Unknown
g598r_trka + repotrectinib,Sensitive
g598r_trka + selitrectinib,Sensitive
g598r_trka + trk inhibitor,Sensitive
g598v_egfr + afatinib,Unknown
g598v_egfr + carboplatin,Unrelated
g598v_egfr + cetuximab,Unknown
g598v_egfr + dacomitinib,Sensitive
g598v_egfr + icotinib,Unknown
g598v_egfr + paclitaxel,Unrelated
g59v_egfr + cetuximab,Unknown
g60d_kras + cetuximab,Resistant
g60d_kras + chemotherapy,Unknown
g60d_kras + immunotherapy,Unknown
g60d_kras + panitumumab,Resistant
g60d_kras + pembrolizumab,Unknown
g623a_ntrk3 + entrectinib,Resistant
g623a_ntrk3 + selitrectinib,Resistant
g623e_ntrk3 + entrectinib,Resistant
g623e_ntrk3 + selitrectinib,Resistant
g623e_trkc + entrectinib,Resistant
g623e_trkc + larotrectinib,Resistant
g623e_trkc + repotrectinib,Sensitive
g623e_trkc + selitrectinib,Unknown
g623e_trkc + trk inhibitor,Resistant
g623r_nrtk3 + larotrectinib,Resistant
g623r_ntrk3 + entrectinib,Resistant
g623r_trkc + entrectinib,Resistant
g623r_trkc + larotrectinib,Resistant
g623r_trkc + repotrectinib,Sensitive
g639r_trka + entrectinib,Unknown
g639r_trka + larotrectinib,Unknown
g639r_trka + repotrectinib,Sensitive
g639r_trka + selitrectinib,Unknown
g639r_trka + trk inhibitor,Unknown
g63r_egfr + cetuximab,Sensitive
g63r_egfr + panitumumab,Sensitive
g644r_ar + abiraterone,Unknown
g644r_ar + abiraterone acetate,Unknown
g644r_ar + apalutamide,Resistant
g644r_ar + enzalutamide,Resistant
g644r_ar + prednisone,Unrelated
g645fs_asxl1 + immunotherapy,Sensitive
g648c_pol + chemotherapy,Sensitive
g648c_pol + cisplatin,Sensitive
g648c_pol + fluorouracil,Sensitive
g654fs_fbxw7 + chemotherapy,Resistant
g654fs_fbxw7 + fluorouracil,Resistant
g659fs_rnf43 + alpelisib,Sensitive
g659fs_rnf43 + immunotherapy,Resistant
g659fs_rnf43 + mtor inhibitor,Sensitive
g659fsv41_rnf43 + immunotherapy,Resistant
g659vfs41_rnf43 + immunotherapy,Sensitive
g660d_erbb2 + capecitabine,Unknown
g660d_erbb2 + erlotinib,Resistant
g660d_erbb2 + gefitinib,Resistant
g660d_erbb2 + lapatinib,Unknown
g660d_erbb2 + neratinib,Sensitive
g660d_erbb2 + tyrosine kinase inhibitor,Sensitive
g667_ntrk1 + entrectinib,Sensitive
g667_ntrk1 + larotrectinib,Resistant
g667_ntrk1 + trk inhibitor,Resistant
g667c_ntrk1 + entrectinib,Resistant
g667c_ntrk1 + foretinib,Sensitive
g667c_ntrk1 + nintedanib,Sensitive
g667c_ntrk1 + ponatinib,Sensitive
g67e_mlh1 + immunotherapy,Unknown
g67r_bax + venetoclax,Resistant
g680r_kit + avapritinib,Resistant
g685e_fgfr2 + erdafitinib,Resistant
g697c_fgfr3 + ponatinib,Sensitive
g697c_fgfr3 + tyrosine kinase inhibitor,Sensitive
g70d_idh1 + agi-5198,Unrelated
g710x_egfr + afatinib,Sensitive
g710x_egfr + bevacizumab,Unrelated
g710x_egfr + chemotherapy,Unrelated
g710x_egfr + cisplatin,Unrelated
g710x_egfr + erlotinib,Resistant
g710x_egfr + gefitinib,Resistant
g710x_egfr + pemetrexed,Unrelated
g710x_egfr + radiation ionizing radiotherapy,Unrelated
g710x_egfr + radiation therapy,Unrelated
g717r_top1 + 7-ethyl-10-hydroxycamptothecin,Resistant
g717r_top1 + epirubicin,Unrelated
g717r_top1 + etoposide,Unrelated
g717r_top1 + irinotecan,Resistant
g718x_egfr + erlotinib,Unknown
g719_egfr + alectinib,Unknown
g719_egfr + carboplatin/paclitaxel regimen,Unrelated
g719_egfr + cetuximab,Sensitive
g719_egfr + cisplatin,Unrelated
g719_egfr + crizotinib,Sensitive
g719_egfr + ipilimumab,Unrelated
g719_egfr + mobocertinib,Sensitive
g719_egfr + nivolumab,Unrelated
g719_egfr + paclitaxel,Unknown
g719_egfr + pemetrexed,Unrelated
g719_egfr + poziotinib,Sensitive
g719_egfr + radiation ionizing radiotherapy,Unrelated
g719_egfr + savolitinib,Sensitive
g719a_egfr + amivantamab,Sensitive
g719a_egfr + atezolizumab,Unrelated
g719a_egfr + bevacizumab,Unknown
g719a_egfr + carboplatin,Unrelated
g719a_egfr + cisplatin,Unrelated
g719a_egfr + docetaxel,Unrelated
g719a_egfr + fluorouracil,Sensitive
g719a_egfr + immunotherapy,Unrelated
g719a_egfr + ipilimumab,Unrelated
g719a_egfr + irinotecan,Sensitive
g719a_egfr + nedaplatin,Sensitive
g719a_egfr + oxaliplatin,Sensitive
g719a_egfr + panitumumab,Sensitive
g719a_egfr + pembrolizumab,Sensitive
g719a_egfr + radiation therapy,Unrelated
g719a_egfr + regorafenib,Unknown
g719c_egfr + adjuvant chemotherapy,Unknown
g719c_egfr + docetaxel,Unknown
g719c_egfr + erlotinib,Sensitive
g719c_egfr + immunotherapy,Sensitive
g719c_egfr + nivolumab,Unknown
g719c_egfr + paclitaxel,Sensitive
g719c_egfr + pembrolizumab,Sensitive
g719c_egfr + radiation therapy,Unrelated
g719c_egfr + tyrosine kinase inhibitor,Sensitive
g719d_egfr + afatinib,Unknown
g719d_egfr + chemotherapy,Unrelated
g719d_egfr + crizotinib,Unknown
g719d_egfr + erlotinib,Unknown
g719d_egfr + icotinib,Sensitive
g719d_egfr + immunotherapy,Resistant
g719d_egfr + osimertinib,Unknown
g719d_egfr + tyrosine kinase inhibitor,Sensitive
g719s_egf + neratinib,Unknown
g719s_egf + paclitaxel,Unrelated
g719s_egf + trastuzumab,Unknown
g719s_egfr + canertinib,Unknown
g719s_egfr + capecitabine,Unrelated
g719s_egfr + cetuximab,Sensitive
g719s_egfr + docetaxel,Unrelated
g719s_egfr + irinotecan,Unrelated
g719s_egfr + mobocertinib,Unknown
g719s_egfr + neratinib,Sensitive
g719s_egfr + oxaliplatin,Unrelated
g719s_egfr + panitumumab,Sensitive
g719s_egfr + poziotinib,Sensitive
g719s_egfr + radiation therapy,Unrelated
g719s_egfr + tegafur,Unrelated
g719x_egfr + afatinib,Sensitive
g719x_egfr + osimertinib,Sensitive
g721s_egfr + osimertinib,Resistant
g724e_egfr + afatinib,Resistant
g724e_egfr + osimertinib,Resistant
g724e_pold1 + chemotherapy,Sensitive
g724e_pold1 + irinotecan,Sensitive
g724k_egfr + afatinib,Unknown
g724k_egfr + osimertinib,Unknown
g724s_egfr + cetuximab,Sensitive
g724s_egfr + cisplatin,Resistant
g724s_egfr + dacomitinib,Sensitive
g724s_egfr + egfr tyrosine kinase inhibitor therapy,Resistant
g724s_egfr + epidermal growth factor receptor tyrosine kinase inhibitor,Resistant
g724s_egfr + erlotinib,Resistant
g724s_egfr + icotinib,Resistant
g724s_egfr + panitumumab,Sensitive
g724s_egfr + tyrosine kinase inhibitor,Resistant
g729a_egfr + afatinib,Sensitive
g729a_egfr + icotinib,Resistant
g729a_egfr + osimertinib,Sensitive
g729v_egfr + chemotherapy,Unrelated
g729v_egfr + erlotinib,Unrelated
g729v_egfr + gefitinib,Unrelated
g729v_egfr + osimertinib,Resistant
g738c_tp53 + metformin,Sensitive
g741e_erbb4 + neratinib,Unknown
g741e_erbb4 + tyrosine kinase inhibitor,Unknown
g742d_sf3b1 + immunotherapy,Sensitive
g742d_sf3b1 + ipilimumab,Sensitive
g742d_sf3b1 + nivolumab,Sensitive
g74r_esr1 + hormone therapy,Unknown
g76e_braf + cetuximab,Resistant
g776delinsvc_erbb2 + chemotherapy,Unrelated
g776delinsvc_erbb2 + immunotherapy,Resistant
g776lc_erbb2 + erlotinib,Resistant
g776lc_erbb2 + gefitinib,Resistant
g776lc_erbb2 + neratinib,Sensitive
g776lc_erbb2 + tyrosine kinase inhibitor,Sensitive
g776v_erbb2 + akt inhibitor mk2206,Unrelated
g776v_erbb2 + alpelisib,Unrelated
g776v_erbb2 + buparlisib,Unrelated
g776v_erbb2 + everolimus,Sensitive
g776v_erbb2 + gefitinib,Resistant
g776v_erbb2 + lapatinib,Resistant
g776v_erbb2 + osimertinib,Sensitive
g776v_erbb2 + trametinib,Unrelated
g776v_erbb2 + trastuzumab,Unknown
g776v_erbb2 + tyrosine kinase inhibitor,Resistant
g776vc_erbb2 + erlotinib,Resistant
g776vc_erbb2 + gefitinib,Resistant
g776vc_erbb2 + neratinib,Sensitive
g776vc_erbb2 + tyrosine kinase inhibitor,Sensitive
g776yvma_erbb2 + gefitinib,Resistant
g776yvma_erbb2 + lapatinib,Sensitive
g776yvma_erbb2 + staurosporine,Unrelated
g776yvma_erbb2 + tyrosine kinase inhibitor,Unknown
g778p780dup_erbb2 + afatinib,Sensitive
g778p780dup_erbb2 + fulvestrant,Unknown
g778p780dup_erbb2 + hormone therapy,Unknown
g778p780dup_erbb2 + neratinib,Unknown
g778p780dup_erbb2 + poziotinib,Sensitive
g778p780dup_erbb2 + trastuzumab,Sensitive
g778p780dup_erbb2 + trastuzumab emtansine,Sensitive
g778p780dup_erbb2 + tyrosine kinase inhibitor,Unknown
g778p780insgsp_erbb2 + afatinib,Sensitive
g778p780insgsp_erbb2 + trastuzumab,Unknown
g778p780insgsp_erbb2 + trastuzumab emtansine,Unknown
g778s779insg_erbb2 + afatinib,Sensitive
g778s779insg_erbb2 + neratinib,Sensitive
g778s779insg_erbb2 + osimertinib,Sensitive
g778s779insg_erbb2 + trastuzumab,Unknown
g779a_egfr + erlotinib,Resistant
g779f_egfr + atezolizumab,Unknown
g779f_egfr + bevacizumab,Unknown
g779f_egfr + chemotherapy,Sensitive
g779f_egfr + durvalumab,Sensitive
g779f_egfr + immunotherapy,Sensitive
g779f_egfr + osimertinib,Resistant
g796_egfr + brigatinib,Resistant
g796_egfr + gefitinib,Unknown
g796_egfr + osimertinib,Resistant
g796_egfr + tyrosine kinase inhibitor,Resistant
g796a_egfr + chemotherapy,Unrelated
g796a_egfr + erlotinib,Unrelated
g796a_egfr + gefitinib,Unrelated
g796a_egfr + osimertinib,Resistant
g796c_egfr + osimertinib,Resistant
g796c_egfr + rociletinib,Resistant
g796c_egfr + tyrosine kinase inhibitor,Resistant
g796d_egfr + canertinib,Resistant
g796d_egfr + erlotinib,Resistant
g796d_egfr + lapatinib,Resistant
g796r_egfr + canertinib,Resistant
g796r_egfr + erlotinib,Resistant
g796r_egfr + lapatinib,Resistant
g796r_egfr + osimertinib,Resistant
g796s_egfr + afatinib,Resistant
g796s_egfr + chemotherapy,Unrelated
g796s_egfr + erlotinib,Unrelated
g796s_egfr + osimertinib,Resistant
g797x_egfr + afatinib,Unknown
g797x_egfr + chemotherapy,Unrelated
g797x_egfr + erlotinib,Unknown
g797x_egfr + gefitinib,Unknown
g797x_egfr + osimertinib,Resistant
g810_ret + cabozantinib,Resistant
g810_ret + capmatinib,Unrelated
g810_ret + pralsetinib,Sensitive
g810a_ret + nintedanib,Sensitive
g810a_ret + ponatinib,Sensitive
g810a_ret + pralsetinib,Unknown
g810a_ret + selpercatinib,Unknown
g810a_ret + vandetanib,Resistant
g810c_ret + cabozantinib,Resistant
g810c_ret + chemotherapy,Unrelated
g810c_ret + pralsetinib,Resistant
g810c_ret + selpercatinib,Resistant
g810r_ret + cabozantinib,Resistant
g810r_ret + chemotherapy,Unrelated
g810r_ret + pralsetinib,Resistant
g810r_ret + selpercatinib,Resistant
g810s_ret + chemotherapy,Unrelated
g810s_ret + lenvatinib,Resistant
g810s_ret + nintedanib,Resistant
g810s_ret + ponatinib,Unknown
g810s_ret + pralsetinib,Resistant
g810s_ret + selpercatinib,Resistant
g810s_ret + trametinib,Sensitive
g810s_ret + vandetanib,Resistant
g810v_ret + cabozantinib,Resistant
g810x_ret + cabozantinib,Resistant
g810x_ret + capmatinib,Unrelated
g810x_ret + pralsetinib,Sensitive
g810x_ret + vandetanib,Resistant
g81v_nfe2l2 + alpelisib,Unrelated
g81v_nfe2l2 + mtor inhibitor,Unrelated
g823e_ret + selpercatinib,Unknown
g870a_ccnd1 + radiation therapy,Resistant
g870r_erbb4 + neratinib,Unknown
g870r_erbb4 + tyrosine kinase inhibitor,Unknown
g894s_ret + selpercatinib,Resistant
g907e_erbb4 + neratinib,Unknown
g907e_erbb4 + tyrosine kinase inhibitor,Unknown
g909r_cdk12 + chemotherapy,Sensitive
g909r_cdk12 + cisplatin,Sensitive
g909r_cdk12 + melphalan,Sensitive
g909r_cdk12 + radiation therapy,Unknown
g909r_cdk12 + veliparib,Sensitive
g936e_erbb4 + neratinib,Sensitive
g936e_erbb4 + tyrosine kinase inhibitor,Sensitive
g952a_mitf + radiation ionizing radiotherapy,Unrelated
g952a_mitf + radiation therapy,Unrelated
g978r_brip1 + chemotherapy,Unknown
g978r_brip1 + cisplatin,Unknown
g978r_brip1 + cytoreductive surgery,Unrelated
gkm_trk + entrectinib,Resistant
gkm_trk + larotrectinib,Resistant
gkm_trk + repotrectinib,Sensitive
gkm_trk + selitrectinib,Resistant
gkm_trk + trk inhibitor,Unknown
gln13ter_fancc + chemotherapy,Unrelated
gln13ter_fancc + dabrafenib,Unrelated
gln13ter_fancc + dabrafenib/trametinib regimen,Unrelated
gln13ter_fancc + pembrolizumab,Unrelated
gln13ter_fancc + trametinib,Unrelated
gln1701_fancm + mitomycin,Sensitive
gln1701_fancm + olaparib,Sensitive
gln1756profs74_brca1 + hormone therapy,Sensitive
gln1756profs74_brca1 + radiation ionizing radiotherapy,Unrelated
gln1756profs74_brca1 + radiation therapy,Unrelated
gln192serfs17_tp53 + cisplatin,Unknown
gln199stop_sufu + radiation therapy,Unrelated
gln2071ter_nf1 + radiation therapy,Unknown
gln2128_arid1a + decitabine,Unknown
gln2128_arid1a + hypercvad regimen,Unknown
gln2128_arid1a + venetoclax,Unknown
gln3026ter_brca2 + chemotherapy,Unknown
gln564ter_bard1 + chemotherapy,Unrelated
gln564x_bard1 + chemotherapy,Unrelated
gln61_kras + cetuximab,Resistant
gln61_kras + chemotherapy,Unknown
gln850ter_rb1 + radiation therapy,Unrelated
gln855fs_brca1 + afimoxifene,Unknown
gln855fs_brca1 + hormone therapy,Unrelated
gln855fs_brca1 + radiation therapy,Unrelated
gln855fs_brca1 + tamoxifen,Unrelated
gln999_apc + chemotherapy,Unrelated
glu143_brca1 + chemotherapy,Sensitive
glu143_brca1 + cytoreductive surgery,Unrelated
glu143_brca1 + olaparib,Resistant
glu161del_chek2 + imatinib,Unrelated
glu161del_chek2 + radiation therapy,Sensitive
glu237glyfster4_rb1 + melphalan,Unknown
glu255_brca1 + chemotherapy,Unrelated
glu255_brca1 + cisplatin,Unrelated
glu255_brca1 + olaparib,Sensitive
glu255ter_msh6 + adjuvant chemotherapy,Unknown
glu255ter_msh6 + chemotherapy,Unknown
glu255ter_msh6 + therapeutic tumor infiltrating lymphocytes,Unrelated
glu339ter_tp53 + chemotherapy,Resistant
glu346leufs25_tp53 + chemotherapy,Resistant
glu388aly_fgfr4 + chemotherapy,Resistant
glu38del_map3k9 + immunotherapy,Sensitive
glu466del_mutyh + adjuvant chemotherapy,Unknown
glu466del_mutyh + chemotherapy,Unknown
glu466del_mutyh + therapeutic tumor infiltrating lymphocytes,Unrelated
glu57del_pold1 + immunotherapy,Sensitive
glu709thr710delinsasp_egfr + chemotherapy,Resistant
glu709thr710delinsasp_egfr + cisplatin,Resistant
glu709thr710delinsasp_egfr + osimertinib,Sensitive
glu709x_egfr + chemotherapy,Unknown
glu746ala750del_egfr + afatinib,Sensitive
glu746ala750del_egfr + tyrosine kinase inhibitor,Sensitive
gluala750del_egfr + crizotinib,Unknown
gluala750del_egfr + icotinib,Sensitive
gluala750del_egfr + osimertinib,Sensitive
gly2181glufs10_brca2 + carboplatin,Sensitive
gly2181glufs10_brca2 + chemotherapy,Sensitive
gly2181glufs10_brca2 + cisplatin,Sensitive
gly2181glufs10_brca2 + docetaxel,Resistant
gly266_phe270del_tp53 + cisplatin,Unknown
gly388_fgfr4 + adjuvant chemotherapy,Unrelated
gly388_fgfr4 + chemotherapy,Unrelated
gly388_fgfr4 + fluorouracil,Unrelated
gly388_fgfr4 + folfox regimen,Unrelated
gly388_fgfr4 + immunomodulatory oligonucleotide,Unrelated
gly388_fgfr4 + leucovorin,Unrelated
gly388_fgfr4 + oxaliplatin,Unrelated
gly594valfs48_bap1 + radiation ionizing radiotherapy,Unrelated
gly594valfs48_bap1 + radiation therapy,Unrelated
gly659fs_rnf43 + cetuximab,Resistant
gly719x_egfr + chemotherapy,Unknown
gly86dup_twist1 + chemotherapy,Unknown
gp130y757f + bazedoxifene,Sensitive
h100l_cdk6 + palbociclib,Sensitive
h100q_ar + abiraterone,Unknown
h100q_ar + apalutamide,Resistant
h100q_ar + docetaxel,Unrelated
h100q_ar + enzalutamide,Resistant
h1047_pik3ca + alpelisib,Sensitive
h1047_pik3ca + chemotherapy,Sensitive
h1047_pik3ca + everolimus,Sensitive
h1047_pik3ca + fulvestrant,Unknown
h1047_pik3ca + immunotherapy,Unknown
h1047_pik3ca + palbociclib,Unknown
h1047_pik3ca + radiation therapy,Unrelated
h1047_pik3ca + tamoxifen,Sensitive
h1047l_pik3ca + afatinib,Unrelated
h1047l_pik3ca + alvocidib,Unrelated
h1047l_pik3ca + belinostat,Sensitive
h1047l_pik3ca + buparlisib,Unknown
h1047l_pik3ca + capivasertib,Sensitive
h1047l_pik3ca + carboplatin,Sensitive
h1047l_pik3ca + cetuximab,Resistant
h1047l_pik3ca + cisplatin,Unknown
h1047l_pik3ca + dactolisib,Sensitive
h1047l_pik3ca + docetaxel,Sensitive
h1047l_pik3ca + doxorubicin,Resistant
h1047l_pik3ca + epirubicin,Sensitive
h1047l_pik3ca + folfiri regimen,Unrelated
h1047l_pik3ca + lapatinib,Unrelated
h1047l_pik3ca + lucitanib,Sensitive
h1047l_pik3ca + mtor inhibitor,Resistant
h1047l_pik3ca + paclitaxel,Resistant
h1047l_pik3ca + pictilisib,Unrelated
h1047l_pik3ca + ribociclib,Resistant
h1047l_pik3ca + tamoxifen,Unknown
h1047l_pik3ca + therapeutic tumor infiltrating lymphocytes,Unknown
h1047l_pik3ca + vorinostat,Sensitive
h1047q_pik3ca + chemotherapy,Unknown
h1047r_pi3k + abemaciclib,Sensitive
h1047r_pi3k + buparlisib,Sensitive
h1047r_pi3k + elacestrant,Sensitive
h1047r_pi3k + hormone therapy,Sensitive
h1047r_pi3k + letrozole,Unknown
h1047r_pi3k + paclitaxel,Sensitive
h1047r_pi3k + taselisib,Resistant
h1047r_pi3k + tucatinib,Sensitive
h1047r_pi3kca + adjuvant chemotherapy,Unrelated
h1047r_pi3kca + alpelisib,Sensitive
h1047r_pi3kca + braf inhibitor,Resistant
h1047r_pi3kca + cetuximab,Sensitive
h1047r_pi3kca + chemotherapy,Resistant
h1047r_pi3kca + cisplatin,Unknown
h1047r_pi3kca + dabrafenib,Unknown
h1047r_pi3kca + dabrafenib/trametinib regimen,Unknown
h1047r_pi3kca + fulvestrant,Sensitive
h1047r_pi3kca + gemcitabine,Unknown
h1047r_pi3kca + lapatinib,Resistant
h1047r_pi3kca + mtor inhibitor,Sensitive
h1047r_pi3kca + onartuzumab,Resistant
h1047r_pi3kca + sirolimus,Unknown
h1047r_pi3kca + sorafenib,Unrelated
h1047r_pi3kca + sorafenib tosylate,Unrelated
h1047r_pi3kca + taselisib,Sensitive
h1047r_pi3kca + temsirolimus,Sensitive
h1047r_pi3kca + trametinib,Unknown
h1047r_pi3kca + vemurafenib,Resistant
h1047r_pik3ca + 714,Unknown
h1047r_pik3ca + a66,Sensitive
h1047r_pik3ca + alvocidib,Unrelated
h1047r_pik3ca + belinostat,Sensitive
h1047r_pik3ca + bet inhibitor,Unknown
h1047r_pik3ca + binimetinib,Unrelated
h1047r_pik3ca + c-met inhibitor,Sensitive
h1047r_pik3ca + capecitabine,Sensitive
h1047r_pik3ca + capivasertib,Sensitive
h1047r_pik3ca + cdk4/6 inhibition,Sensitive
h1047r_pik3ca + copanlisib,Sensitive
h1047r_pik3ca + ctla-4 inhibitor,Unrelated
h1047r_pik3ca + elacestrant,Sensitive
h1047r_pik3ca + ezh2 inhibitor,Unknown
h1047r_pik3ca + folfiri regimen,Unrelated
h1047r_pik3ca + gefitinib,Resistant
h1047r_pik3ca + her2 inhibitor cp-724,Sensitive
h1047r_pik3ca + immune checkpoint inhibitor,Sensitive
h1047r_pik3ca + ipilimumab,Unrelated
h1047r_pik3ca + irinotecan,Resistant
h1047r_pik3ca + lucitanib,Sensitive
h1047r_pik3ca + osimertinib,Resistant
h1047r_pik3ca + oxaliplatin,Unknown
h1047r_pik3ca + panitumumab,Resistant
h1047r_pik3ca + pazopanib,Resistant
h1047r_pik3ca + pemetrexed,Unknown
h1047r_pik3ca + pi3k/bet inhibitor ly294002,Sensitive
h1047r_pik3ca + pi3kbeta inhibitor azd8186,Sensitive
h1047r_pik3ca + prednisone,Unrelated
h1047r_pik3ca + pyrotinib,Resistant
h1047r_pik3ca + radioactive iodine,Unknown
h1047r_pik3ca + rogaratinib,Resistant
h1047r_pik3ca + samotolisib,Unknown
h1047r_pik3ca + sapanisertib,Unknown
h1047r_pik3ca + selumetinib,Unrelated
h1047r_pik3ca + talazoparib,Sensitive
h1047r_pik3ca + tanespimycin,Unknown
h1047r_pik3ca + taselisib,Sensitive
h1047r_pik3ca + temsirolimus,Sensitive
h1047r_pik3ca + trabectedin,Resistant
h1047r_pik3ca + trastuzumab deruxtecan,Sensitive
h1047r_pik3ca + trastuzumab emtansine,Resistant
h1047r_pik3ca + tucatinib,Sensitive
h1047r_pik3ca + vemurafenib,Resistant
h1047r_pik3ca + venetoclax,Unknown
h1047r_pik3ca + vistusertib,Unknown
h1047r_pik3ca + vorinostat,Sensitive
h1047t_pik3ca + buparlisib,Unknown
h1047t_pik3ca + chemotherapy,Resistant
h1047t_pik3ca + doxorubicin,Resistant
h1047x_pi3k + alpelisib,Sensitive
h1047x_pi3k + fulvestrant,Sensitive
h1047x_pi3k + mtor inhibitor,Unrelated
h1047x_pik3ca + abemaciclib,Sensitive
h1047x_pik3ca + lapatinib,Sensitive
h1047x_pik3ca + metformin,Unrelated
h1047x_pik3ca + mtor inhibitor,Sensitive
h1047x_pik3ca + trastuzumab,Resistant
h1047y_pik3ca + adjuvant chemotherapy,Unknown
h1047y_pik3ca + alpelisib,Sensitive
h1047y_pik3ca + bevacizumab,Resistant
h1047y_pik3ca + cetuximab,Resistant
h1047y_pik3ca + doxorubicin,Resistant
h1047y_pik3ca + everolimus,Resistant
h1047y_pik3ca + folfiri regimen,Unrelated
h1047y_pik3ca + hormone therapy,Sensitive
h1047y_pik3ca + pictilisib,Unrelated
h1047y_pik3ca + tamoxifen,Unknown
h1047y_pik3ca + temsirolimus,Resistant
h1048r_pik3ca + alpelisib,Unknown
h1048r_pik3ca + fulvestrant,Unrelated
h1065l_pik3ca + alpelisib,Resistant
h1065l_pik3ca + fulvestrant,Unknown
h1065l_pik3ca + palbociclib,Unknown
h1074r_pik3ca + abiraterone,Unknown
h1074r_pik3ca + enzalutamide,Unknown
h1097r_met + chemotherapy,Unknown
h1097r_met + immunotherapy,Unknown
h1112y_met + chemotherapy,Unknown
h1112y_met + immunotherapy,Unknown
h131r_fcgr2a + adjuvant chemotherapy,Unrelated
h131r_fcgr2a + anti-egfr monoclonal antibody,Unrelated
h131r_fcgr2a + doxorubicin,Unrelated
h131r_fcgr2a + fluorouracil,Unknown
h131r_fcgr2a + immunotherapy,Sensitive
h131r_fcgr2a + irinotecan,Unknown
h131r_fcgr2a + oxaliplatin,Unknown
h131r_fcgr2a + panitumumab,Unrelated
h131r_fcgr2a + trastuzumab,Unrelated
h131r_fcgr3a + therapeutic tumor infiltrating lymphocytes,Unknown
h131r_fcgr3a + trastuzumab,Resistant
h1459r_plec + immunotherapy,Unknown
h150y_nfe2l2 + cisplatin,Unknown
h155fs_tcf7 + mtor inhibitor,Resistant
h1620r_tsc2 + everolimus,Sensitive
h1620r_tsc2 + sirolimus,Unknown
h167n173del_fgfr2 + futibatinib,Unknown
h179r_tp53 + chemotherapy,Unknown
h179r_tp53 + doxorubicin,Resistant
h179y_tp53 + arsenic trioxide,Unknown
h179y_tp53 + fulvestrant,Unknown
h179y_tp53 + hormone therapy,Unknown
h179y_tp53 + tamoxifen,Unknown
h193l_tp53 + alpelisib,Sensitive
h1968y_mtor + alpelisib,Unknown
h1968y_mtor + capivasertib,Unknown
h1968y_mtor + pi3k/bet inhibitor ly294002,Sensitive
h1968y_mtor + temsirolimus,Resistant
h2189y_mtor + akt inhibitor mk2206,Sensitive
h2189y_mtor + capivasertib,Unknown
h2189y_mtor + everolimus,Sensitive
h2189y_mtor + mtor inhibitor,Sensitive
h2189y_mtor + pi3k/bet inhibitor ly294002,Sensitive
h238y_akt1 + everolimus,Sensitive
h27fs_hras + tipifarnib,Sensitive
h28fs_hras + tipifarnib,Sensitive
h310q_gsk3 + chemotherapy,Resistant
h3154fs_brca2 + capecitabine,Sensitive
h3154fs_brca2 + chemotherapy,Sensitive
h3154fs_brca2 + eribulin,Sensitive
h3154fs_brca2 + hormone therapy,Sensitive
h3154fs_brca2 + olaparib,Sensitive
h33k27m_h3f3a + bevacizumab,Unknown
h33k27m_h3f3a + chemotherapy,Resistant
h33k27m_h3f3a + dordaviprone,Unrelated
h33k27m_h3f3a + erdafitinib,Unrelated
h33k27m_h3f3a + ponatinib,Unrelated
h33k27m_h3f3a + ribociclib,Sensitive
h362r_csf1r + pexidartinib,Sensitive
h363y_sirt1 + cisplatin,Sensitive
h363y_sirt1 + erlotinib,Sensitive
h377r_esr1 + abemaciclib,Unknown
h377r_esr1 + hormone therapy,Unknown
h377r_esr1 + palbociclib,Sensitive
h377r_esr1 + ribociclib,Unrelated
h398y_esr1 + aromatase inhibitor,Unknown
h398y_esr1 + chemotherapy,Unknown
h398y_esr1 + tamoxifen,Unknown
h399p_brca1 + alpelisib,Unrelated
h399p_brca1 + talazoparib,Sensitive
h3k27m_h3c2 + chemotherapy,Sensitive
h3k27m_h3c2 + radiation ionizing radiotherapy,Sensitive
h3k27m_h3c2 + radiation therapy,Sensitive
h3k27m_h3f3a + abemaciclib,Unrelated
h3k27m_h3f3a + afatinib,Unrelated
h3k27m_h3f3a + bevacizumab,Unknown
h3k27m_h3f3a + braf inhibitor,Unknown
h3k27m_h3f3a + carboplatin,Unrelated
h3k27m_h3f3a + cisplatin,Unknown
h3k27m_h3f3a + dabrafenib,Unrelated
h3k27m_h3f3a + nivolumab,Unrelated
h3k27m_h3f3a + osimertinib,Unrelated
h3k27m_h3f3a + panobinostat,Sensitive
h3k27m_h3f3a + samotolisib,Unknown
h3k27m_h3f3a + vincristine,Unrelated
h3k27m_h3f3a + vismodegib,Unrelated
h3k27m_hist1h3b + dordaviprone,Unknown
h3pk27m_h3f3a + radiation therapy,Sensitive
h3pk27m_hist1h3b + radiation therapy,Sensitive
h408n_ptch1 + cisplatin,Unknown
h408n_ptch1 + valproic acid,Resistant
h429fs27_flcn + iodine i-131,Resistant
h429fs27_flcn + radiation ionizing radiotherapy,Sensitive
h429fs27_flcn + radiation therapy,Sensitive
h46h_ercc5 + radiation therapy,Unrelated
h473r_erbb2 + afatinib,Unknown
h473r_erbb2 + lapatinib,Resistant
h473r_erbb2 + neratinib,Unknown
h473r_erbb2 + trastuzumab,Resistant
h473r_erbb2 + trastuzumab emtansine,Resistant
h488n_esr1 + hormone therapy,Resistant
h488n_esr1 + tamoxifen,Resistant
h50r_sdhd + bosutinib,Sensitive
h524l_esr1 + chemotherapy,Unknown
h524l_esr1 + fulvestrant,Sensitive
h524l_esr1 + neratinib,Unrelated
h524l_esr1 + tyrosine kinase inhibitor,Unrelated
h594p_ret + selpercatinib,Sensitive
h595y_mtrr + chemotherapy,Unrelated
h596r_ppm1d + adjuvant chemotherapy,Unknown
h596r_ppm1d + chemotherapy,Unknown
h596r_ppm1d + docetaxel,Unknown
h63d_hfe + metformin,Unrelated
h68qfs3_smarcb1 + chemotherapy,Resistant
h773dup_egfr + erlotinib,Unknown
h773dup_egfr + gefitinib,Unknown
h773dup_egfr + osimertinib,Unknown
h773dup_egfr + poziotinib,Unknown
h773duph_egfr + mobocertinib,Resistant
h773insnph_egfr + afatinib,Resistant
h773insnph_egfr + mobocertinib,Resistant
h773insnph_egfr + osimertinib,Resistant
h773insnph_egfr + poziotinib,Sensitive
h773l_egfr + afatinib,Resistant
h773l_egfr + canertinib,Sensitive
h773l_egfr + epidermal growth factor receptor tyrosine kinase inhibitor,Resistant
h773l_egfr + erlotinib,Sensitive
h773l_egfr + lapatinib,Sensitive
h773l_egfr + osimertinib,Sensitive
h773v774insah_egfr + afatinib,Unknown
h773v774insah_egfr + erlotinib,Unknown
h773v774insah_egfr + gefitinib,Unknown
h773v774insah_egfr + osimertinib,Unknown
h773v774insah_egfr + poziotinib,Unknown
h773v774insah_egfr + tyrosine kinase inhibitor,Unknown
h773v774insh_egfr + afatinib,Unknown
h773v774insh_egfr + osimertinib,Resistant
h773v774insnph_egfr + mobocertinib,Unknown
h773y_egfr + cetuximab,Resistant
h833v_egfr + afatinib,Sensitive
h833v_egfr + osimertinib,Sensitive
h835l_egfr + afatinib,Sensitive
h835l_egfr + gefitinib,Sensitive
h835l_egfr + metformin,Unrelated
h835l_egfr + osimertinib,Sensitive
h83y_cdkn2a + gemcitabine,Resistant
h848y_erbb2 + lapatinib,Sensitive
h848y_erbb2 + pertuzumab,Sensitive
h848y_erbb2 + trastuzumab,Sensitive
h872r_ret + selpercatinib,Resistant
h874a_ar + bevacizumab,Unrelated
h874a_ar + chemotherapy,Unknown
h874a_ar + docetaxel,Unknown
h874a_ar + everolimus,Unrelated
h874y_ar + bicalutamide,Resistant
h874y_ar + chemotherapy,Unrelated
h874y_ar + enzalutamide,Unknown
h874y_ar + prednisone,Unrelated
h875t_ar + abiraterone,Unknown
h875t_ar + enzalutamide,Unknown
h875y_ar + bicalutamide,Resistant
h875y_ar + dexamethasone,Resistant
h875y_ar + docetaxel,Unrelated
h878y_erbb2 + mtor inhibitor,Sensitive
h878y_erbb2 + neratinib,Unknown
h878y_erbb2 + sirolimus,Sensitive
h878y_erbb2 + tyrosine kinase inhibitor,Sensitive
h95d_kras + adagrasib,Resistant
h95d_kras + sotorasib,Resistant
h95q_kras + adagrasib,Resistant
h95r_kras + adagrasib,Resistant
h95r_kras + sotorasib,Resistant
his773dup_egfr + erlotinib,Resistant
his773dup_egfr + osimertinib,Sensitive
his773dup_egfr + radiation therapy,Unrelated
hisarg_fcgr2a + cetuximab,Sensitive
hisarg_fcgr2a + chemotherapy,Unrelated
i103n_map2k1 + cobimetinib,Sensitive
i103n_map2k1 + crizotinib,Unrelated
i103n_map2k1 + methotrexate,Sensitive
i103n_map2k1 + selpercatinib,Unrelated
i103n_map2k1 + trametinib,Sensitive
i105v_gstp1 + bortezomib,Unrelated
i105v_gstp1 + chemotherapy,Unrelated
i105v_gstp1 + cisplatin,Sensitive
i105v_gstp1 + eribulin,Unrelated
i105v_gstp1 + fluorouracil,Unrelated
i105v_gstp1 + folfox regimen,Unrelated
i105v_gstp1 + hormone therapy,Unknown
i105v_gstp1 + oxaliplatin,Unrelated
i106fs4_arid1a + chemotherapy,Unknown
i109_ezh2 + gsk126,Resistant
i109_ezh2 + tazemetostat,Unknown
i109k_ezh2 + ezh2 inhibitor,Resistant
i109k_ezh2 + tazemetostat,Unknown
i1170n_alk + lorlatinib,Sensitive
i1171n_alk + alk inhibitor asp3026,Resistant
i1171n_alk + chemotherapy,Unrelated
i1171n_alk + olaparib,Unknown
i1171n_alk + osimertinib,Unrelated
i1171n_alk + tyrosine kinase inhibitor,Resistant
i1171s_alk + alectinib,Resistant
i1171s_alk + ceritinib,Resistant
i1171s_alk + crizotinib,Resistant
i1171s_alk + lorlatinib,Resistant
i1171s_alk + tyrosine kinase inhibitor,Resistant
i1171t_alk + alk inhibitor asp3026,Resistant
i1171t_alk + carboplatin,Unrelated
i1171t_alk + cisplatin,Unrelated
i1171t_alk + ibuprofen,Unrelated
i1171t_alk + immunotherapy,Unrelated
i1171t_alk + radiation therapy,Unrelated
i1171t_alk + tyrosine kinase inhibitor,Resistant
i1171x_alk + alectinib,Resistant
i1171x_alk + brigatinib,Unknown
i1171x_alk + ceritinib,Unknown
i1171x_alk + ensartinib,Unknown
i1171x_alk + lorlatinib,Resistant
i117n_alk + afatinib,Unrelated
i117n_alk + alectinib,Resistant
i117n_alk + ceritinib,Sensitive
i117n_alk + crizotinib,Unrelated
i117n_alk + erlotinib,Unrelated
i117n_alk + gefitinib,Unrelated
i117n_alk + immunotherapy,Unrelated
i117n_alk + osimertinib,Unrelated
i117n_alk + pembrolizumab,Unrelated
i117n_alk + radiation ionizing radiotherapy,Unrelated
i117n_alk + radiation therapy,Unrelated
i117n_alk + tyrosine kinase inhibitor,Unrelated
i119t_cdkn1b + radiation therapy,Unrelated
i1307k_apc + anti-pd-l1 monoclonal antibody,Unknown
i1307k_apc + atezolizumab,Unknown
i1307k_apc + hormone therapy,Resistant
i1307k_apc + immunotherapy,Unknown
i1307k_apc + therapeutic tumor infiltrating lymphocytes,Unknown
i1317k_apc + chemotherapy,Unknown
i141m_mia2 + adjuvant chemotherapy,Sensitive
i141m_mia2 + chemotherapy,Sensitive
i141m_mia2 + gemcitabine,Sensitive
i157t_chek2 + cisplatin,Unknown
i157t_chek2 + imatinib,Unrelated
i157t_chek2 + immunotherapy,Unknown
i157t_chek2 + radiation ionizing radiotherapy,Unrelated
i157t_chek2 + trastuzumab,Unknown
i157t_chk2 + chemotherapy,Unrelated
i159t_ddr2 + everolimus,Unknown
i159t_ddr2 + radiation ionizing radiotherapy,Unknown
i159t_ddr2 + radiation therapy,Unknown
i160m_chek2 + imatinib,Unrelated
i160m_chek2 + radiation therapy,Sensitive
i162f_tp53 + gemcitabine,Resistant
i162f_tp53 + paclitaxel,Unknown
i1636v_mtor + temsirolimus,Sensitive
i171v_nbn + chemotherapy,Sensitive
i173fs_atm + chemotherapy,Unknown
i173fs_atm + radiation therapy,Unknown
i180f_brca2 + hormone therapy,Unknown
i1908l_nf1 + chemotherapy,Unrelated
i1908l_nf1 + immunotherapy,Unknown
i1973f_mtor + everolimus,Sensitive
i213m_egfr + icotinib,Unknown
i225n_tp53 + chemotherapy,Unknown
i225n_tp53 + radiation therapy,Unknown
i2315t_brca2 + chemotherapy,Resistant
i2315t_brca2 + olaparib,Sensitive
i234t_psmb4 + immunotherapy,Unknown
i2490t_brca2 + olaparib,Unknown
i254fs_tp53 + immune checkpoint inhibitor,Unknown
i254fs_tp53 + immunotherapy,Unknown
i255del_tp53 + immune checkpoint inhibitor,Unknown
i255del_tp53 + immunotherapy,Unknown
i255t_tp53 + bevacizumab,Unrelated
i255t_tp53 + chemotherapy,Unrelated
i255t_tp53 + ctla-4 inhibitor,Unrelated
i255t_tp53 + immunotherapy,Unrelated
i255t_tp53 + ipilimumab,Unrelated
i255t_tp53 + nivolumab,Unrelated
i255t_tp53 + radiation ionizing radiotherapy,Unrelated
i255t_tp53 + radiation therapy,Unrelated
i255t_tp53 + trametinib,Unrelated
i2588yfsx60_brca2 + sunitinib,Unrelated
i2627f_brca2 + chemotherapy,Unrelated
i2627f_brca2 + olaparib,Sensitive
i27l_hnf1a + chemotherapy,Sensitive
i27l_hnf1a + irinotecan,Sensitive
i28t_nfe2l2 + alpelisib,Unrelated
i28t_nfe2l2 + mtor inhibitor,Unrelated
i291y308del_fgfr2 + pemigatinib,Sensitive
i319m_idh2 + enasidenib,Resistant
i322_tp53 + immunotherapy,Unknown
i326v_braf + bevacizumab,Unrelated
i326v_braf + chemotherapy,Unrelated
i326v_braf + panitumumab,Resistant
i343v_pofut1 + chemotherapy,Unrelated
i357s_gpr155 + chemotherapy,Resistant
i36v_ap3d1 + cyclophosphamide,Unrelated
i36v_ap3d1 + doxorubicin,Unrelated
i36v_ap3d1 + prednisone,Unrelated
i36v_ap3d1 + ruxolitinib,Unrelated
i36v_ap3d1 + vincristine,Unrelated
i463t_braf + chemotherapy,Unknown
i487m_esr1 + abemaciclib,Unknown
i487m_esr1 + adjuvant chemotherapy,Unknown
i487m_esr1 + exemestane,Unknown
i487m_esr1 + letrozole,Unknown
i487m_esr1 + palbociclib,Unknown
i487m_esr1 + ribociclib,Unknown
i491m_egfr + cetuximab,Resistant
i491m_egfr + futuximab/modotuximab mixture,Sensitive
i49t_cdkn2a + chemotherapy,Resistant
i49t_cdkn2a + gefitinib,Unrelated
i49t_cdkn2a + hormone therapy,Unrelated
i49t_cdkn2a + osimertinib,Unrelated
i49t_cdkn2a + palbociclib,Sensitive
i563l576del_kit + imatinib,Sensitive
i628t_erbb2 + afatinib,Unknown
i628t_erbb2 + lapatinib,Resistant
i628t_erbb2 + neratinib,Unknown
i628t_erbb2 + trastuzumab,Resistant
i628t_erbb2 + trastuzumab emtansine,Resistant
i638f_ddr2 + dasatinib,Unknown
i645l_egfr + bet inhibitor,Resistant
i645l_egfr + jq1,Resistant
i645l_egfr + sorafenib,Unrelated
i645l_egfr + sorafenib tosylate,Unrelated
i646r_erbb3 + afatinib,Unknown
i646r_erbb3 + capecitabine,Unknown
i646r_erbb3 + lapatinib,Unknown
i654v_erbb2 + adjuvant chemotherapy,Unrelated
i654v_erbb2 + buparlisib,Unrelated
i654v_erbb2 + fulvestrant,Unrelated
i654v_erbb2 + lapatinib,Sensitive
i654v_erbb2 + taselisib,Unrelated
i654v_fgfr2 + pemigatinib,Resistant
i655v_erbb2 + adjuvant chemotherapy,Unknown
i655v_erbb2 + afatinib,Unknown
i655v_erbb2 + chemotherapy,Unknown
i655v_erbb2 + cyclophosphamide,Unknown
i655v_erbb2 + docetaxel,Unknown
i655v_erbb2 + hormone therapy,Unrelated
i655v_erbb2 + tyrosine kinase inhibitor,Unknown
i680t_rb1 + chemotherapy,Unrelated
i740k745dup_egfr + immune checkpoint inhibitor,Diagnostic
i740k745dup_egfr + immunotherapy,Diagnostic
i744k745inskipvai_egfr + gefitinib,Sensitive
i744v_egfr + afatinib,Sensitive
i749m_ntrk3 + radiation ionizing radiotherapy,Unrelated
i749m_ntrk3 + radiation therapy,Unrelated
i767m_erbb2 + fulvestrant,Unrelated
i767m_erbb2 + neratinib,Sensitive
i767m_erbb2 + trastuzumab,Sensitive
i767m_erbb2 + trastuzumab deruxtecan,Sensitive
i767m_erbb2 + tyrosine kinase inhibitor,Sensitive
i788n_ret + ceritinib,Unrelated
i788n_ret + crizotinib,Unrelated
i788n_ret + ponatinib,Sensitive
i789m_egfr + afatinib,Unknown
i789m_egfr + erlotinib,Unknown
i789m_egfr + gefitinib,Sensitive
i789m_egfr + lapatinib,Unknown
i795t_msh6 + immunotherapy,Diagnostic
i843d846del_pdgfra + adjuvant chemotherapy,Unknown
i843d846del_pdgfra + imatinib,Sensitive
i843d846delimhd_pdgfra + avapritinib,Sensitive
i843d846delimhd_pdgfra + imatinib,Sensitive
i853a_egfr + erlotinib,Resistant
i944n_palb2 + cisplatin,Sensitive
i975_jak1 + ipilimumab,Sensitive
i975_jak1 + nivolumab,Sensitive
i97mfs21_sdhb + crenolanib,Resistant
i97mfs21_sdhb + imatinib,Resistant
i97mfs21_sdhb + imatinib mesylate,Resistant
i97mfs21_sdhb + regorafenib,Sensitive
i99k104del_map2k1 + adagrasib,Resistant
i99k104del_map2k1 + sotorasib,Resistant
ile1145_abcb1 + chemotherapy,Resistant
ile1145_abcb1 + cisplatin,Resistant
ile1145_abcb1 + paclitaxel,Resistant
ile795metfs15_msh6 + immune checkpoint inhibitor,Sensitive
ile795metfs15_msh6 + pembrolizumab,Sensitive
ile946glnfster5_brca1 + cyproterone acetate,Unrelated
itd_flt3 + bosutinib,Unrelated
itd_flt3 + cyclophosphamide,Unrelated
itd_flt3 + dasatinib,Unrelated
itd_flt3 + daunorubicin,Unrelated
itd_flt3 + dovitinib,Resistant
itd_flt3 + enasidenib,Unrelated
itd_flt3 + etoposide,Unrelated
itd_flt3 + fludarabine,Unrelated
itd_flt3 + hypercvad regimen,Sensitive
itd_flt3 + imatinib,Unrelated
itd_flt3 + ivosidenib,Unrelated
itd_flt3 + methotrexate,Sensitive
itd_flt3 + nilotinib,Unrelated
itd_flt3 + omacetaxine mepesuccinate,Unknown
itd_flt3 + palbociclib,Sensitive
itd_flt3 + ponatinib,Sensitive
itd_flt3 + radiation therapy,Unrelated
itd_flt3 + sunitinib,Resistant
itd_flt3 + trаметinib,Unknown
itd_flt3 + tyrosine kinase inhibitor,Sensitive
itdf691l_flt3 + azacitidine,Sensitive
itdf691l_flt3 + venetoclax,Sensitive
k1002r_erbb4 + neratinib,Sensitive
k1002r_erbb4 + tyrosine kinase inhibitor,Sensitive
k1069q_notch1 + fulvestrant,Unknown
k1069q_notch1 + letrozole,Unknown
k1069q_notch1 + palbociclib,Resistant
k111del_pik3ca + apitolisib,Sensitive
k111del_pik3ca + carboplatin,Sensitive
k111e_pik3ca + alpelisib,Unknown
k111e_pik3ca + bevacizumab,Resistant
k111e_pik3ca + chemotherapy,Resistant
k111e_pik3ca + doxorubicin,Resistant
k111e_pik3ca + everolimus,Resistant
k111e_pik3ca + temsirolimus,Resistant
k117_kras + bevacizumab,Unknown
k117_kras + chemotherapy,Unknown
k117_ras + adagrasib,Unknown
k117_ras + sotorasib,Unknown
k117d_kras + cetuximab,Unrelated
k117d_kras + panitumumab,Unrelated
k117e_kras + cetuximab,Unrelated
k117e_kras + panitumumab,Unrelated
k117i_kras + cetuximab,Unrelated
k117i_kras + panitumumab,Unrelated
k117m_kras + cetuximab,Unrelated
k117m_kras + panitumumab,Unrelated
k117n_kras + adjuvant chemotherapy,Unknown
k117n_kras + bevacizumab,Resistant
k117n_kras + cetuximab,Unrelated
k117n_kras + chemotherapy,Unknown
k117n_kras + cytoreductive surgery,Unrelated
k117n_kras + entrectinib,Unrelated
k117n_kras + folfox regimen,Unknown
k117n_kras + hyperthermic intraperitoneal chemotherapy,Unrelated
k117n_kras + panitumumab,Unrelated
k117q_kras + cetuximab,Unrelated
k117q_kras + panitumumab,Unrelated
k117t_kras + cetuximab,Unrelated
k117t_kras + panitumumab,Unrelated
k1183r_brca1 + chemotherapy,Unknown
k1183r_brca1 + docetaxel,Unknown
k1183r_brca1 + olaparib,Sensitive
k1183r_brca1 + talazoparib,Unknown
k120fs_tp53 + chemotherapy,Unknown
k120fs_tp53 + gefitinib,Resistant
k120fs_tp53 + tyrosine kinase inhibitor,Resistant
k120r_tp53 + radiation therapy,Resistant
k120r_tp53 + vorinostat,Unknown
k1223t_erbb4 + neratinib,Unknown
k1223t_erbb4 + tyrosine kinase inhibitor,Unknown
k1249nfs9_dicer1 + chemotherapy,Unknown
k1249nfs9_dicer1 + temozolomide,Unknown
k1263_nf1 + nivolumab,Unknown
k1263_nf1 + olaparib,Unknown
k1263_nf1 + trametinib,Unknown
k129e_spop + radiation ionizing radiotherapy,Sensitive
k129e_spop + radiation therapy,Sensitive
k132e_fgf1 + etoposide,Resistant
k132r_tp53 + fulvestrant,Unknown
k132r_tp53 + hormone therapy,Unknown
k132r_tp53 + tamoxifen,Unknown
k1385r_nf1 + azacitidine,Unrelated
k1385r_nf1 + cobimetinib,Unknown
k1385r_nf1 + selumetinib,Sensitive
k1385r_nf1 + venetoclax,Resistant
k142rfs26_jak1 + ipilimumab,Sensitive
k142rfs26_jak1 + nivolumab,Sensitive
k1452n_mtor + sirolimus,Sensitive
k157e_creb3 + chemotherapy,Unknown
k161n_prkn + sirolimus,Unknown
k162fs_pd + avelumab,Resistant
k162fs_pd + cetuximab,Unrelated
k162fs_pd + chemotherapy,Unrelated
k16m_palb2 + cisplatin,Sensitive
k16m_palb2 + olaparib,Sensitive
k16m_palb2 + radiation ionizing radiotherapy,Unknown
k16m_palb2 + radiation therapy,Unknown
k1771r_mtor + everolimus,Sensitive
k2073i_pole + immunotherapy,Diagnostic
k2073i_pole + pembrolizumab,Diagnostic
k209n_lyn + aromatase inhibitor,Resistant
k209n_lyn + buparlisib,Unknown
k209n_lyn + dasatinib,Resistant
k209n_lyn + fulvestrant,Resistant
k209n_lyn + letrozole,Resistant
k219fs19_nbn + chemotherapy,Sensitive
k219fs_nbn + mitomycin,Sensitive
k219nfs16_nbn + olaparib,Sensitive
k219nfsx16_nbn + sunitinib,Unrelated
k220r_grk2 + chemotherapy,Resistant
k220r_grk2 + cisplatin,Resistant
k220r_grk2 + etoposide,Resistant
k222q_inhbe + ribociclib,Unrelated
k2316r_brca2 + abiraterone,Unknown
k235n_rad51c + olaparib,Unknown
k240n_emsy + chemotherapy,Unknown
k240n_emsy + cisplatin,Unknown
k240n_emsy + cyclophosphamide,Unknown
k240n_emsy + paclitaxel,Unknown
k259t_ercc1 + radiation therapy,Sensitive
k2729n_brca2 + olaparib,Unknown
k2797fs26_mll3 + chemotherapy,Unknown
k27altered_h3 + avapritinib,Sensitive
k27m_h3f3a + braf inhibitor,Sensitive
k27m_h3f3a + carboplatin,Unknown
k27m_h3f3a + chemotherapy,Unknown
k27m_h3f3a + crizotinib,Unrelated
k27m_h3f3a + dordaviprone,Unknown
k27m_h3f3a + irinotecan,Unknown
k27m_h3f3a + radiation ionizing radiotherapy,Diagnostic
k27m_h3f3a + temozolomide,Unknown
k27m_h3f3a + vincristine,Unknown
k27m_hist1h3b + adjuvant chemotherapy,Unrelated
k27m_hist1h3b + dordaviprone,Unknown
k27m_hist1h3b + poziotinib,Unrelated
k27m_hist1h3b + radiation ionizing radiotherapy,Unrelated
k27m_hist1h3b + radiation therapy,Unrelated
k27m_hist1h3b + temozolomide,Unknown
k28m_h3 + adjuvant chemotherapy,Unknown
k28m_h3 + braf inhibitor,Unknown
k28m_h3 + dabrafenib,Unknown
k28m_h3 + immunotherapy,Unknown
k28m_h3 + panobinostat,Sensitive
k28m_h3 + trametinib,Unknown
k28m_h3f3a + chemotherapy,Unknown
k28m_h3f3a + immunotherapy,Unrelated
k28m_h3f3a + radiation ionizing radiotherapy,Unrelated
k28m_h3f3a + temozolomide,Unknown
k291_tp53 + chemotherapy,Unknown
k291_tp53 + epirubicin,Unknown
k291fs_nbn + mitomycin,Sensitive
k29n_srd5a2 + radiation therapy,Unrelated
k303r_esr1 + tamoxifen,Resistant
k305_tp53 + adjuvant chemotherapy,Unknown
k305_tp53 + aromatase inhibitor,Unknown
k305_tp53 + chemotherapy,Unknown
k305_tp53 + fulvestrant,Unknown
k305_tp53 + letrozole,Unknown
k305_tp53 + palbociclib,Unknown
k305_tp53 + tamoxifen,Unknown
k305_tp53 + trastuzumab,Unknown
k305_tp53 + trastuzumab emtansine,Unknown
k310r_fgfr2 + ponatinib,Sensitive
k310r_fgfr2 + tyrosine kinase inhibitor,Sensitive
k329t_erbb3 + hormone therapy,Unrelated
k329t_erbb3 + neratinib,Resistant
k3326x_brca2 + cisplatin,Sensitive
k3326x_brca2 + mitomycin,Sensitive
k336m_araf + dabrafenib,Resistant
k347r_tsc2 + imatinib,Unknown
k347r_tsc2 + imatinib mesylate,Unknown
k347r_tsc2 + sirolimus,Sensitive
k347r_tsc2 + tyrosine kinase inhibitor,Unrelated
k34r_h3f3a + adjuvant chemotherapy,Unknown
k34r_h3f3a + bevacizumab,Unknown
k34r_h3f3a + chemotherapy,Unknown
k34r_h3f3a + radiation ionizing radiotherapy,Unknown
k34r_h3f3a + radiation therapy,Unknown
k34r_h3f3a + temozolomide,Unknown
k351q_fancd2 + chemotherapy,Unknown
k35m_cdk4 + azacitidine,Sensitive
k362n_esr1 + abemaciclib,Unknown
k362n_esr1 + adjuvant chemotherapy,Unknown
k362n_esr1 + exemestane,Unknown
k362n_esr1 + letrozole,Unknown
k362n_esr1 + palbociclib,Unknown
k362n_esr1 + ribociclib,Unknown
k373e_chk2 + enzalutamide,Sensitive
k383fs_msh3 + immunotherapy,Sensitive
k404x_wt1 + chemotherapy,Resistant
k409q_klf4 + sirolimus,Unrelated
k409q_klf4 + temsirolimus,Sensitive
k425q_pole + immunotherapy,Sensitive
k437fs22_brca2 + olaparib,Resistant
k454r_fak + sirolimus,Sensitive
k464r_mre11 + cisplatin,Unknown
k464r_mre11 + olaparib,Resistant
k466t_ezh2 + ezh2 inhibitor,Sensitive
k466t_ezh2 + gsk126,Sensitive
k467t_egfr + cetuximab,Resistant
k467t_egfr + futuximab/modotuximab mixture,Sensitive
k469e_ppm1d + chemotherapy,Unknown
k477dup_fh + chemotherapy,Sensitive
k477dup_fh + cisplatin,Unknown
k483e_braf + dabrafenib,Unknown
k483e_braf + vemurafenib,Unknown
k508m_fgfr3 + immunotherapy,Resistant
k508m_fgfr3 + pd173074,Resistant
k508r_fgfr3 + onalespib,Sensitive
k508r_fgfr3 + radiation therapy,Unknown
k508r_fgfr3 + temozolomide,Sensitive
k509n_kit + imatinib,Sensitive
k520k_esr1 + abemaciclib,Unknown
k520k_esr1 + adjuvant chemotherapy,Unknown
k520k_esr1 + exemestane,Unknown
k520k_esr1 + letrozole,Unknown
k520k_esr1 + palbociclib,Unknown
k520k_esr1 + ribociclib,Unknown
k521_egfr + cetuximab,Resistant
k521_egfr + chemotherapy,Unrelated
k521_egfr + radiation ionizing radiotherapy,Unrelated
k521_egfr + radiation therapy,Unrelated
k536x_tet2 + cyclophosphamide,Unknown
k536x_tet2 + doxorubicin,Unknown
k536x_tet2 + prednisone,Unknown
k536x_tet2 + vincristine,Unknown
k550k558del_kit + imatinib,Resistant
k550k558del_kit + regorafenib,Unknown
k550k558del_kit + sorafenib,Unknown
k550k558del_kit + sorafenib tosylate,Unknown
k550k558del_kit + sunitinib,Resistant
k550splice_kit + imatinib,Resistant
k550splice_kit + regorafenib,Unknown
k550splice_kit + sorafenib,Resistant
k550splice_kit + sorafenib tosylate,Resistant
k550splice_kit + sunitinib,Resistant
k558_g565delinsr_kit + sunitinib,Sensitive
k57e_map2k1 + alpelisib,Unrelated
k57e_map2k1 + cetuximab,Resistant
k57e_map2k1 + erlotinib,Resistant
k57e_map2k1 + everolimus,Unrelated
k57e_map2k1 + folfiri regimen,Unrelated
k57e_map2k1 + immunotherapy,Unrelated
k57e_map2k1 + ivosidenib,Unrelated
k57e_map2k1 + mtor inhibitor,Unrelated
k57e_map2k1 + selumetinib,Unrelated
k57e_map2k1 + trametinib,Sensitive
k57e_mek1 + braf inhibitor,Resistant
k57e_mek1 + dabrafenib,Resistant
k57e_mek1 + dabrafenib/trametinib regimen,Resistant
k57e_mek1 + trametinib,Resistant
k57e_mek1 + vemurafenib,Resistant
k57n_map2k1 + adagrasib,Resistant
k57n_map2k1 + alpelisib,Unrelated
k57n_map2k1 + everolimus,Unrelated
k57n_map2k1 + folfox regimen,Unrelated
k57n_map2k1 + immunotherapy,Unrelated
k57n_map2k1 + irinotecan,Unrelated
k57n_map2k1 + ivosidenib,Unrelated
k57n_map2k1 + mtor inhibitor,Unrelated
k57n_map2k1 + panitumumab,Resistant
k57n_map2k1 + pemetrexed,Unknown
k57n_map2k1 + selumetinib,Unrelated
k57n_map2k1 + sotorasib,Resistant
k57n_map2k1 + trametinib,Sensitive
k57t_map2k1 + adagrasib,Resistant
k57t_map2k1 + braf inhibitor,Resistant
k57t_map2k1 + cetuximab,Resistant
k57t_map2k1 + encorafenib,Unknown
k57t_map2k1 + irinotecan,Unknown
k57t_map2k1 + panitumumab,Resistant
k57t_map2k1 + selumetinib,Unknown
k57t_map2k1 + sorafenib,Sensitive
k57t_map2k1 + sorafenib tosylate,Sensitive
k57t_map2k1 + trametinib,Sensitive
k57t_mek1 + cetuximab,Resistant
k57t_mek1 + panitumumab,Resistant
k57t_mek1 + trametinib,Sensitive
k593q_egfr + icotinib,Unknown
k6001e_braf + chemotherapy,Resistant
k601_braf + anti-egfr monoclonal antibody,Sensitive
k601_braf + bevacizumab,Unrelated
k601_braf + braf inhibitor,Unknown
k601_braf + cetuximab,Sensitive
k601_braf + cisplatin,Unrelated
k601_braf + cobimetinib,Unknown
k601_braf + dabrafenib,Unknown
k601_braf + dabrafenib/trametinib regimen,Unknown
k601_braf + fluorouracil,Unrelated
k601_braf + immune checkpoint inhibitor,Unknown
k601_braf + immunotherapy,Unknown
k601_braf + irinotecan,Unrelated
k601_braf + oxaliplatin,Unrelated
k601_braf + panitumumab,Sensitive
k601_braf + trametinib,Unknown
k601_braf + vemurafenib,Unknown
k601e_braf + adjuvant chemotherapy,Unrelated
k601e_braf + bicalutamide,Unrelated
k601e_braf + binimetinib,Unknown
k601e_braf + crizotinib,Resistant
k601e_braf + docetaxel,Unrelated
k601e_braf + enzalutamide,Resistant
k601e_braf + hormone therapy,Unrelated
k601e_braf + icotinib,Unrelated
k601e_braf + irinotecan,Unrelated
k601e_braf + lenvatinib,Sensitive
k601e_braf + methotrexate,Unrelated
k601e_braf + pembrolizumab,Sensitive
k601e_braf + radiation ionizing radiotherapy,Unrelated
k601e_braf + radiation therapy,Unrelated
k601e_braf + rucaparib,Unrelated
k601e_braf + selumetinib,Unknown
k601e_braf + sorafenib,Unknown
k601e_braf + sorafenib tosylate,Unknown
k601e_braf + tyrosine kinase inhibitor,Resistant
k601i_braf + dabrafenib,Unknown
k601i_braf + trametinib,Unknown
k601n_braf + adjuvant chemotherapy,Unrelated
k601n_braf + dabrafenib/trametinib regimen,Resistant
k601n_braf + radiation ionizing radiotherapy,Unrelated
k601n_braf + radiation therapy,Unrelated
k601n_braf + vemurafenib,Unknown
k601q_braf + chemotherapy,Unknown
k601q_braf + immunotherapy,Unknown
k601t_braf + adjuvant chemotherapy,Unknown
k601t_braf + dabrafenib,Unknown
k601t_braf + radiation ionizing radiotherapy,Unrelated
k601t_braf + radiation therapy,Unrelated
k601t_braf + trametinib,Unknown
k601w_braf + immunotherapy,Sensitive
k601w_braf + ipilimumab,Sensitive
k601w_braf + nivolumab,Sensitive
k620k_emsy + chemotherapy,Unknown
k620k_emsy + cisplatin,Unknown
k620k_emsy + cyclophosphamide,Unknown
k620k_emsy + paclitaxel,Unknown
k630t_ar + cyproterone acetate,Resistant
k634a_pdgfrb + chemotherapy,Unrelated
k634a_pdgfrb + sunitinib,Resistant
k641r_fgfr2 + infigratinib,Unknown
k642e_kit + ponatinib,Sensitive
k642e_kit + regorafenib,Unknown
k644e_fgfr3 + chemotherapy,Unknown
k650e_fgfr3 + infigratinib,Sensitive
k650e_fgfr3 + ponatinib,Sensitive
k650e_fgfr3 + tyrosine kinase inhibitor,Sensitive
k650m_fgfr3 + chemotherapy,Unknown
k650m_fgfr3 + cisplatin,Unknown
k653e_pdgfrb + doxorubicin,Unknown
k654e_fgfr1 + dasatinib,Unrelated
k654e_fgfr1 + erdafitinib,Sensitive
k654e_fgfr1 + everolimus,Unrelated
k654e_fgfr1 + imatinib,Unknown
k654e_fgfr1 + ponatinib,Unrelated
k654e_fgfr1 + radiation ionizing radiotherapy,Unrelated
k654e_fgfr1 + radiation therapy,Unrelated
k654e_fgfr1 + trametinib,Unrelated
k656e_fgfr1 + bevacizumab,Unrelated
k656e_fgfr1 + chemotherapy,Unrelated
k656e_fgfr1 + cisplatin,Unrelated
k656e_fgfr1 + dasatinib,Unrelated
k656e_fgfr1 + erdafitinib,Sensitive
k656e_fgfr1 + everolimus,Unrelated
k656e_fgfr1 + fulvestrant,Unknown
k656e_fgfr1 + ponatinib,Unrelated
k656e_fgfr1 + radiation ionizing radiotherapy,Unrelated
k656e_fgfr1 + radiation therapy,Unrelated
k656e_fgfr1 + tyrosine kinase inhibitor,Sensitive
k659e_fgfr2 + afatinib,Unrelated
k659e_fgfr2 + alvocidib,Unrelated
k659e_fgfr2 + apitolisib,Unrelated
k659e_fgfr2 + belinostat,Unrelated
k659e_fgfr2 + immunotherapy,Unknown
k659e_fgfr2 + infigratinib,Unknown
k659e_fgfr2 + lapatinib,Unrelated
k659e_fgfr2 + lucitanib,Sensitive
k659e_fgfr2 + pemigatinib,Unknown
k659e_fgfr2 + pictilisib,Unrelated
k659e_fgfr2 + vorinostat,Unrelated
k659m_fgfr2 + alpelisib,Unrelated
k659m_fgfr2 + erdafitinib,Sensitive
k659m_fgfr2 + folfox regimen,Unrelated
k659m_fgfr2 + futibatinib,Unknown
k659m_fgfr2 + infigratinib,Unknown
k660n_fgfr2 + dovitinib,Resistant
k660n_fgfr2 + erdafitinib,Sensitive
k660n_fgfr2 + everolimus,Resistant
k660n_fgfr2 + fulvestrant,Resistant
k660n_fgfr2 + immunotherapy,Sensitive
k660n_fgfr2 + mtor inhibitor,Resistant
k660n_fgfr2 + palbociclib,Resistant
k660n_fgfr2 + trametinib,Resistant
k666n_sf3b1 + selinexor,Sensitive
k666n_sf3b1 + venetoclax,Sensitive
k674r_pik3r1 + buparlisib,Unknown
k674r_pik3r1 + doxorubicin,Resistant
k676e_erbb2 + lapatinib,Sensitive
k676e_erbb2 + neratinib,Sensitive
k687_fgfr1 + chemotherapy,Unknown
k687e_fgfr1 + erdafitinib,Sensitive
k700e_sf3b1 + adjuvant chemotherapy,Unknown
k700e_sf3b1 + fludarabine,Resistant
k700e_sf3b1 + gemcitabine,Sensitive
k700e_sf3b1 + hormone therapy,Resistant
k700e_sf3b1 + immunotherapy,Sensitive
k700e_sf3b1 + spliceostatin a,Sensitive
k700e_sf3b1 + venetoclax,Sensitive
k708r_egfr + cetuximab,Sensitive
k708r_egfr + panitumumab,Sensitive
k714r_fgfr2 + folfox regimen,Unrelated
k714r_fgfr2 + futibatinib,Unknown
k714r_fgfr2 + infigratinib,Unknown
k742e_erbb3 + afimoxifene,Unrelated
k742e_erbb3 + fulvestrant,Unknown
k742e_erbb3 + lapatinib,Unknown
k745l_egfr + afatinib,Resistant
k745l_egfr + osimertinib,Resistant
k745r_egfr + canertinib,Unknown
k745r_egfr + erlotinib,Unknown
k745r_egfr + gefitinib,Unknown
k745r_egfr + tyrosine kinase inhibitor,Unknown
k751m_erbb4 + afatinib,Resistant
k751q_ercc2 + cisplatin,Unrelated
k751q_ercc2 + cyclophosphamide,Resistant
k751q_ercc2 + cytoreductive surgery,Unrelated
k751q_ercc2 + doxorubicin,Resistant
k751q_ercc2 + folfox regimen,Sensitive
k751q_ercc2 + oxaliplatin,Sensitive
k751q_ercc2 + paclitaxel,Unrelated
k751q_ercc2 + radiation therapy,Unrelated
k751q_xpd + carboplatin,Unrelated
k751q_xpd + chemotherapy,Unrelated
k751q_xpd + cisplatin,Unrelated
k753e_erbb2 + lapatinib,Resistant
k753e_erbb2 + neratinib,Sensitive
k753e_erbb2 + trastuzumab,Resistant
k753i_erbb2 + adjuvant chemotherapy,Unknown
k753i_erbb2 + capecitabine,Unknown
k753i_erbb2 + lapatinib,Resistant
k753i_erbb2 + pertuzumab,Unknown
k753i_erbb2 + pyrotinib,Sensitive
k753i_erbb2 + trastuzumab,Unknown
k754e_egfr + afatinib,Sensitive
k754e_egfr + gefitinib,Resistant
k754e_egfr + osimertinib,Resistant
k757e_egfr + erlotinib,Resistant
k757e_egfr + osimertinib,Unknown
k757e_egfr + sorafenib,Unrelated
k757e_egfr + sorafenib tosylate,Unrelated
k757e_egfr + tyrosine kinase inhibitor,Resistant
k757n_egfr + carboplatin,Unknown
k757n_egfr + pembrolizumab,Unknown
k757n_egfr + pemetrexed,Unknown
k767r_morc2 + chemotherapy,Sensitive
k767r_morc2 + radiation ionizing radiotherapy,Sensitive
k767r_morc2 + radiation therapy,Sensitive
k799r_brca2 + cisplatin,Sensitive
k844s_rb1 + erlotinib,Unknown
k844s_rb1 + hormone therapy,Unrelated
k844s_rb1 + icotinib,Unknown
k860i_egfr + afatinib,Sensitive
k860i_egfr + bevacizumab,Unrelated
k860i_egfr + chemotherapy,Unrelated
k860i_egfr + cisplatin,Unrelated
k860i_egfr + erlotinib,Unknown
k860i_egfr + gefitinib,Unknown
k860i_egfr + osimertinib,Sensitive
k860i_egfr + pembrolizumab,Unrelated
k860i_egfr + pemetrexed,Unrelated
k860i_egfr + radiation ionizing radiotherapy,Unrelated
k860i_egfr + radiation therapy,Unrelated
k860k_erbb2 + chemotherapy,Unrelated
k860nfs16_jak1 + ipilimumab,Sensitive
k860nfs16_jak1 + nivolumab,Sensitive
k898e_brca1 + radiation ionizing radiotherapy,Sensitive
k898e_brca1 + radiation therapy,Sensitive
k89m_gnb1 + chemotherapy,Unrelated
k89m_gnb1 + dasatinib,Resistant
k89m_gnb1 + imatinib,Resistant
k89m_gnb1 + prednisolone,Unrelated
k89m_gnb1 + tyrosine kinase inhibitor,Resistant
k935i_erbb4 + neratinib,Sensitive
k935i_erbb4 + tyrosine kinase inhibitor,Sensitive
k939q_xpc + radiation therapy,Resistant
k93q_tp53 + hormone therapy,Unknown
k93r_tp53 + hormone therapy,Unknown
k944n_pik3ca + cetuximab,Resistant
k944x_brca2 + sunitinib,Unrelated
k966e_pik3ca + cetuximab,Resistant
kdd_egfr + chemotherapy,Unknown
kdd_egfr + tyrosine kinase inhibitor,Sensitive
kiaa1549_braf + binimetinib,Unknown
kiaa1549_braf + chemotherapy,Unrelated
kiaa1549_braf + dabrafenib,Unknown
kiaa1549_braf + radiation ionizing radiotherapy,Unrelated
kiaa1549_braf + radiation therapy,Unrelated
kiaa1549_braf + trametinib,Unknown
kiaa1549braf_braf + chemotherapy,Unrelated
kiaa1549braf_braf + dabrafenib,Unknown
kiaa1549braf_braf + dabrafenib/trametinib regimen,Unknown
kiaa1549braf_braf + everolimus,Sensitive
kiaa1549braf_braf + plx4720,Unknown
kiaa1549braf_braf + selumetinib,Sensitive
kiaa1549braf_braf + tovorafenib,Sensitive
kif5bret_ret + vandetanib,Sensitive
krasg12d + chemotherapy,Sensitive
krasg12d + gemcitabine,Sensitive
krasg12d + paclitaxel,Sensitive
l1070p_palb2 + cisplatin,Sensitive
l1089s_msh6 + adjuvant chemotherapy,Unknown
l1089s_msh6 + temozolomide,Unknown
l111r_tp53 + chemotherapy,Unrelated
l111r_tp53 + therapeutic tumor infiltrating lymphocytes,Sensitive
l1122m_alk + alectinib,Resistant
l1122m_alk + brigatinib,Resistant
l1122m_alk + ceritinib,Resistant
l1122m_alk + crizotinib,Resistant
l1122m_alk + ensartinib,Resistant
l1122m_alk + lorlatinib,Resistant
l1122v_alk + ensartinib,Resistant
l1122v_alk + lorlatinib,Resistant
l1122v_alk + tyrosine kinase inhibitor,Resistant
l1129s_apc + radiation ionizing radiotherapy,Unrelated
l1129s_apc + radiation therapy,Unrelated
l113del_pik3ca + apitolisib,Sensitive
l113del_pik3ca + carboplatin,Sensitive
l1143p_palb2 + radiation ionizing radiotherapy,Sensitive
l1143p_palb2 + radiation therapy,Sensitive
l1152r_alk + afatinib,Unknown
l1152r_alk + alk inhibitor asp3026,Sensitive
l1152r_alk + brigatinib,Unknown
l1152r_alk + entrectinib,Sensitive
l1152r_alk + lorlatinib,Unknown
l1152v_alk + brigatinib,Sensitive
l1152v_alk + crizotinib,Resistant
l1152v_alk + lorlatinib,Unknown
l1195v_met + cabozantinib,Sensitive
l1195v_met + crizotinib,Sensitive
l1195v_met + osimertinib,Resistant
l1195v_met + tyrosine kinase inhibitor,Resistant
l1196_alk + entrectinib,Sensitive
l1196_alk + larotrectinib,Unknown
l1196_alk + trk inhibitor,Unknown
l1196m_alk + alk inhibitor asp3026,Sensitive
l1196m_alk + chemotherapy,Unrelated
l1196m_alk + erlotinib,Unrelated
l1196m_alk + tyrosine kinase inhibitor,Resistant
l1196m_eml4alk + crizotinib,Resistant
l1196q_alk + alectinib,Resistant
l1196q_alk + brigatinib,Sensitive
l1196q_alk + chemotherapy,Unknown
l1196q_alk + crizotinib,Resistant
l1196q_alk + entrectinib,Unknown
l1196q_alk + lorlatinib,Sensitive
l1198f_alk + alectinib,Sensitive
l1198f_alk + brigatinib,Unknown
l1198f_alk + ceritinib,Resistant
l1198f_alk + erlotinib,Unrelated
l1198f_alk + lorlatinib,Resistant
l1198f_alk + tyrosine kinase inhibitor,Resistant
l1213v_met + cabozantinib,Sensitive
l1213v_met + crizotinib,Sensitive
l1213v_met + osimertinib,Resistant
l1213v_met + tyrosine kinase inhibitor,Resistant
l122r_myod1 + chemotherapy,Resistant
l122r_myod1 + cyclophosphamide,Resistant
l122r_myod1 + radiation ionizing radiotherapy,Resistant
l122r_myod1 + radiation therapy,Resistant
l122r_myod1 + vincristine,Resistant
l1243r_met + su11274,Sensitive
l1268p_whsc1 + fulvestrant,Sensitive
l12v_ppp1r17 + chemotherapy,Resistant
l12v_ppp1r17 + everolimus,Resistant
l12v_ppp1r17 + irinotecan,Resistant
l12v_ppp1r17 + panitumumab,Resistant
l130f_tp53 + immunotherapy,Sensitive
l1363p_brca1 + cisplatin,Sensitive
l138f_rad51c + olaparib,Unknown
l1395v_asxl1 + everolimus,Unknown
l1395v_asxl1 + radiation ionizing radiotherapy,Unknown
l1395v_asxl1 + radiation therapy,Unknown
l1548p_tsc2 + everolimus,Unknown
l1548p_tsc2 + sirolimus,Unknown
l156v_pik3ca + hormone therapy,Unknown
l1576f_brca2 + hormone therapy,Unknown
l162f_cux1 + immunotherapy,Sensitive
l162r_ikzf3 + bortezomib,Sensitive
l162r_ikzf3 + dexamethasone,Sensitive
l162r_ikzf3 + ibrutinib,Sensitive
l1708p_atm + chemotherapy,Unknown
l1708p_atm + radiation therapy,Unknown
l174v_cd19 + immunotherapy,Resistant
l1780p_brca1 + carboplatin,Sensitive
l1780p_brca1 + cisplatin,Unrelated
l1786p_brca1 + chemotherapy,Unrelated
l1786p_brca1 + olaparib,Resistant
l183s_casp8 + cisplatin,Unknown
l183s_casp8 + erlotinib,Unrelated
l183s_casp8 + jq1,Unrelated
l183s_casp8 + mobocertinib,Unrelated
l183s_casp8 + selinexor,Unrelated
l183s_casp8 + tipifarnib,Sensitive
l183s_casp8 + trametinib,Unrelated
l194f_tp53 + chemotherapy,Sensitive
l194f_tp53 + doxorubicin,Sensitive
l194f_tp53 + paclitaxel,Sensitive
l1950f_ros1 + lorlatinib,Sensitive
l1951r_ros1 + crizotinib,Resistant
l1951r_ros1 + entrectinib,Resistant
l1996m_alk + lorlatinib,Sensitive
l19f_kras + cetuximab,Resistant
l19f_kras + panitumumab,Resistant
l2000v_ros1 + crizotinib,Resistant
l2000v_ros1 + entrectinib,Resistant
l2000v_ros1 + lorlatinib,Resistant
l2000v_ros1 + tyrosine kinase inhibitor,Resistant
l2026_ros1 + entrectinib,Sensitive
l2026_ros1 + larotrectinib,Unknown
l2026_ros1 + trk inhibitor,Unknown
l2026m_ros1 + brigatinib,Unknown
l2026m_ros1 + ceritinib,Unknown
l2026m_ros1 + chemotherapy,Unrelated
l2026m_ros1 + crizotinib,Resistant
l2026m_ros1 + dovitinib,Unrelated
l2026m_ros1 + repotrectinib,Unknown
l205r_prkaca + therapeutic glucocorticoid,Resistant
l206r_prkaca + dexamethasone,Sensitive
l206r_prkaca + hormone therapy,Unrelated
l2086f_ros1 + cabozantinib,Sensitive
l2086f_ros1 + entrectinib,Resistant
l2086f_ros1 + lorlatinib,Resistant
l2086f_ros1 + taletrectinib,Resistant
l2086f_ros1 + trk inhibitor,Resistant
l2086f_ros1 + tyrosine kinase inhibitor,Resistant
l2155l_arid1a + chemotherapy,Unknown
l2155l_arid1a + hormone therapy,Unrelated
l2209v_mtor + imatinib,Unknown
l2209v_mtor + imatinib mesylate,Unknown
l2209v_mtor + sirolimus,Sensitive
l2209v_mtor + tyrosine kinase inhibitor,Unrelated
l229f_met + su11274,Sensitive
l2307f_atm + etoposide,Sensitive
l2307f_atm + talazoparib,Sensitive
l2332p_atm + radiation therapy,Unrelated
l2332p_atm + talazoparib,Sensitive
l239r_ddr2 + dasatinib,Unknown
l24f_palb2 + cisplatin,Sensitive
l24f_palb2 + olaparib,Sensitive
l24f_palb2 + radiation ionizing radiotherapy,Unknown
l24f_palb2 + radiation therapy,Unknown
l24s_palb2 + cisplatin,Sensitive
l265p_myd88 + bet inhibitor,Sensitive
l265p_myd88 + cyclophosphamide,Unrelated
l265p_myd88 + cytarabine,Unrelated
l265p_myd88 + fludarabine,Unrelated
l265p_myd88 + hematopoietic cell transplantation,Unknown
l265p_myd88 + idelalisib,Sensitive
l265p_myd88 + immunotherapy,Sensitive
l265p_myd88 + jq1,Sensitive
l265p_myd88 + lomustine,Unrelated
l265p_myd88 + methotrexate,Unrelated
l265p_myd88 + venetoclax,Sensitive
l266a_smarcb1 + selinexor,Unrelated
l267x_rb1 + carboplatin,Unknown
l267x_rb1 + chemotherapy,Unknown
l267x_rb1 + etoposide,Unknown
l267x_rb1 + pemetrexed,Unknown
l27p_flt3lg + immunotherapy,Sensitive
l283l_pole + immune checkpoint inhibitor,Unknown
l30f_nfe2l2 + alpelisib,Unrelated
l30f_nfe2l2 + mtor inhibitor,Unrelated
l313i_erbb2 + lapatinib,Resistant
l313i_erbb2 + neratinib,Sensitive
l313i_erbb2 + trastuzumab,Resistant
l329w_ar + abiraterone,Unknown
l329w_ar + apalutamide,Resistant
l329w_ar + docetaxel,Unrelated
l329w_ar + enzalutamide,Resistant
l330fs_tsc1 + buparlisib,Sensitive
l330fs_tsc1 + chemotherapy,Unrelated
l330fs_tsc1 + cisplatin,Unrelated
l345sfsx7_esr1 + everolimus,Unknown
l345sfsx7_esr1 + hormone therapy,Resistant
l348s_tp53 + ensartinib,Sensitive
l348s_tp53 + tyrosine kinase inhibitor,Sensitive
l349p_etv6 + methotrexate,Unknown
l359i_msh4 + atezolizumab,Sensitive
l359i_msh4 + chemotherapy,Resistant
l359i_msh4 + cisplatin,Resistant
l35f_palb2 + cisplatin,Sensitive
l35f_palb2 + olaparib,Sensitive
l35f_palb2 + radiation ionizing radiotherapy,Unknown
l35f_palb2 + radiation therapy,Unknown
l35p_palb2 + cisplatin,Sensitive
l382fs_foxo3 + radiation ionizing radiotherapy,Unrelated
l382fs_foxo3 + radiation therapy,Unrelated
l391f_esr1 + elacestrant,Sensitive
l391f_esr1 + fulvestrant,Resistant
l391f_esr1 + tamoxifen,Resistant
l43f_smad4 + oxaliplatin,Unknown
l442p_etv6 + methotrexate,Unknown
l445r_raf1 + chemotherapy,Unknown
l449f_ntrk3 + entrectinib,Sensitive
l469v_esr1 + fulvestrant,Unknown
l509q_mtor + sirolimus,Resistant
l523p_tshz3 + immunotherapy,Sensitive
l525r_braf + cetuximab,Unknown
l525r_braf + dabrafenib,Unknown
l525r_braf + selumetinib,Sensitive
l528_btk + ibrutinib,Resistant
l528w_btk + ibrutinib,Resistant
l528w_btk + venetoclax,Unrelated
l52r_akt1 + capivasertib,Unknown
l52r_akt1 + cetuximab,Resistant
l52r_akt1 + fulvestrant,Unknown
l52r_akt1 + irinotecan,Resistant
l52r_akt1 + oxaliplatin,Resistant
l535fs_smad4 + chemotherapy,Unknown
l536_esr1 + elacestrant,Unknown
l536_esr1 + hormone therapy,Resistant
l536_esr1 + palbociclib,Resistant
l536_esr1 + tamoxifen,Unknown
l536h_esr1 + abemaciclib,Resistant
l536h_esr1 + aromatase inhibitor,Resistant
l536h_esr1 + avelumab,Unknown
l536h_esr1 + chemotherapy,Unrelated
l536h_esr1 + elacestrant,Unknown
l536h_esr1 + exemestane,Resistant
l536h_esr1 + hormone therapy,Resistant
l536h_esr1 + letrozole,Resistant
l536h_esr1 + pictilisib,Unrelated
l536h_esr1 + ribociclib,Resistant
l536p_esr1 + aromatase inhibitor,Resistant
l536p_esr1 + bet inhibitor,Sensitive
l536p_esr1 + chemotherapy,Unrelated
l536p_esr1 + elacestrant,Unknown
l536p_esr1 + enzalutamide,Sensitive
l536p_esr1 + jq1,Sensitive
l536p_esr1 + letrozole,Resistant
l536p_esr1 + pictilisib,Unrelated
l536p_esr1 + tamoxifen,Resistant
l536p_esr1 + therapeutic glucocorticoid,Unrelated
l536q_esr1 + abiraterone,Resistant
l536q_esr1 + aromatase inhibitor,Resistant
l536q_esr1 + docetaxel,Resistant
l536q_esr1 + fulvestrant,Unrelated
l536q_esr1 + pictilisib,Unrelated
l536r_esr1 + alpelisib,Unrelated
l536r_esr1 + chemotherapy,Unrelated
l536r_esr1 + elacestrant,Unknown
l536r_esr1 + pictilisib,Unrelated
l536r_esr1 + tamoxifen,Resistant
l536s_esr1 + elacestrant,Resistant
l540_esr1 + elacestrant,Unknown
l540_esr1 + fulvestrant,Sensitive
l540_esr1 + tamoxifen,Unknown
l550v_fgfr2 + erdafitinib,Resistant
l557_brca2 + olaparib,Sensitive
l567v_braf + plx4720,Resistant
l567v_braf + vemurafenib,Resistant
l569v_fgfr1 + erdafitinib,Resistant
l576p_kit + adjuvant chemotherapy,Unknown
l576p_kit + braf inhibitor,Unrelated
l576p_kit + chmfl-kit-031,Resistant
l576p_kit + dasatinib,Unknown
l576p_kit + pembrolizumab,Sensitive
l576p_kit + ponatinib,Resistant
l576p_kit + tyrosine kinase inhibitor,Sensitive
l583x_fbxw7 + radiation ionizing radiotherapy,Unrelated
l583x_fbxw7 + radiation therapy,Unrelated
l584f_braf + dabrafenib,Unknown
l584f_braf + pembrolizumab,Sensitive
l585r_egfr + erlotinib,Sensitive
l585r_egfr + erlotinib hydrochloride,Sensitive
l595p_ddr2 + dasatinib,Sensitive
l597_braf + braf inhibitor,Unknown
l597_braf + chemotherapy,Unrelated
l597_braf + cisplatin,Unrelated
l597_braf + cobimetinib,Unknown
l597_braf + dabrafenib,Unknown
l597_braf + dabrafenib/trametinib regimen,Unknown
l597_braf + immune checkpoint inhibitor,Unknown
l597_braf + immunotherapy,Unknown
l597_braf + trametinib,Unknown
l597_braf + vemurafenib,Unknown
l597h_braf + dabrafenib,Unknown
l597h_braf + trametinib,Unknown
l597i_braf + dabrafenib,Unknown
l597i_braf + trametinib,Unknown
l597p_braf + braf inhibitor,Resistant
l597p_braf + dabrafenib,Unknown
l597p_braf + trametinib,Unknown
l597q_braf + chemotherapy,Unrelated
l597q_braf + dabrafenib,Unknown
l597q_braf + immunotherapy,Sensitive
l597q_braf + ipilimumab,Sensitive
l597q_braf + nivolumab,Sensitive
l597q_braf + radiation ionizing radiotherapy,Unrelated
l597q_braf + radiation therapy,Unrelated
l597q_braf + selumetinib,Unknown
l597q_braf + trametinib,Unknown
l597q_braf + vemurafenib,Unknown
l597r_braf + adjuvant chemotherapy,Unrelated
l597r_braf + alpelisib,Unrelated
l597r_braf + braf inhibitor,Resistant
l597r_braf + dabrafenib,Unknown
l597r_braf + everolimus,Unrelated
l597r_braf + immunotherapy,Unrelated
l597r_braf + ivosidenib,Unrelated
l597r_braf + mtor inhibitor,Unrelated
l597r_braf + radiation ionizing radiotherapy,Unrelated
l597r_braf + radiation therapy,Unrelated
l597r_braf + selumetinib,Sensitive
l597s_braf + binimetinib,Sensitive
l597s_braf + braf inhibitor,Resistant
l597s_braf + cobimetinib,Sensitive
l597s_braf + encorafenib,Sensitive
l597s_braf + pan-raf inhibitor ly3009120,Sensitive
l597s_braf + radiation ionizing radiotherapy,Unrelated
l597s_braf + radiation therapy,Unrelated
l597v_braf + az628,Sensitive
l597v_braf + dabrafenib,Unknown
l597v_braf + radiation ionizing radiotherapy,Unrelated
l597v_braf + radiation therapy,Unrelated
l597v_braf + selumetinib,Sensitive
l597v_braf + sorafenib,Sensitive
l597v_braf + sorafenib tosylate,Sensitive
l597v_braf + trametinib,Unknown
l597v_braf + vemurafenib,Unknown
l605f_fanci + cisplatin,Sensitive
l605f_fanci + cyproterone acetate,Unrelated
l605f_fanci + mitomycin,Sensitive
l605f_fanci + olaparib,Resistant
l617m_fgfr2 + dovitinib,Sensitive
l617m_fgfr2 + erdafitinib,Sensitive
l617m_fgfr2 + fexagratinib,Unknown
l617m_fgfr2 + futibatinib,Unknown
l617m_fgfr2 + infigratinib,Resistant
l617m_fgfr2 + ponatinib,Sensitive
l617v_fgfr2 + infigratinib,Unknown
l618f_fgfr2 + futibatinib,Sensitive
l62r_egfr + icotinib,Unknown
l63_brca1 + adjuvant chemotherapy,Unknown
l63_brca1 + cisplatin,Sensitive
l63_brca1 + cyclophosphamide,Unknown
l63_brca1 + doxorubicin,Unknown
l63_brca1 + olaparib,Sensitive
l63_brca1 + paclitaxel,Unknown
l63v_ddr2 + bet inhibitor,Unknown
l63v_ddr2 + dasatinib,Sensitive
l63v_ddr2 + jq1,Sensitive
l63x_brca1 + radiation ionizing radiotherapy,Sensitive
l63x_brca1 + radiation therapy,Sensitive
l643v_egfr + erlotinib,Resistant
l643v_egfr + gefitinib,Sensitive
l643v_egfr + icotinib,Resistant
l643v_egfr + osimertinib,Sensitive
l666fs29_daxx + iodine i-131,Resistant
l666fs29_daxx + radiation ionizing radiotherapy,Unknown
l666fs29_daxx + radiation therapy,Unknown
l694_fancm + chemotherapy,Sensitive
l701h_ar + enzalutamide,Unknown
l702a_ar + abiraterone,Unknown
l702a_ar + enzalutamide,Unknown
l702h_ar + bicalutamide,Resistant
l702h_ar + cisplatin,Sensitive
l702h_ar + dexamethasone,Resistant
l702h_ar + ipatasertib,Sensitive
l702h_ar + prednisone,Unrelated
l702h_ar + radiation ionizing radiotherapy,Unrelated
l702h_ar + radiation therapy,Unrelated
l70fs_pten + chemotherapy,Resistant
l70fs_pten + everolimus,Sensitive
l70fs_pten + mtor inhibitor,Sensitive
l70fs_pten + sirolimus,Sensitive
l718a_egfr + afatinib,Unknown
l718a_egfr + osimertinib,Unknown
l718m_egfr + brigatinib,Resistant
l718m_egfr + osimertinib,Resistant
l718q_egfr + bevacizumab,Unknown
l718q_egfr + capmatinib,Unrelated
l718q_egfr + cetuximab,Unrelated
l718q_egfr + chemotherapy,Unrelated
l718q_egfr + icotinib,Sensitive
l718q_egfr + lazertinib,Resistant
l718q_egfr + rociletinib,Unknown
l718q_egfr + wz4002,Resistant
l718r_egfr + chemotherapy,Unrelated
l718r_egfr + erlotinib,Unrelated
l718r_egfr + gefitinib,Unrelated
l718r_egfr + osimertinib,Resistant
l718v_egfr + afatinib,Sensitive
l718v_egfr + chemotherapy,Unrelated
l718v_egfr + immunotherapy,Unrelated
l718v_egfr + osimertinib,Resistant
l718v_egfr + radiation therapy,Unrelated
l718x_egfr + osimertinib,Resistant
l718x_egfr + tyrosine kinase inhibitor,Sensitive
l720h_ar + chemotherapy,Resistant
l729qfsx6_pms2 + sunitinib,Unrelated
l730i_ret + lenvatinib,Resistant
l730i_ret + nintedanib,Resistant
l730i_ret + ponatinib,Unknown
l730i_ret + pralsetinib,Resistant
l730i_ret + selpercatinib,Unknown
l730i_ret + vandetanib,Resistant
l730v_ret + lenvatinib,Resistant
l730v_ret + nintedanib,Sensitive
l730v_ret + ponatinib,Unknown
l730v_ret + pralsetinib,Resistant
l730v_ret + selpercatinib,Unknown
l730v_ret + vandetanib,Resistant
l747a750del_egfr + gefitinib,Sensitive
l747a750del_egfr + tyrosine kinase inhibitor,Sensitive
l747a750delinsp_egfr + capivasertib,Unrelated
l747a750delinsp_egfr + everolimus,Unrelated
l747a750delinsp_egfr + mtor inhibitor,Unrelated
l747a750delinsp_egfr + trametinib,Sensitive
l747a750insp_egfr + adjuvant chemotherapy,Unknown
l747a750insp_egfr + afatinib,Sensitive
l747a750insp_egfr + chemotherapy,Unknown
l747a750insp_egfr + cisplatin,Unknown
l747p753delinss_egfr + adjuvant chemotherapy,Unrelated
l747p753delinss_egfr + cisplatin,Unrelated
l747p753delinss_egfr + icotinib,Sensitive
l747p753delinss_egfr + osimertinib,Sensitive
l747p753delinss_egfr + pemetrexed,Unrelated
l747p753delinss_egfr + radiation therapy,Unrelated
l747p753s_egfr + gefitinib,Sensitive
l747p753s_egfr + radiation ionizing radiotherapy,Unrelated
l747p753s_egfr + radiation therapy,Unrelated
l747p753s_egfr + zoledronic acid,Unrelated
l747p_egfr + brigatinib,Resistant
l747p_egfr + cetuximab,Sensitive
l747p_egfr + immune checkpoint inhibitor,Diagnostic
l747p_egfr + immunotherapy,Diagnostic
l747p_egfr + pemetrexed,Unrelated
l747p_egfr + radiation ionizing radiotherapy,Unrelated
l747p_egfr + radiation therapy,Unrelated
l747p_egfr + tyrosine kinase inhibitor,Resistant
l747s752del_egfr + gefitinib,Sensitive
l747s752del_egfr + osimertinib,Unknown
l747s752del_egfr + tyrosine kinase inhibitor,Sensitive
l747s_egfr + afatinib,Sensitive
l747s_egfr + erlotinib,Resistant
l747s_egfr + gefitinib,Resistant
l747s_egfr + osimertinib,Sensitive
l747s_egfr + radiation ionizing radiotherapy,Unrelated
l747s_egfr + radiation therapy,Unrelated
l747s_egfr + tyrosine kinase inhibitor,Resistant
l747t751del_egfr + chemotherapy,Unknown
l747t751del_egfr + gefitinib,Sensitive
l747t751del_egfr + tyrosine kinase inhibitor,Sensitive
l749p_egfr + tyrosine kinase inhibitor,Resistant
l755f_erbb2 + afatinib,Sensitive
l755f_erbb2 + trastuzumab,Unknown
l755f_erbb2 + tyrosine kinase inhibitor,Sensitive
l755p_erbb2 + neratinib,Resistant
l755p_erbb2 + osimertinib,Sensitive
l755p_erbb2 + trastuzumab,Unknown
l755p_erbb2 + trastuzumab emtansine,Sensitive
l755s_erbb2 + adjuvant chemotherapy,Unknown
l755s_erbb2 + akt inhibitor mk2206,Unrelated
l755s_erbb2 + aromatase inhibitor,Resistant
l755s_erbb2 + buparlisib,Unrelated
l755s_erbb2 + capecitabine,Sensitive
l755s_erbb2 + exemestane,Resistant
l755s_erbb2 + gefitinib,Unknown
l755s_erbb2 + gemcitabine,Unrelated
l755s_erbb2 + letrozole,Resistant
l755s_erbb2 + mobocertinib,Sensitive
l755s_erbb2 + mtor inhibitor,Sensitive
l755s_erbb2 + osimertinib,Sensitive
l755s_erbb2 + paclitaxel,Unknown
l755s_erbb2 + palbociclib,Unknown
l755s_erbb2 + panitumumab,Resistant
l755s_erbb2 + poziotinib,Sensitive
l755s_erbb2 + pyrotinib,Sensitive
l755s_erbb2 + trametinib,Unrelated
l755s_erbb2 + trastuzumab deruxtecan,Sensitive
l755s_erbb2 + tucatinib,Resistant
l755t759del_erbb2 + afatinib,Sensitive
l755t759del_erbb2 + lapatinib,Unrelated
l755t759del_erbb2 + trastuzumab,Sensitive
l760p_egfr + icotinib,Sensitive
l778m_egfr + canertinib,Sensitive
l778m_egfr + erlotinib,Sensitive
l778m_egfr + lapatinib,Sensitive
l783v_kit + adjuvant chemotherapy,Unrelated
l783v_kit + avapritinib,Sensitive
l783v_kit + cytoreductive surgery,Unrelated
l783v_kit + imatinib,Resistant
l783v_kit + regorafenib,Resistant
l783v_kit + ripretinib,Resistant
l790f_ret + chemotherapy,Unknown
l792_egfr + gefitinib,Unknown
l792_egfr + osimertinib,Resistant
l792_egfr + radiation ionizing radiotherapy,Unrelated
l792_egfr + radiation therapy,Unrelated
l792_egfr + tyrosine kinase inhibitor,Resistant
l792a_egfr + erlotinib,Unknown
l792f_egfr + afatinib,Resistant
l792f_egfr + dacomitinib,Sensitive
l792f_egfr + erlotinib,Resistant
l792f_egfr + gefitinib,Unknown
l792f_egfr + osimertinib,Resistant
l792f_egfr + tyrosine kinase inhibitor,Resistant
l792h_egfr + afatinib,Sensitive
l792h_egfr + gefitinib,Unknown
l792h_egfr + osimertinib,Resistant
l792h_egfr + radiation ionizing radiotherapy,Unrelated
l792h_egfr + radiation therapy,Unrelated
l792h_egfr + tyrosine kinase inhibitor,Resistant
l792v_egfr + chemotherapy,Unrelated
l792v_egfr + erlotinib,Unrelated
l792v_egfr + gefitinib,Unrelated
l792v_egfr + osimertinib,Resistant
l792v_erbb3 + hormone therapy,Unrelated
l792v_erbb3 + neratinib,Resistant
l796p_erbb2 + lapatinib,Resistant
l798i_egfr + crizotinib,Unrelated
l798i_egfr + osimertinib,Unknown
l798i_egfr + rociletinib,Resistant
l798r_erbb4 + neratinib,Unknown
l798r_erbb4 + tyrosine kinase inhibitor,Unknown
l816q_egfr + temozolomide,Unrelated
l826m_tsc2 + everolimus,Unknown
l826m_tsc2 + mtor inhibitor,Unknown
l826m_tsc2 + temsirolimus,Unknown
l833v_egfr + afatinib,Sensitive
l833v_egfr + gefitinib,Sensitive
l833v_egfr + icotinib,Sensitive
l833v_egfr + osimertinib,Sensitive
l840f_kdr + cabozantinib,Resistant
l841v_erbb2 + afatinib,Sensitive
l841v_erbb2 + neratinib,Sensitive
l841v_erbb2 + osimertinib,Sensitive
l841v_erbb2 + trastuzumab,Unknown
l844v_egfr + afatinib,Sensitive
l844v_egfr + cetuximab,Unrelated
l844v_egfr + erlotinib,Resistant
l844v_egfr + gefitinib,Sensitive
l844v_egfr + osimertinib,Unknown
l844v_egfr + rociletinib,Unknown
l844v_egfr + wz4002,Resistant
l845_plcg2 + ibrutinib,Resistant
l845f_plcg2 + ibrutinib,Resistant
l858r_egfr + abemaciclib,Unrelated
l858r_egfr + adagrasib,Unrelated
l858r_egfr + akt inhibitor mk2206,Unrelated
l858r_egfr + alisertib,Unknown
l858r_egfr + amrubicin,Unknown
l858r_egfr + angiogenesis inhibitor,Unknown
l858r_egfr + aromatase inhibitor,Sensitive
l858r_egfr + braf inhibitor,Unrelated
l858r_egfr + brigatinib,Sensitive
l858r_egfr + buparlisib,Unrelated
l858r_egfr + c-met inhibitor,Sensitive
l858r_egfr + cabozantinib,Unrelated
l858r_egfr + canertinib,Resistant
l858r_egfr + capecitabine,Unknown
l858r_egfr + carboplatin/paclitaxel regimen,Unrelated
l858r_egfr + carboplatin/pemetrexed regimen,Unrelated
l858r_egfr + cdk4/6 inhibition,Sensitive
l858r_egfr + celecoxib,Unrelated
l858r_egfr + chloroquine,Sensitive
l858r_egfr + cobimetinib,Unrelated
l858r_egfr + dabrafenib,Unrelated
l858r_egfr + dabrafenib/trametinib regimen,Unrelated
l858r_egfr + dactolisib,Unknown
l858r_egfr + dexamethasone,Unrelated
l858r_egfr + durvalumab,Unrelated
l858r_egfr + ensartinib,Unknown
l858r_egfr + erlotinib hydrochloride,Sensitive
l858r_egfr + exemestane,Sensitive
l858r_egfr + gdc-0879,Unknown
l858r_egfr + ibrutinib,Unrelated
l858r_egfr + imatinib,Unrelated
l858r_egfr + larotrectinib,Unrelated
l858r_egfr + linsitinib,Unrelated
l858r_egfr + luminespib,Unrelated
l858r_egfr + met tyrosine kinase inhibitor sgx523,Resistant
l858r_egfr + methotrexate,Unrelated
l858r_egfr + nedaplatin,Unrelated
l858r_egfr + neratinib,Sensitive
l858r_egfr + olaparib,Sensitive
l858r_egfr + oxaliplatin,Unrelated
l858r_egfr + paclitaxel liposome,Unrelated
l858r_egfr + palbociclib,Unrelated
l858r_egfr + pd1 inhibitor,Sensitive
l858r_egfr + pralsetinib,Unrelated
l858r_egfr + prednisolone,Unrelated
l858r_egfr + ribociclib,Unrelated
l858r_egfr + rmc-4550,Unrelated
l858r_egfr + selpercatinib,Sensitive
l858r_egfr + selumetinib,Unrelated
l858r_egfr + sorafenib,Unrelated
l858r_egfr + sorafenib tosylate,Unrelated
l858r_egfr + sotorasib,Unrelated
l858r_egfr + su11274,Unrelated
l858r_egfr + sunitinib,Unrelated
l858r_egfr + tak-788,Sensitive
l858r_egfr + taxol,Resistant
l858r_egfr + tepotinib,Unknown
l858r_egfr + therapeutic glucocorticoid,Unrelated
l858r_egfr + therapeutic tumor infiltrating lymphocytes,Unknown
l858r_egfr + tipifarnib,Sensitive
l858r_egfr + tremelimumab,Unknown
l858r_egfr + u0126,Unrelated
l858r_egfr + wz4002,Sensitive
l858rt790m_egfr + bevacizumab,Resistant
l858rt790m_egfr + docetaxel,Resistant
l858rt790m_egfr + erlotinib,Resistant
l858rt790m_egfr + gefitinib,Resistant
l858rt790m_egfr + osimertinib,Sensitive
l858rt790m_egfr + tyrosine kinase inhibitor,Resistant
l860r_egfr + gefitinib,Sensitive
l860r_egfr + osimertinib,Sensitive
l861_egfr + mobocertinib,Sensitive
l861q_egfr + alisertib,Unknown
l861q_egfr + amivantamab,Unknown
l861q_egfr + canertinib,Sensitive
l861q_egfr + capecitabine,Unrelated
l861q_egfr + carboplatin/paclitaxel regimen,Unrelated
l861q_egfr + cisplatin,Unrelated
l861q_egfr + docetaxel,Unrelated
l861q_egfr + etoposide,Unknown
l861q_egfr + gemcitabine,Unrelated
l861q_egfr + imatinib,Unrelated
l861q_egfr + immunotherapy,Unrelated
l861q_egfr + irinotecan,Unrelated
l861q_egfr + lapatinib,Unrelated
l861q_egfr + lazertinib,Resistant
l861q_egfr + mobocertinib,Unknown
l861q_egfr + naquotinib,Unknown
l861q_egfr + oxaliplatin,Unrelated
l861q_egfr + paclitaxel,Unknown
l861q_egfr + pemetrexed,Unrelated
l861q_egfr + savolitinib,Sensitive
l861q_egfr + tegafur,Unrelated
l861q_egfr + trastuzumab,Unrelated
l861r_egfr + bevacizumab,Unrelated
l861r_egfr + erlotinib,Sensitive
l861r_egfr + gefitinib,Sensitive
l861r_egfr + imatinib,Unrelated
l861r_egfr + lapatinib,Unrelated
l861r_egfr + neratinib,Unrelated
l861r_egfr + trastuzumab,Unrelated
l861r_egfr + tyrosine kinase inhibitor,Unrelated
l861x_egfr + erlotinib,Unknown
l861x_egfr + gefitinib,Unknown
l861x_egfr + immunotherapy,Unknown
l866m_erbb2 + afatinib,Sensitive
l866m_erbb2 + cetuximab,Resistant
l866m_erbb2 + lapatinib,Sensitive
l866m_erbb2 + neratinib,Sensitive
l866m_erbb2 + panitumumab,Resistant
l866m_erbb2 + trastuzumab,Sensitive
l868r_egfr + afatinib,Unknown
l868r_egfr + erlotinib,Unknown
l868r_egfr + osimertinib,Unknown
l868r_egfr + poziotinib,Sensitive
l868r_egfr + tyrosine kinase inhibitor,Sensitive
l869q_erbb2 + alpelisib,Sensitive
l869q_erbb2 + neratinib,Resistant
l869q_erbb2 + tyrosine kinase inhibitor,Resistant
l869r_erbb2 + afatinib,Sensitive
l869r_erbb2 + alpelisib,Sensitive
l869r_erbb2 + chemotherapy,Unrelated
l869r_erbb2 + erlotinib,Unrelated
l869r_erbb2 + gefitinib,Unrelated
l869r_erbb2 + imatinib,Unrelated
l869r_erbb2 + osimertinib,Unrelated
l869r_erbb2 + pertuzumab,Unknown
l869r_erbb2 + trastuzumab deruxtecan,Sensitive
l869r_erbb2 + tucatinib,Unknown
l881v_ret + cabozantinib,Resistant
l881v_ret + lenvatinib,Resistant
l881v_ret + nintedanib,Sensitive
l881v_ret + vandetanib,Resistant
l88s_pd + avelumab,Resistant
l88s_pd + cetuximab,Unrelated
l88s_pd + chemotherapy,Unrelated
l939w_palb2 + radiation ionizing radiotherapy,Sensitive
l939w_palb2 + radiation therapy,Sensitive
l940v_jak3 + tofacitinib,Unknown
l99p_eif2b + cisplatin,Unrelated
la1_kras + adjuvant chemotherapy,Unrelated
la1_kras + radiation therapy,Sensitive
leu212lys214insileileleuarg_prkaca + dexamethasone,Sensitive
leu212lys214insileileleuarg_prkaca + hormone therapy,Unrelated
leu248glnthrleu252_skp2 + tamoxifen,Unrelated
leu43ter_tp53 + chemotherapy,Resistant
leu505fs_nf2 + radiation ionizing radiotherapy,Unrelated
leu505fs_nf2 + radiation therapy,Unrelated
leu72argfster37_tp53 + bortezomib,Sensitive
leu72argfster37_tp53 + chemotherapy,Unknown
leu747ser752del_egfr + chemotherapy,Unrelated
leu747ser752del_egfr + cisplatin,Unrelated
leu747ser752del_egfr + erlotinib,Sensitive
leu747ser752del_egfr + erlotinib hydrochloride,Sensitive
leu747ser752del_egfr + icotinib,Unknown
leu747ser752del_egfr + pemetrexed,Unrelated
leu747ser752del_egfr + radiation therapy,Unrelated
leu747thr751del_egfr + chemotherapy,Unknown
leu747thr751del_egfr + gefitinib,Sensitive
leu747thr751del_egfr + tyrosine kinase inhibitor,Sensitive
leu755glu757delinsprolys_erbb2 + chemotherapy,Resistant
leu755glu757delinsprolys_erbb2 + trastuzumab,Sensitive
leu755glu757delinsprolys_erbb2 + trastuzumab emtansine,Sensitive
leu755glu757delinsser_erbb2 + docetaxel,Unrelated
leu755glu757delinsser_erbb2 + epirubicin,Unrelated
leu755glu757delinsser_erbb2 + hormone therapy,Unrelated
leu755glu757delinsser_erbb2 + pertuzumab,Sensitive
leu755glu757delinsser_erbb2 + trastuzumab,Sensitive
leu755glu757delinsser_erbb2 + tyrosine kinase inhibitor,Sensitive
leu755glu757delinsser_erbb2 + vinorelbine,Unrelated
leu792h_egfr + icotinib,Sensitive
leu792h_egfr + osimertinib,Unknown
leu822_atm + chemotherapy,Sensitive
leu822_atm + cisplatin,Sensitive
leu822_atm + cytoreductive surgery,Unrelated
lslg12d_kras + immunotherapy,Sensitive
lslg12d_kras + radiation ionizing radiotherapy,Unrelated
lslg12d_kras + radiation therapy,Unrelated
lslg12d_kras + tamoxifen,Unrelated
lys120fs_tp53 + chemotherapy,Unknown
lys120fs_tp53 + gefitinib,Resistant
lys120fs_tp53 + tyrosine kinase inhibitor,Resistant
lys3326ter_brca2 + chemotherapy,Unknown
lys3326ter_brca2 + olaparib,Sensitive
lys3326ter_brca2 + radiation ionizing radiotherapy,Unknown
lys3326ter_brca2 + radiation therapy,Unknown
lys3326ter_brca2 + temozolomide,Sensitive
lys477dup_fh + cisplatin,Unknown
lys477dup_fh + radiation ionizing radiotherapy,Unknown
lys477dup_fh + radiation therapy,Unknown
lys5_nras + radiation ionizing radiotherapy,Unrelated
lys5_nras + radiation therapy,Unrelated
lys652glufx21_brca1 + chemotherapy,Unknown
lys91fs13_rad51d + cisplatin,Sensitive
lys91fs_rad51d + cisplatin,Sensitive
m1004v_pik3ca + fulvestrant,Unrelated
m1004v_pik3ca + taselisib,Sensitive
m1043_pik3ca + alpelisib,Sensitive
m1043_pik3ca + fulvestrant,Unrelated
m1043_pik3ca + immunotherapy,Sensitive
m1043_pik3ca + taselisib,Sensitive
m1043i_pik3ca + aromatase inhibitor,Unknown
m1043i_pik3ca + cetuximab,Resistant
m1043i_pik3ca + chemotherapy,Unrelated
m1043i_pik3ca + folfiri regimen,Unrelated
m1043i_pik3ca + fulvestrant,Unrelated
m1043i_pik3ca + mtor inhibitor,Unrelated
m1043i_pik3ca + pictilisib,Unrelated
m1043v_pik3ca + alpelisib,Unknown
m1043v_pik3ca + buparlisib,Unknown
m1043v_pik3ca + chemotherapy,Resistant
m1043v_pik3ca + doxorubicin,Resistant
m1043v_pik3ca + mirdametinib,Unknown
m1043v_pik3ca + trametinib,Resistant
m117v_spop + bicalutamide,Unrelated
m117v_spop + leuprolide,Unrelated
m1250t_met + su11274,Unknown
m133r_tp53 + sorafenib,Resistant
m133r_tp53 + sorafenib tosylate,Resistant
m161i_pold1 + chemotherapy,Resistant
m161i_pold1 + pazopanib,Unknown
m1714fs_atm + chemotherapy,Unknown
m1714fs_atm + radiation therapy,Unknown
m1943i_pik3ca + cetuximab,Unknown
m1943i_pik3ca + irinotecan,Unrelated
m1i_kras + cetuximab,Unrelated
m1i_kras + panitumumab,Unrelated
m1k_kras + cetuximab,Unrelated
m1k_kras + panitumumab,Unrelated
m1l_kras + cetuximab,Unrelated
m1l_kras + panitumumab,Unrelated
m1r_kras + cetuximab,Unrelated
m1r_kras + panitumumab,Unrelated
m1t_kras + cetuximab,Unrelated
m1t_kras + panitumumab,Unrelated
m1v_kras + cetuximab,Unrelated
m1v_kras + panitumumab,Unrelated
m214k_tp53 + azacitidine,Resistant
m214k_tp53 + radiation ionizing radiotherapy,Unknown
m214k_tp53 + radiation therapy,Unknown
m235t_agt + bevacizumab,Resistant
m250t_esr1 + hormone therapy,Resistant
m272r_rad21 + chemotherapy,Unrelated
m272r_rad21 + cisplatin,Unrelated
m272r_rad21 + paclitaxel,Unrelated
m277e_egfr + afatinib,Sensitive
m277e_egfr + cetuximab,Sensitive
m277e_egfr + chemotherapy,Sensitive
m277e_egfr + erlotinib,Sensitive
m277e_egfr + radiation ionizing radiotherapy,Sensitive
m277e_egfr + radiation therapy,Sensitive
m277e_egfr + tyrosine kinase inhibitor,Sensitive
m283fs_hnf1a + chemotherapy,Unknown
m283fs_hnf1a + radiation therapy,Unknown
m283i_hnf1a + chemotherapy,Unknown
m283i_hnf1a + radiation therapy,Unknown
m326i_pik3r1 + mtor inhibitor,Unrelated
m326i_pik3r1 + pazopanib,Unknown
m326i_pik3r1 + sorafenib,Resistant
m326i_pik3r1 + sorafenib tosylate,Resistant
m326i_pik3r1 + sunitinib,Resistant
m40i_ptpn5 + carboplatin,Unknown
m40i_ptpn5 + chemotherapy,Unknown
m40i_ptpn5 + etoposide,Unknown
m40i_ptpn5 + pemetrexed,Unknown
m437r_btk + ibrutinib,Resistant
m444k_pole + adjuvant chemotherapy,Unrelated
m444k_pole + chemotherapy,Unrelated
m47v_sdhaf2 + chemotherapy,Unknown
m47v_sdhaf2 + radiation ionizing radiotherapy,Unknown
m47v_sdhaf2 + radiation therapy,Unknown
m47v_sdhaf2 + radioactive iodine,Unknown
m47v_sdhaf2 + tisagenlecleucel,Unknown
m483t484del_ercc2 + chemotherapy,Sensitive
m483t484del_ercc2 + cisplatin,Sensitive
m483t484del_ercc2 + radiation ionizing radiotherapy,Sensitive
m483t484del_ercc2 + radiation therapy,Sensitive
m512l_kras + cetuximab,Unrelated
m512l_kras + panitumumab,Unrelated
m524i_mlh1 + imatinib,Unknown
m525l_smo + vismodegib,Resistant
m528i_fgfr3 + pemigatinib,Resistant
m528v_esr1 + abemaciclib,Unknown
m528v_esr1 + adjuvant chemotherapy,Unknown
m528v_esr1 + exemestane,Unknown
m528v_esr1 + letrozole,Unknown
m528v_esr1 + palbociclib,Unknown
m528v_esr1 + ribociclib,Unknown
m535i_fgfr1 + erdafitinib,Resistant
m538i_fgfr2 + dovitinib,Resistant
m538i_fgfr2 + everolimus,Resistant
m538i_fgfr2 + fulvestrant,Resistant
m538i_fgfr2 + mtor inhibitor,Resistant
m538i_fgfr2 + palbociclib,Resistant
m538i_fgfr2 + trametinib,Resistant
m541l_kit + cabazitaxel,Unrelated
m541l_kit + sunitinib,Sensitive
m582is10_pik3r1 + carboplatin,Unrelated
m582is10_pik3r1 + chemotherapy,Unrelated
m582is10_pik3r1 + hormone therapy,Sensitive
m582is10_pik3r1 + letrozole,Sensitive
m582is10_pik3r1 + paclitaxel,Unrelated
m582is10_pik3r1 + sirolimus,Unknown
m590k_braf + afatinib,Unrelated
m590k_braf + metformin,Unrelated
m5l_lactb + cisplatin,Sensitive
m610k_pik3ca + hormone therapy,Unknown
m62i_dusp6 + chemotherapy,Unrelated
m62i_dusp6 + osimertinib,Resistant
m62i_dusp6 + trametinib,Sensitive
m754i_ddr2 + dasatinib,Sensitive
m754i_ddr2 + imatinib,Sensitive
m754i_ddr2 + immunotherapy,Unrelated
m793k_egfr + gefitinib,Resistant
m844s847del_pdgfr + imatinib,Sensitive
m844s847del_pdgfr + sunitinib,Sensitive
m844s847del_pdgfr + tyrosine kinase inhibitor,Sensitive
m868i_ret + selpercatinib,Sensitive
m895_ar + bicalutamide,Unrelated
m895t_ar + enzalutamide,Unknown
m896t_ar + dexamethasone,Resistant
m896t_ar + hormone therapy,Resistant
m896t_ar + therapeutic glucocorticoid,Resistant
m896v_ar + apalutamide,Unknown
m896v_ar + dexamethasone,Resistant
m896v_ar + enzalutamide,Sensitive
m896v_ar + hormone therapy,Resistant
m896v_ar + therapeutic glucocorticoid,Resistant
m90i_rit1 + tamoxifen,Unrelated
m918t_ret + adagrasib,Resistant
m918t_ret + adjuvant chemotherapy,Unrelated
m918t_ret + agerafenib,Unknown
m918t_ret + alectinib,Resistant
m918t_ret + capecitabine,Unrelated
m918t_ret + chloroquine,Unrelated
m918t_ret + everolimus,Sensitive
m918t_ret + hormone therapy,Unrelated
m918t_ret + immunotherapy,Unrelated
m918t_ret + iodine i-131,Unrelated
m918t_ret + luminespib,Sensitive
m918t_ret + mtor inhibitor,Sensitive
m918t_ret + nintedanib,Sensitive
m918t_ret + pazopanib,Sensitive
m918t_ret + sotorasib,Resistant
m918t_ret + temozolomide,Unrelated
m947t_egfr + erlotinib,Resistant
m947t_egfr + osimertinib,Unknown
m947t_egfr + sorafenib,Unrelated
m947t_egfr + sorafenib tosylate,Unrelated
m947t_egfr + tyrosine kinase inhibitor,Resistant
mek_map2k1 + dabrafenib,Resistant
mek_map2k1 + vemurafenib,Resistant
met243_met247del_tp53 + cisplatin,Unknown
met723valfs21_palb2 + adjuvant chemotherapy,Unknown
met723valfs21_palb2 + aromatase inhibitor,Sensitive
met723valfs21_palb2 + chemotherapy,Sensitive
met723valfs21_palb2 + cyclophosphamide,Sensitive
met723valfs21_palb2 + doxorubicin,Sensitive
met723valfs21_palb2 + hormone therapy,Sensitive
met723valfs21_palb2 + paclitaxel,Sensitive
met723valfs21_palb2 + radiation therapy,Sensitive
metbdnf_bdnf + paclitaxel,Sensitive
midh1r132h_idh1 + ivosidenib,Sensitive
midh1r132h_idh1 + pembrolizumab,Unknown
min_apc + chemotherapy,Resistant
mll + cytarabine,Sensitive
mll + daunorubicin,Sensitive
mt_tp53 + chemotherapy,Unrelated
mt_tp53 + immunotherapy,Unrelated
mt_tp53 + radiation ionizing radiotherapy,Sensitive
mt_tp53 + radiation therapy,Sensitive
myr_akt1 + radiation therapy,Unknown
n1044h_pik3ca + alpelisib,Sensitive
n1044h_pik3ca + fulvestrant,Unknown
n1044h_pik3ca + palbociclib,Unknown
n1044k_pik3ca + alpelisib,Unknown
n1044k_pik3ca + braf inhibitor,Unrelated
n1044k_pik3ca + chemotherapy,Unrelated
n1044k_pik3ca + radiation therapy,Unrelated
n1044k_pik3ca + trametinib,Unrelated
n1044k_pik3ca + vemurafenib,Unrelated
n1178h_alk + alectinib,Unknown
n1178h_alk + alk inhibitor asp3026,Resistant
n1178h_alk + brigatinib,Unknown
n1178h_alk + ceritinib,Unknown
n1178h_alk + crizotinib,Unknown
n1178h_alk + erlotinib,Unrelated
n1178h_alk + lorlatinib,Resistant
n118n_ercc1 + chemotherapy,Sensitive
n118n_ercc1 + cisplatin,Sensitive
n118n_ercc1 + paclitaxel,Sensitive
n118n_ercc1 + radiation therapy,Unrelated
n1252s_fanci + cisplatin,Resistant
n1252s_fanci + olaparib,Sensitive
n126k_erbb3 + afimoxifene,Unrelated
n126k_erbb3 + fulvestrant,Unknown
n126k_erbb3 + lapatinib,Unknown
n127d_akt3 + chemotherapy,Resistant
n127d_akt3 + pazopanib,Unknown
n1421d_mtor + everolimus,Sensitive
n1425s_bcor + adjuvant chemotherapy,Unrelated
n1425s_bcor + carboplatin,Unknown
n1425s_bcor + chemotherapy,Unknown
n1425s_bcor + paclitaxel,Unknown
n143k_tp53 + radiation ionizing radiotherapy,Unknown
n143k_tp53 + radiation therapy,Unknown
n172d_ppef + etoposide,Unknown
n2043s_mtor + sirolimus,Resistant
n2098h_pole + immunotherapy,Sensitive
n209i_nrmt1 + radiation therapy,Sensitive
n233y_sos1 + azacitidine,Unrelated
n233y_sos1 + cobimetinib,Unknown
n233y_sos1 + selumetinib,Sensitive
n233y_sos1 + venetoclax,Resistant
n239s_tp53 + immunotherapy,Unknown
n239s_tp53 + sacituzumab govitecan,Resistant
n239s_tp53 + trastuzumab,Unknown
n239s_tp53 + trastuzumab deruxtecan,Unknown
n268fs_tp53 + chemotherapy,Unknown
n29i_prss1 + radiation ionizing radiotherapy,Unrelated
n29i_prss1 + radiation therapy,Unrelated
n345d_pik3ca + alpelisib,Unknown
n345i_pik3ca + buparlisib,Unknown
n345i_pik3ca + chemotherapy,Resistant
n345i_pik3ca + doxorubicin,Resistant
n345k_pi3kca + adjuvant chemotherapy,Unrelated
n345k_pi3kca + buparlisib,Sensitive
n345k_pi3kca + fulvestrant,Sensitive
n345k_pi3kca + lapatinib,Resistant
n345k_pi3kca + taselisib,Sensitive
n345k_pik3ca + adjuvant chemotherapy,Unknown
n345k_pik3ca + alectinib,Resistant
n345k_pik3ca + apitolisib,Sensitive
n345k_pik3ca + buparlisib,Unknown
n345k_pik3ca + carboplatin,Sensitive
n345k_pik3ca + chemotherapy,Resistant
n345k_pik3ca + doxorubicin,Resistant
n345k_pik3ca + exemestane,Resistant
n345k_pik3ca + fulvestrant,Unrelated
n345k_pik3ca + immunotherapy,Sensitive
n345k_pik3ca + letrozole,Resistant
n345k_pik3ca + mtor inhibitor,Unrelated
n345k_pik3ca + osimertinib,Resistant
n345k_pik3ca + radiation ionizing radiotherapy,Unrelated
n345k_pik3ca + radiation therapy,Unrelated
n345k_pik3ca + therapeutic tumor infiltrating lymphocytes,Sensitive
n345k_pik3ca + trastuzumab,Sensitive
n345s_pik3ca + alpelisib,Unknown
n345t_pik3ca + apitolisib,Sensitive
n345t_pik3ca + carboplatin,Sensitive
n359i_esr1 + abemaciclib,Unknown
n359i_esr1 + adjuvant chemotherapy,Unknown
n359i_esr1 + exemestane,Unknown
n359i_esr1 + letrozole,Unknown
n359i_esr1 + palbociclib,Unknown
n359i_esr1 + ribociclib,Unknown
n363k_pole + adjuvant chemotherapy,Unrelated
n372h_brca1 + abiraterone,Unknown
n372h_brca1 + abiraterone acetate,Unknown
n372h_brca1 + apalutamide,Unknown
n372h_brca1 + enzalutamide,Unknown
n372h_brca1 + prednisone,Unrelated
n372h_brca2 + adjuvant chemotherapy,Unrelated
n372h_brca2 + chemotherapy,Sensitive
n372h_brca2 + doxorubicin,Sensitive
n372h_brca2 + nivolumab,Sensitive
n372h_brca2 + paclitaxel,Sensitive
n372h_brca2 + radiation ionizing radiotherapy,Unknown
n372h_brca2 + radiation therapy,Unknown
n372h_brca2 + therapeutic tumor infiltrating lymphocytes,Unrelated
n375s_met + chemotherapy,Unknown
n375s_met + hematopoietic cell transplantation,Unknown
n375s_met + immunotherapy,Unknown
n375s_met + radiation ionizing radiotherapy,Unknown
n375s_met + radiation therapy,Unknown
n375s_met + su11274,Sensitive
n375s_met + tretinoin,Unknown
n377i_nrde2 + chemotherapy,Sensitive
n385fs_etv6 + methotrexate,Sensitive
n394y_ccdc6 + cisplatin,Resistant
n486p490del_braf + braf inhibitor,Sensitive
n486p490del_braf + capivasertib,Unrelated
n486p490del_braf + everolimus,Unrelated
n486p490del_braf + fluorouracil,Sensitive
n486p490del_braf + gemcitabine,Sensitive
n486p490del_braf + immunomodulatory oligonucleotide,Unknown
n486p490del_braf + irinotecan,Sensitive
n486p490del_braf + leucovorin,Sensitive
n486p490del_braf + mtor inhibitor,Unrelated
n486p490del_braf + nimotuzumab,Sensitive
n486p490del_braf + oxaliplatin,Sensitive
n486p490del_braf + paclitaxel,Sensitive
n486p490del_braf + pan-raf inhibitor ly3009120,Sensitive
n486p490del_braf + radiation therapy,Sensitive
n486p490del_braf + vemurafenib,Unknown
n508i_kit + imatinib,Sensitive
n508i_kit + imatinib mesylate,Sensitive
n515fs16_blm + chemotherapy,Unknown
n528d_egfr + icotinib,Unknown
n535k_fgfr4 + ponatinib,Sensitive
n535k_fgfr4 + tyrosine kinase inhibitor,Sensitive
n540k_fgfr3 + pemigatinib,Resistant
n540s_fgfr3 + pemigatinib,Resistant
n546d_fgfr1 + erdafitinib,Unknown
n546k_fgfr1 + bevacizumab,Unknown
n546k_fgfr1 + carboplatin,Unknown
n546k_fgfr1 + crizotinib,Unrelated
n546k_fgfr1 + dasatinib,Unrelated
n546k_fgfr1 + ponatinib,Unrelated
n546k_fgfr1 + radiation ionizing radiotherapy,Unrelated
n546k_fgfr1 + radiation therapy,Unrelated
n546k_fgfr1 + tyrosine kinase inhibitor,Sensitive
n546s_fgfr1 + erdafitinib,Unknown
n549d_fgfr2 + erdafitinib,Unknown
n549h_fgfr2 + derazantinib,Unknown
n549h_fgfr2 + folfox regimen,Unrelated
n549h_fgfr2 + futibatinib,Unknown
n549h_fgfr2 + ponatinib,Sensitive
n549h_fgfr2 + tyrosine kinase inhibitor,Sensitive
n549s_fgfr2 + erdafitinib,Unknown
n550k_fgfr2 + dovitinib,Resistant
n550k_fgfr2 + everolimus,Resistant
n550k_fgfr2 + fexagratinib,Unknown
n550k_fgfr2 + folfox regimen,Unrelated
n550k_fgfr2 + ganetespib,Unrelated
n550k_fgfr2 + immunotherapy,Unknown
n550k_fgfr2 + jq1,Sensitive
n550k_fgfr2 + mtor inhibitor,Resistant
n550k_fgfr2 + palbociclib,Resistant
n550k_fgfr2 + trametinib,Resistant
n550k_fgfr2 + tyrosine kinase inhibitor,Unknown
n564d_pik3r1 + buparlisib,Unknown
n564d_pik3r1 + doxorubicin,Resistant
n56k_egfr + cetuximab,Resistant
n571k_alk + crizotinib,Sensitive
n577k_fgfr1 + erdafitinib,Sensitive
n57k_map2k1 + folfox regimen,Unrelated
n57k_map2k1 + irinotecan,Unrelated
n57k_map2k1 + panitumumab,Resistant
n581d_braf + dabrafenib,Unknown
n581d_braf + trametinib,Unknown
n581h_braf + dabrafenib,Unknown
n581h_braf + trametinib,Unknown
n581i_braf + alpelisib,Unrelated
n581i_braf + braf inhibitor,Resistant
n581i_braf + cobimetinib,Sensitive
n581i_braf + dabrafenib,Unknown
n581i_braf + immunotherapy,Resistant
n581i_braf + radiation therapy,Unrelated
n581k_braf + dabrafenib,Unknown
n581k_braf + trametinib,Unknown
n581s_braf + alpelisib,Unrelated
n581s_braf + chemotherapy,Unknown
n581s_braf + dabrafenib,Unknown
n581s_braf + dabrafenib/trametinib regimen,Unknown
n581s_braf + everolimus,Unrelated
n581s_braf + ipilimumab,Unknown
n581s_braf + ivosidenib,Unrelated
n581s_braf + mtor inhibitor,Unrelated
n581s_braf + pembrolizumab,Unknown
n581s_braf + selumetinib,Sensitive
n581s_braf + vemurafenib,Unknown
n581t_braf + dabrafenib,Unknown
n581t_braf + trametinib,Unknown
n581y_braf + dabrafenib,Unknown
n581y_braf + trametinib,Unknown
n595s_pik3r1 + buparlisib,Unknown
n595s_pik3r1 + chemotherapy,Resistant
n595s_pik3r1 + doxorubicin,Resistant
n642h_stat5b + chemotherapy,Resistant
n659k_pdgfra + avapritinib,Sensitive
n659k_pdgfra + imatinib,Resistant
n659k_pdgfra + tyrosine kinase inhibitor,Resistant
n666k_pdgfrb + chemotherapy,Unknown
n666k_pdgfrb + methotrexate,Unknown
n666k_pdgfrb + vincristine,Unknown
n728s_fgfr2 + pazopanib,Sensitive
n771delinsgf_egfr + carboplatin,Unknown
n771delinsgf_egfr + chemotherapy,Unrelated
n771delinsgf_egfr + docetaxel,Sensitive
n771delinsgf_egfr + nivolumab,Sensitive
n771delinshh_egfr + osimertinib,Sensitive
n771h773dup_egfr + cetuximab,Unknown
n771h773dup_egfr + crizotinib,Sensitive
n771h773dup_egfr + gefitinib,Sensitive
n771h773dup_egfr + immunotherapy,Resistant
n771h773dup_egfr + pemetrexed,Resistant
n771h773dup_egfr + poziotinib,Unknown
n771h773dupnph_egfr + afatinib,Sensitive
n771h773dupnph_egfr + gefitinib,Resistant
n771h773dupnph_egfr + tyrosine kinase inhibitor,Sensitive
n771p772insn_egfr + tyrosine kinase inhibitor,Unknown
n808s_egfr + erlotinib,Resistant
n808s_egfr + osimertinib,Unknown
n808s_egfr + sorafenib,Unrelated
n808s_egfr + sorafenib tosylate,Unrelated
n808s_egfr + tyrosine kinase inhibitor,Resistant
n822_kit + avapritinib,Unknown
n822_kit + imatinib,Resistant
n822_kit + nilotinib,Unknown
n822_kit + pazopanib,Unknown
n822_kit + regorafenib,Sensitive
n822_kit + ripretinib,Unknown
n822_kit + sunitinib,Unknown
n822_kit + tyrosine kinase inhibitor,Resistant
n822h_kit + ripretinib,Unknown
n822k_kit + avapritinib,Sensitive
n822k_kit + chmfl-kit-031,Resistant
n822k_kit + imatinib mesylate,Resistant
n822k_kit + lonafarnib,Sensitive
n822k_kit + nintedanib,Unknown
n822k_kit + the-630,Sensitive
n822k_kit + tipifarnib,Sensitive
n822y_kit + imatinib,Resistant
n822y_kit + regorafenib,Resistant
n822y_kit + ripretinib,Unknown
n822y_kit + sunitinib,Resistant
n824k_kit + imatinib,Resistant
n833w_ar + enzalutamide,Resistant
n841g_flt3 + chemotherapy,Resistant
n841i_flt3 + crenolanib,Resistant
n841i_flt3 + midostaurin,Unknown
n841i_flt3 + pexidartinib,Unknown
n841i_flt3 + quizartinib,Resistant
n842a_egfr + erlotinib,Unknown
n842h_egfr + afatinib,Unknown
n842h_egfr + erlotinib,Unknown
n842h_egfr + gefitinib,Unknown
n842h_egfr + lapatinib,Unknown
n90_ctnnb1 + sirolimus,Sensitive
n97fs43_ptch1 + adjuvant chemotherapy,Unknown
n97fs43_ptch1 + bevacizumab,Unknown
n97fs43_ptch1 + radiation ionizing radiotherapy,Unknown
n97fs43_ptch1 + radiation therapy,Sensitive
n97fs43_ptch1 + temozolomide,Sensitive
n97fs43_ptch1 + vismodegib,Sensitive
ncoa4ret_ret + selpercatinib,Sensitive
notch3_akap8l + chemotherapy,Unknown
notch3_akap8l + eribulin,Unknown
notch3_akap8l + margetuximab,Resistant
notch3_akap8l + trastuzumab,Resistant
notch3_akap8l + trastuzumab deruxtecan,Resistant
notch3_akap8l + trastuzumab emtansine,Resistant
nrf2e79k_nfe2l2 + adjuvant chemotherapy,Unrelated
nrf2e79k_nfe2l2 + chemotherapy,Unrelated
nrf2e79k_nfe2l2 + radiation therapy,Resistant
nrf2e79q_nfe2l2 + adjuvant chemotherapy,Unrelated
nrf2e79q_nfe2l2 + chemotherapy,Unrelated
nrf2e79q_nfe2l2 + radiation therapy,Resistant
ntrk3_etv6 + chemotherapy,Unrelated
ntrk3_etv6 + radiation therapy,Unrelated
nvtap_braf + binimetinib,Sensitive
nvtap_braf + dabrafenib,Sensitive
nvtap_braf + mirdametinib,Sensitive
nvtap_braf + vemurafenib,Sensitive
p1008a_met + crizotinib,Sensitive
p1035h_erbb2 + fulvestrant,Unknown
p1035h_erbb2 + letrozole,Unknown
p1035h_erbb2 + palbociclib,Resistant
p104l_palb2 + olaparib,Sensitive
p104l_palb2 + radiation ionizing radiotherapy,Sensitive
p104l_palb2 + radiation therapy,Sensitive
p104l_pik3ca + alpelisib,Sensitive
p104l_pik3ca + apitolisib,Sensitive
p104l_pik3ca + carboplatin,Sensitive
p104l_pik3ca + chemotherapy,Unrelated
p104l_pik3ca + cisplatin,Unrelated
p104l_pik3ca + mtor inhibitor,Unrelated
p104r_pik3ca + alpelisib,Unknown
p110_pik3ca + copanlisib,Sensitive
p110_pik3ca + sapanisertib,Unknown
p110_pik3ca + venetoclax,Unknown
p1170a_erbb2 + trastuzumab,Diagnostic
p124_mek1 + braf inhibitor,Resistant
p124_mek1 + dabrafenib,Resistant
p124_mek1 + dabrafenib/trametinib regimen,Resistant
p124_mek1 + trametinib,Unknown
p124_mek1 + vemurafenib,Resistant
p124l_mek1 + belvarafenib,Resistant
p124l_mek1 + dabrafenib,Unrelated
p124l_mek1 + dabrafenib/trametinib regimen,Resistant
p124l_mek1 + trametinib,Resistant
p124q_mek1 + braf inhibitor,Resistant
p124q_mek1 + dabrafenib,Resistant
p124q_mek1 + dabrafenib/trametinib regimen,Resistant
p124q_mek1 + trametinib,Unknown
p124q_mek1 + vemurafenib,Resistant
p124r_map2k1 + palbociclib,Resistant
p124r_map2k1 + trametinib,Sensitive
p124s_mek1 + braf inhibitor,Resistant
p124s_mek1 + dabrafenib,Resistant
p124s_mek1 + dabrafenib/trametinib regimen,Resistant
p124s_mek1 + vemurafenib,Resistant
p1272s_src + tamoxifen,Sensitive
p128fs_tp53 + capmatinib,Resistant
p128fs_tp53 + selpercatinib,Resistant
p128fs_tp53 + trametinib,Resistant
p12a_pparg + hormone therapy,Unknown
p12a_pparg + ibuprofen,Unrelated
p131l_rqcd1 + immunotherapy,Unknown
p131l_rqcd1 + radiation ionizing radiotherapy,Unrelated
p131l_rqcd1 + radiation therapy,Unrelated
p13kca_pik3ca + adjuvant chemotherapy,Unknown
p13kca_pik3ca + chemotherapy,Unknown
p13kca_pik3ca + radiation ionizing radiotherapy,Unknown
p13kca_pik3ca + radiation therapy,Unknown
p1450r_tsc2 + lapatinib,Resistant
p1450r_tsc2 + palbociclib,Sensitive
p1464a_brca1 + chemotherapy,Sensitive
p1464a_brca1 + cisplatin,Sensitive
p1488p1494_crebbp + dexamethasone,Resistant
p1488p1494_crebbp + prednisolone,Resistant
p1488p1494_crebbp + therapeutic glucocorticoid,Resistant
p151h_tp53 + eprenetapopt,Unrelated
p151h_tp53 + nutlin-3,Unrelated
p151r_jak3 + tofacitinib,Unknown
p151t_tp53 + chemotherapy,Resistant
p1521t_tsc2 + afatinib,Resistant
p1521t_tsc2 + buparlisib,Unrelated
p1521t_tsc2 + everolimus,Sensitive
p1521t_tsc2 + lapatinib,Resistant
p1521t_tsc2 + neratinib,Resistant
p1521t_tsc2 + trametinib,Unrelated
p1521t_tsc2 + tyrosine kinase inhibitor,Resistant
p152l_tp53 + radiation therapy,Unknown
p153q_brca2 + hormone therapy,Unknown
p159s_etv1 + gefitinib,Resistant
p159s_etv1 + osimertinib,Resistant
p161l_tasp1 + immunotherapy,Sensitive
p165fs_socs1 + cyclophosphamide,Unknown
p165fs_socs1 + doxorubicin,Unknown
p165fs_socs1 + prednisone,Unknown
p165fs_socs1 + vincristine,Unknown
p16_cdkn2a + radiation ionizing radiotherapy,Unknown
p16_cdkn2a + radiation therapy,Unknown
p16l_ep300 + adjuvant chemotherapy,Unrelated
p16l_ep300 + tamoxifen,Diagnostic
p1749r_brca1 + aspirin,Sensitive
p1749r_brca1 + radiation ionizing radiotherapy,Sensitive
p1749r_brca1 + radiation therapy,Sensitive
p187a_bard1 + cisplatin,Sensitive
p187a_bard1 + olaparib,Sensitive
p187s_nqo1 + chemotherapy,Unknown
p187s_nqo1 + mitomycin,Unknown
p190l_tp53 + chemotherapy,Resistant
p190t_tp53 + chemotherapy,Unknown
p190t_tp53 + radiation therapy,Unknown
p191del_tp53 + abiraterone,Unrelated
p191del_tp53 + bicalutamide,Unrelated
p191del_tp53 + cabazitaxel,Unrelated
p191del_tp53 + carboplatin,Unrelated
p191del_tp53 + docetaxel,Unrelated
p191del_tp53 + rucaparib,Unrelated
p191fs18_tp53 + adjuvant chemotherapy,Unknown
p191fs18_tp53 + chemotherapy,Unknown
p200l_pik3ca + afatinib,Unknown
p200l_pik3ca + akt inhibitor mk2206,Unknown
p200l_pik3ca + alpelisib,Unknown
p200l_pik3ca + buparlisib,Unknown
p200l_pik3ca + everolimus,Unknown
p200l_pik3ca + lapatinib,Unknown
p200l_pik3ca + neratinib,Unknown
p200l_pik3ca + tyrosine kinase inhibitor,Unknown
p207s_craf + dabrafenib,Resistant
p207s_craf + pan-raf inhibitor ly3009120,Unrelated
p207s_craf + trametinib,Unrelated
p210_bcr + ruxolitinib,Sensitive
p211s_nrmt1 + radiation therapy,Sensitive
p2189a_arid1b + radiation therapy,Unknown
p21_cdkn1a + chemotherapy,Unrelated
p21_cdkn1a + radiation ionizing radiotherapy,Sensitive
p21_cdkn1a + radiation therapy,Sensitive
p2213s_mtor + akt inhibitor mk2206,Unknown
p2213s_mtor + alpelisib,Unknown
p2213s_mtor + capivasertib,Unknown
p2213s_mtor + everolimus,Unknown
p2213s_mtor + mtor inhibitor,Unknown
p2213s_mtor + temsirolimus,Resistant
p222l_smarca4 + atezolizumab,Sensitive
p222l_smarca4 + immune checkpoint inhibitor,Sensitive
p222l_smarca4 + immunotherapy,Sensitive
p222l_smarca4 + ipilimumab,Sensitive
p222l_smarca4 + nivolumab,Sensitive
p222x_tp53 + chemotherapy,Unknown
p223l_tp53 + radiation therapy,Sensitive
p223l_tp53 + vorinostat,Unknown
p242r_polb + chemotherapy,Unknown
p242r_polb + cisplatin,Resistant
p248lfs8_pten + adjuvant chemotherapy,Unrelated
p248lfs8_pten + carboplatin,Unknown
p248lfs8_pten + chemotherapy,Unknown
p248lfs8_pten + paclitaxel,Unknown
p248tfs5_pten + sorafenib,Resistant
p248tfs5_pten + sorafenib tosylate,Resistant
p24s_bard1 + chemotherapy,Unknown
p24s_bard1 + cisplatin,Unknown
p250r_fgfr3 + chemotherapy,Unknown
p250r_fgfr3 + cisplatin,Unknown
p253r_fgfr2 + immunotherapy,Unknown
p261a_craf + dabrafenib,Resistant
p261a_craf + pan-raf inhibitor ly3009120,Sensitive
p261a_craf + trametinib,Sensitive
p262h_erbb3 + afimoxifene,Unrelated
p262h_erbb3 + fulvestrant,Unknown
p262h_erbb3 + lapatinib,Unknown
p278a_tp53 + chemotherapy,Resistant
p278s_tp53 + chemotherapy,Unrelated
p278s_tp53 + immunotherapy,Unknown
p278s_tp53 + pembrolizumab,Unknown
p278s_tp53 + radiation ionizing radiotherapy,Unrelated
p278s_tp53 + radiation therapy,Unrelated
p279r_crebbp + gemcitabine,Sensitive
p279s_sdha + avapritinib,Unknown
p279s_sdha + dasatinib,Sensitive
p279s_sdha + imatinib,Resistant
p279s_sdha + infigratinib,Sensitive
p279s_sdha + pazopanib,Unknown
p279s_sdha + pemigatinib,Sensitive
p279s_sdha + ponatinib,Sensitive
p279s_sdha + regorafenib,Unknown
p279s_sdha + ripretinib,Sensitive
p279s_sdha + rogaratinib,Unknown
p279s_sdha + sorafenib,Unknown
p279s_sdha + sorafenib tosylate,Unknown
p279s_sdha + sunitinib,Sensitive
p281fs_stk11 + immunotherapy,Unknown
p281l_stk11 + chemotherapy,Unrelated
p281l_stk11 + cisplatin,Unrelated
p281l_stk11 + fluorouracil,Unrelated
p281l_stk11 + gemcitabine,Unrelated
p281l_stk11 + immunomodulatory oligonucleotide,Unrelated
p281l_stk11 + irinotecan,Unrelated
p281l_stk11 + leucovorin,Unrelated
p281l_stk11 + olaparib,Unrelated
p281l_stk11 + oxaliplatin,Unrelated
p281l_stk11 + paclitaxel,Unrelated
p286r_pole + capecitabine,Resistant
p286r_pole + carboplatin,Unrelated
p286r_pole + cetuximab,Unrelated
p286r_pole + cytarabine,Sensitive
p286r_pole + encorafenib,Unrelated
p286r_pole + etoposide,Unrelated
p286r_pole + fludarabine,Sensitive
p286r_pole + folfiri regimen,Unknown
p286r_pole + folfox regimen,Unknown
p286r_pole + immune checkpoint inhibitor,Sensitive
p286r_pole + irinotecan,Unrelated
p286r_pole + nivolumab,Sensitive
p286r_pole + oxaliplatin,Resistant
p286r_pole + paclitaxel,Unrelated
p286r_pole + radiation therapy,Resistant
p286r_pole + ramucirumab,Unrelated
p29l_rac1 + plx4720,Unknown
p29l_rac1 + sirolimus,Unknown
p29s_rac1 + chemotherapy,Resistant
p29s_rac1 + dabrafenib,Resistant
p29s_rac1 + immunotherapy,Sensitive
p29s_rac1 + plx4720,Resistant
p29s_rac1 + radiation ionizing radiotherapy,Sensitive
p29s_rac1 + radiation therapy,Sensitive
p29s_rac1 + sirolimus,Sensitive
p29s_rac1 + vemurafenib,Resistant
p333hfster5_tsc1 + everolimus,Unknown
p333hfster5_tsc1 + mtor inhibitor,Unknown
p333hfster5_tsc1 + temsirolimus,Unknown
p334h_xpc + cisplatin,Sensitive
p334h_xpc + sunitinib,Unrelated
p34r_rac1 + dabrafenib,Resistant
p38l_mmp2 + braf inhibitor,Sensitive
p38l_mmp2 + plx4720,Sensitive
p39a_tsc1 + chemotherapy,Unrelated
p39a_tsc1 + everolimus,Sensitive
p39a_tsc1 + gilteritinib,Unrelated
p406a_esr1 + hormone therapy,Resistant
p406a_esr1 + tamoxifen,Resistant
p409l_cdkal1 + chemotherapy,Resistant
p409l_cdkal1 + docetaxel,Resistant
p436r_pole + adjuvant chemotherapy,Unrelated
p436r_pole + chemotherapy,Unrelated
p447l455del_pik3ca + alpelisib,Sensitive
p449l455del_pik3ca + immunotherapy,Unknown
p449l455del_pik3ca + sacituzumab govitecan,Unknown
p449l455del_pik3ca + trastuzumab,Unknown
p449l455del_pik3ca + trastuzumab deruxtecan,Resistant
p449t_pi3k + cetuximab,Unknown
p449t_pi3k + chemotherapy,Unrelated
p44l_mycn + chemotherapy,Unknown
p452l_pole + cisplatin,Resistant
p47s_tp53 + radiation ionizing radiotherapy,Resistant
p47s_tp53 + radiation therapy,Resistant
p491q_ptpn11 + immunotherapy,Resistant
p521l_sh2b3 + immunotherapy,Unknown
p521l_sh2b3 + radiation ionizing radiotherapy,Unknown
p521l_sh2b3 + radiation therapy,Unknown
p523l_erbb2 + adjuvant chemotherapy,Unrelated
p523l_erbb2 + buparlisib,Unrelated
p523l_erbb2 + fulvestrant,Unrelated
p523l_erbb2 + lapatinib,Sensitive
p523l_erbb2 + taselisib,Unrelated
p535h_esr1 + adjuvant chemotherapy,Unrelated
p535h_esr1 + chemotherapy,Unrelated
p535h_esr1 + pictilisib,Unrelated
p535h_esr1 + tamoxifen,Resistant
p536h_esr1 + fulvestrant,Unknown
p539r_pik3ca + alpelisib,Unknown
p539r_pik3ca + apitolisib,Sensitive
p539r_pik3ca + carboplatin,Sensitive
p53r248w + cisplatin,Sensitive
p577del_kit + avapritinib,Unknown
p577del_kit + chemotherapy,Unrelated
p577del_kit + dovitinib,Sensitive
p58l_erk2 + gefitinib,Unrelated
p58s_erk2 + gefitinib,Unrelated
p58t_erk2 + gefitinib,Unrelated
p596l_egfr + cetuximab,Sensitive
p596l_egfr + panitumumab,Sensitive
p604s_atm + bevacizumab,Resistant
p604s_atm + capecitabine,Resistant
p604s_atm + cisplatin,Sensitive
p604s_atm + etoposide,Sensitive
p604s_atm + irinotecan,Resistant
p604s_atm + oxaliplatin,Resistant
p61brafv600e_braf + braf inhibitor,Sensitive
p61brafv600e_braf + dabrafenib,Resistant
p61brafv600e_braf + encorafenib,Resistant
p61brafv600e_braf + vemurafenib,Resistant
p62_sqstm1 + immunotherapy,Unrelated
p62_sqstm1 + radiation ionizing radiotherapy,Unrelated
p62_sqstm1 + radiation therapy,Unrelated
p641a_smo + vismodegib,Sensitive
p669l_bard1 + cisplatin,Sensitive
p669l_bard1 + olaparib,Sensitive
p696l_brip1 + cisplatin,Sensitive
p696l_brip1 + mitomycin,Sensitive
p699l_erbb2 + fulvestrant,Unrelated
p699l_erbb2 + neratinib,Sensitive
p699l_erbb2 + tyrosine kinase inhibitor,Sensitive
p714l_fancd2 + chemotherapy,Unrelated
p719a_egfr + immunotherapy,Sensitive
p725l_jak3 + radiation therapy,Sensitive
p72r_tp53 + carboplatin,Unrelated
p72r_tp53 + decitabine,Sensitive
p72r_tp53 + docetaxel,Unrelated
p72r_tp53 + etoposide,Sensitive
p72r_tp53 + hormone therapy,Unrelated
p72r_tp53 + osimertinib,Unknown
p72r_tp53 + oxaliplatin,Sensitive
p733l_jak1 + immunotherapy,Resistant
p747752del_egfr + erlotinib,Sensitive
p747752del_egfr + gefitinib,Sensitive
p747752del_egfr + icotinib,Sensitive
p753s_egfr + chemotherapy,Sensitive
p753s_egfr + immunotherapy,Sensitive
p757l_exo1 + chemotherapy,Sensitive
p757l_exo1 + gemcitabine,Sensitive
p757l_exo1 + melphalan,Unrelated
p75r_asna1 + therapeutic glucocorticoid,Unrelated
p772h773inshp_egfr + tyrosine kinase inhibitor,Unknown
p780insgsp_erbb2 + erlotinib,Resistant
p780insgsp_erbb2 + gefitinib,Resistant
p780insgsp_erbb2 + neratinib,Sensitive
p780insgsp_erbb2 + tyrosine kinase inhibitor,Sensitive
p780y781insgsp_erbb2 + afatinib,Unknown
p780y781insgsp_erbb2 + chemotherapy,Sensitive
p780y781insgsp_erbb2 + mobocertinib,Sensitive
p780y781insgsp_erbb2 + poziotinib,Sensitive
p780y781insgsp_erbb2 + tyrosine kinase inhibitor,Sensitive
p794r_egfr + gefitinib,Unknown
p794r_egfr + osimertinib,Resistant
p794r_egfr + tyrosine kinase inhibitor,Resistant
p794s_egfr + gefitinib,Unknown
p794s_egfr + osimertinib,Resistant
p794s_egfr + tyrosine kinase inhibitor,Resistant
p79a_esr1 + aromatase inhibitor,Unknown
p79a_esr1 + fulvestrant,Unknown
p79a_esr1 + letrozole,Unknown
p79a_esr1 + palbociclib,Unknown
p79a_esr1 + tamoxifen,Unknown
p824l_brca1 + hormone therapy,Unknown
p832s_jak1 + immunotherapy,Resistant
p848l_egfr + afatinib,Unknown
p848l_egfr + erlotinib,Resistant
p848l_egfr + osimertinib,Resistant
p871l_brca1 + chemotherapy,Unknown
p871l_brca1 + docetaxel,Unknown
p871l_brca1 + olaparib,Sensitive
p871l_brca1 + talazoparib,Unknown
p893s_ar + apalutamide,Unknown
p893s_ar + bicalutamide,Resistant
p893s_ar + enzalutamide,Unknown
p89x_tp53 + gemcitabine,Resistant
p918l_abl1 + asciminib,Resistant
p937l_egfr + erlotinib,Resistant
p937l_egfr + osimertinib,Unknown
p937l_egfr + sorafenib,Unrelated
p937l_egfr + sorafenib tosylate,Unrelated
p937l_egfr + tyrosine kinase inhibitor,Resistant
p95h_srsf2 + palbociclib,Sensitive
p95her2_erbb2 + chemotherapy,Resistant
p98l_tp53 + chemotherapy,Unknown
parg2318ter_brca2 + olaparib,Sensitive
parg399gln_xrcc1 + carboplatin,Unrelated
parg399gln_xrcc1 + carboplatin/paclitaxel regimen,Unrelated
parg399gln_xrcc1 + chemotherapy,Unrelated
parg399gln_xrcc1 + cisplatin,Unrelated
parg399gln_xrcc1 + paclitaxel,Unrelated
patg4bs383_atg4b + immunotherapy,Unrelated
patg4bs383_atg4b + radiation ionizing radiotherapy,Unrelated
patg4bs383_atg4b + radiation therapy,Unrelated
pbx1_e2a + chemotherapy,Unknown
pbx1_e2a + hematopoietic cell transplantation,Unrelated
pbx1_e2a + venetoclax,Sensitive
pc65s_pten + hormone therapy,Unrelated
pc702fs_notch1 + cisplatin,Unknown
pd252fs_brca2 + cisplatin,Resistant
pdgfrd849v_pdgfrb + crenolanib,Sensitive
pe380q_esr1 + fulvestrant,Sensitive
pe380q_esr1 + hormone therapy,Resistant
pe380q_esr1 + palbociclib,Sensitive
pe380q_esr1 + tamoxifen,Resistant
pe746a750del_egfr + gefitinib,Sensitive
pf157fs_flcn + sirolimus,Unknown
pf568fs_nsd1 + chemotherapy,Sensitive
pf568fs_nsd1 + cytarabine,Sensitive
pf568fs_nsd1 + doxorubicin,Sensitive
pf568fs_nsd1 + etoposide,Sensitive
pf568fs_nsd1 + gemtuzumab ozogamicin,Sensitive
pf568fs_nsd1 + prednisone,Unrelated
pf609fs_dnmt3a + chemotherapy,Resistant
pf609fs_dnmt3a + cyclophosphamide,Resistant
pf609fs_dnmt3a + prednisolone,Resistant
pf609fs_dnmt3a + vincristine,Resistant
pg12c_kras + alectinib,Unrelated
pg12c_kras + sotorasib,Sensitive
pg469a_braf + chemotherapy,Unrelated
pg469a_braf + dabrafenib,Sensitive
pg469a_braf + dabrafenib/trametinib regimen,Sensitive
pg469a_braf + trametinib,Sensitive
ph2455r_brca2 + olaparib,Resistant
ph429fs_flcn + sirolimus,Unknown
phe157del_flcn + sirolimus,Unknown
phe32serfs8_rad51c + adjuvant chemotherapy,Unrelated
phe32serfs8_rad51c + chemotherapy,Unrelated
phe32serfs8_rad51c + radiation therapy,Unrelated
pheval_fcgr3a + cetuximab,Unrelated
pheval_fcgr3a + chemotherapy,Unrelated
pi3kcae545k_pik3ca + everolimus,Resistant
pi3kcae545k_pik3ca + exemestane,Unrelated
pi3kh1047r_pi3kca + mtor inhibitor,Sensitive
pi3kh1047r_pi3kca + onartuzumab,Resistant
pi3kh1047r_pi3kca + pictilisib,Resistant
pk601e_braf + chemotherapy,Unrelated
pk601e_braf + dabrafenib,Sensitive
pk601e_braf + dabrafenib/trametinib regimen,Sensitive
pk601e_braf + trametinib,Sensitive
pl2732x_brca2 + olaparib,Sensitive
pl63_brca1 + cisplatin,Sensitive
pleu622serfs10_mlh1 + chemotherapy,Resistant
pn255fs_brca2 + cisplatin,Resistant
pp1220fs1223 + hormone therapy,Resistant
pp1220fs1223 + tamoxifen,Resistant
pp1220fs1223_nf1 + hormone therapy,Resistant
pp1220fs1223_nf1 + tamoxifen,Resistant
pp2320fs_notch1 + chemotherapy,Resistant
pp2320fs_notch1 + cyclophosphamide,Resistant
pp2320fs_notch1 + prednisolone,Resistant
pp2320fs_notch1 + vincristine,Resistant
ppro1069leufs2_atm + chemotherapy,Sensitive
pq600x_bcor + chemotherapy,Resistant
pq600x_bcor + cyclophosphamide,Resistant
pq600x_bcor + prednisolone,Resistant
pq600x_bcor + vincristine,Resistant
pr1276q + hormone therapy,Resistant
pr1276q + tamoxifen,Resistant
pr1276q_nf1 + hormone therapy,Resistant
pr1276q_nf1 + tamoxifen,Resistant
pr1400h_fanca + chemotherapy,Sensitive
pr1400h_fanca + cisplatin,Sensitive
pr140q_idh2 + chemotherapy,Resistant
pr140q_idh2 + cyclophosphamide,Resistant
pr140q_idh2 + prednisolone,Resistant
pr140q_idh2 + vincristine,Resistant
pro116hisfs_pold1 + immunotherapy,Sensitive
pro1667serfster15_nf1 + bevacizumab,Unrelated
pro1667serfster15_nf1 + chemotherapy,Unrelated
pro1667serfster15_nf1 + ctla-4 inhibitor,Unrelated
pro1667serfster15_nf1 + immunotherapy,Unrelated
pro1667serfster15_nf1 + ipilimumab,Unrelated
pro1667serfster15_nf1 + nivolumab,Unrelated
pro1667serfster15_nf1 + radiation ionizing radiotherapy,Unrelated
pro1667serfster15_nf1 + radiation therapy,Unrelated
pro1667serfster15_nf1 + trametinib,Unrelated
pro301fs_tp53 + radiation therapy,Unknown
pro301fs_tp53 + temozolomide,Unknown
pro409alafs_gata3 + aromatase inhibitor,Sensitive
pro641ala_smo + vismodegib,Sensitive
pro72_tp53 + regorafenib,Sensitive
pro780tyr781insglyserpro_erbb2 + lapatinib,Resistant
pro780tyr781insglyserpro_erbb2 + perifosine,Sensitive
pro780tyr781insgsp_erbb2 + lapatinib,Resistant
ps1701_pten + chemotherapy,Unrelated
ps1701_pten + fluorouracil,Unrelated
ps1701_pten + radiation ionizing radiotherapy,Unrelated
ps1701_pten + radiation therapy,Unrelated
ps294_esr1 + dinaciclib,Sensitive
ps294_esr1 + hormone therapy,Unknown
ps294_esr1 + palbociclib,Resistant
ps294_esr1 + tamoxifen,Sensitive
ps308_ar + hormone therapy,Unrelated
ps515_ar + hormone therapy,Unrelated
ps598l_pten + chemotherapy,Unrelated
ps598l_pten + fluorouracil,Unrelated
ps598l_pten + radiation ionizing radiotherapy,Unrelated
ps598l_pten + radiation therapy,Unrelated
ps650_ar + hormone therapy,Unrelated
pt416ezh2_ezh2 + ezh2 inhibitor,Sensitive
pt416ezh2_ezh2 + tamoxifen,Unrelated
pt790m_egfr + gefitinib,Resistant
ptchglu947ter_ptch1 + vismodegib,Sensitive
pulk1s555_ulk1 + immunotherapy,Unrelated
pulk1s555_ulk1 + radiation ionizing radiotherapy,Sensitive
pulk1s555_ulk1 + radiation therapy,Sensitive
pulk1s757_ulk1 + immunotherapy,Unrelated
pulk1s757_ulk1 + radiation ionizing radiotherapy,Unrelated
pulk1s757_ulk1 + radiation therapy,Unrelated
pval1234glnfs_brca1 + olaparib,Sensitive
py1068_egfr + gefitinib,Unknown
q1045h_pde4dip + chemotherapy,Unknown
q1045h_pde4dip + radiation ionizing radiotherapy,Unknown
q1045h_pde4dip + radiation therapy,Unknown
q1146k_alk + brigatinib,Sensitive
q1146k_alk + crizotinib,Resistant
q1146k_alk + lorlatinib,Unknown
q1155r_msh6 + immunotherapy,Sensitive
q1155r_msh6 + nivolumab,Sensitive
q119l_rragc + sirolimus,Sensitive
q1206x_erbb2 + adjuvant chemotherapy,Unrelated
q1206x_erbb2 + buparlisib,Unrelated
q1206x_erbb2 + fulvestrant,Unrelated
q1206x_erbb2 + lapatinib,Sensitive
q1206x_erbb2 + taselisib,Unrelated
q12v_kras + chemotherapy,Unknown
q12v_kras + hormone therapy,Unrelated
q1307fs_fanca + chemotherapy,Resistant
q1307fs_fanca + cisplatin,Sensitive
q1307fs_fanca + immunotherapy,Resistant
q1307fs_fanca + olaparib,Sensitive
q136l_tp53 + decitabine,Unknown
q136l_tp53 + hypercvad regimen,Unknown
q136l_tp53 + venetoclax,Unknown
q136r_tp53 + trastuzumab,Resistant
q136x_tp53 + icotinib,Unknown
q136x_tp53 + osimertinib,Resistant
q1395hfs22_nf1 + crizotinib,Unknown
q1469ter_apc + chemotherapy,Unknown
q1500p_crebbp + dexamethasone,Resistant
q1500p_crebbp + prednisolone,Resistant
q1500p_crebbp + therapeutic glucocorticoid,Resistant
q1501p_crebbp + dexamethasone,Resistant
q1501p_crebbp + prednisolone,Resistant
q1501p_crebbp + therapeutic glucocorticoid,Resistant
q158rfs19_palb2 + chemotherapy,Sensitive
q158rfs19_palb2 + cisplatin,Sensitive
q158rfs19_palb2 + radiation therapy,Unrelated
q165p_spop + bet inhibitor,Sensitive
q165p_spop + jq1,Sensitive
q16r_nras + binimetinib,Unknown
q16r_nras + chemotherapy,Resistant
q16r_nras + cisplatin,Resistant
q16r_nras + dabrafenib,Resistant
q16r_nras + trametinib,Unknown
q1811x_brca1 + adjuvant chemotherapy,Unknown
q1811x_brca1 + chemotherapy,Unknown
q1814k_myh8 + carboplatin,Unknown
q1814k_myh8 + chemotherapy,Unknown
q1814k_myh8 + etoposide,Unknown
q1814k_myh8 + pemetrexed,Unknown
q1815_nf1 + radiation ionizing radiotherapy,Unknown
q1815_nf1 + radiation therapy,Unknown
q199x_tp53 + hormone therapy,Unknown
q201l_smarca4 + atezolizumab,Sensitive
q201l_smarca4 + immune checkpoint inhibitor,Sensitive
q201l_smarca4 + immunotherapy,Sensitive
q201l_smarca4 + ipilimumab,Sensitive
q201l_smarca4 + nivolumab,Sensitive
q2071_nf1 + radiation therapy,Unknown
q209_gnaq + immunotherapy,Unknown
q209l_braf + immunotherapy,Resistant
q209l_braf + ipilimumab,Resistant
q209l_braf + nivolumab,Resistant
q209l_braf + radiation therapy,Unrelated
q209l_gna11 + belinostat,Sensitive
q209l_gna11 + chemotherapy,Resistant
q209l_gna11 + radiation ionizing radiotherapy,Unrelated
q209l_gna11 + radiation therapy,Unrelated
q209l_gna11 + sotrastaurin acetate,Unknown
q209l_gna11 + trametinib,Sensitive
q209l_gnaq + belinostat,Sensitive
q209l_gnaq + chemotherapy,Resistant
q209l_gnaq + cobimetinib,Sensitive
q209l_gnaq + nirogacestat,Sensitive
q209l_gnaq + radiation ionizing radiotherapy,Unrelated
q209l_gnaq + radiation therapy,Unrelated
q209l_gnaq + sotrastaurin acetate,Unknown
q209p_gnaq + belinostat,Sensitive
q209p_gnaq + ceritinib,Unknown
q209p_gnaq + chemotherapy,Unknown
q209p_gnaq + radiation ionizing radiotherapy,Unrelated
q209p_gnaq + radiation therapy,Unrelated
q209p_gnaq + selumetinib,Resistant
q209p_gnaq + sotrastaurin acetate,Unknown
q209p_gnaq + sunitinib,Resistant
q209r_gnaq + sotrastaurin acetate,Unknown
q212_nf2 + hormone therapy,Unrelated
q214_sdhb + radiation ionizing radiotherapy,Unknown
q214_sdhb + radiation therapy,Unknown
q22k_kras + afatinib,Unrelated
q22k_kras + gefitinib,Resistant
q22k_kras + irinotecan,Unrelated
q22k_kras + wz4002,Unrelated
q22l_kras + cetuximab,Unrelated
q22l_kras + panitumumab,Unrelated
q22r_kras + cetuximab,Unrelated
q22r_kras + panitumumab,Unrelated
q23_cdh1 + chemotherapy,Unknown
q23_cdh1 + hormone therapy,Unknown
q257_atr + adjuvant chemotherapy,Unrelated
q257_atr + carboplatin,Unrelated
q257_atr + chemotherapy,Unrelated
q257_atr + cisplatin,Unrelated
q257_atr + gemcitabine,Unrelated
q257_atr + immunotherapy,Unrelated
q257_atr + radiation ionizing radiotherapy,Unrelated
q257_atr + radiation therapy,Unrelated
q267fs_bap1 + axitinib,Resistant
q267fs_bap1 + everolimus,Resistant
q267fs_bap1 + immunotherapy,Unknown
q267fs_bap1 + niraparib,Sensitive
q267fs_bap1 + sirolimus,Unknown
q267fs_bap1 + sorafenib,Resistant
q267fs_bap1 + sorafenib tosylate,Resistant
q2762fs6_atm + chemotherapy,Unknown
q2762fs6_atm + immunotherapy,Unknown
q2762fs6_atm + niraparib,Sensitive
q27e_adrb2 + bevacizumab,Unrelated
q2899_brca2 + cisplatin,Sensitive
q2899l_brca2 + cisplatin,Resistant
q314_esr1 + abemaciclib,Unknown
q314_esr1 + adjuvant chemotherapy,Unknown
q314_esr1 + exemestane,Unknown
q314_esr1 + letrozole,Unknown
q314_esr1 + palbociclib,Unknown
q314_esr1 + ribociclib,Unknown
q316e_idh2 + enasidenib,Resistant
q318x_smarcb1 + selinexor,Sensitive
q329l_pik3r1 + buparlisib,Unknown
q329l_pik3r1 + doxorubicin,Resistant
q331h_tp53 + chemotherapy,Unrelated
q331h_tp53 + therapeutic tumor infiltrating lymphocytes,Sensitive
q356r_brca1 + chemotherapy,Unknown
q356r_brca1 + docetaxel,Unknown
q356r_brca1 + olaparib,Sensitive
q356r_brca1 + talazoparib,Unknown
q393x_erbb2 + adjuvant chemotherapy,Unrelated
q393x_erbb2 + buparlisib,Unrelated
q393x_erbb2 + fulvestrant,Unrelated
q393x_erbb2 + lapatinib,Sensitive
q393x_erbb2 + taselisib,Unrelated
q396x_erbb2 + adjuvant chemotherapy,Unrelated
q396x_erbb2 + buparlisib,Unrelated
q396x_erbb2 + fulvestrant,Unrelated
q396x_erbb2 + lapatinib,Sensitive
q396x_erbb2 + taselisib,Unrelated
q398k_erbb2 + afatinib,Unknown
q398k_erbb2 + lapatinib,Resistant
q398k_erbb2 + neratinib,Unknown
q398k_erbb2 + trastuzumab,Resistant
q398k_erbb2 + trastuzumab emtansine,Resistant
q399r_xrcc1 + adjuvant chemotherapy,Unrelated
q399r_xrcc1 + carboplatin,Resistant
q399r_xrcc1 + cytoreductive surgery,Unrelated
q399r_xrcc1 + docetaxel,Unrelated
q399r_xrcc1 + fluorouracil,Unrelated
q410_nf2 + hormone therapy,Unrelated
q412_sox9 + chemotherapy,Unknown
q418p_ctip + mitomycin,Sensitive
q418p_ctip + radiation ionizing radiotherapy,Sensitive
q418p_ctip + radiation therapy,Sensitive
q472_kdr + encorafenib,Unrelated
q472h_kdr + bevacizumab,Sensitive
q472h_kdr + capivasertib,Unrelated
q472h_kdr + chemotherapy,Unknown
q472h_kdr + dabrafenib,Resistant
q472h_kdr + hematopoietic cell transplantation,Unknown
q472h_kdr + immunotherapy,Unknown
q472h_kdr + lenvatinib,Sensitive
q472h_kdr + radiation ionizing radiotherapy,Unknown
q472h_kdr + radiation therapy,Unknown
q472h_kdr + sorafenib,Unrelated
q472h_kdr + sorafenib tosylate,Unrelated
q472h_kdr + tretinoin,Unknown
q527stop_tsc1 + alisertib,Sensitive
q527stop_tsc1 + cisplatin,Unrelated
q527stop_tsc1 + paclitaxel,Unrelated
q527stop_tsc1 + tyrosine kinase inhibitor,Sensitive
q546_pik3ca + aromatase inhibitor,Unrelated
q546_pik3ca + immunotherapy,Unknown
q546_pik3ca + palbociclib,Unknown
q546e_pik3ca + adjuvant chemotherapy,Unknown
q546e_pik3ca + alpelisib,Sensitive
q546e_pik3ca + aromatase inhibitor,Unrelated
q546e_pik3ca + tamoxifen,Unknown
q546k_pik3ca + aromatase inhibitor,Unknown
q546k_pik3ca + cetuximab,Resistant
q546k_pik3ca + folfiri regimen,Unrelated
q546k_pik3ca + fulvestrant,Unrelated
q546k_pik3ca + pictilisib,Unrelated
q546r_pik3ca + adjuvant chemotherapy,Unknown
q546r_pik3ca + alpelisib,Sensitive
q546r_pik3ca + apitolisib,Sensitive
q546r_pik3ca + aromatase inhibitor,Unrelated
q546r_pik3ca + carboplatin,Sensitive
q546r_pik3ca + oxaliplatin,Unknown
q546r_pik3ca + tamoxifen,Unknown
q556v560del_kit + adjuvant chemotherapy,Unrelated
q556v560del_kit + imatinib,Sensitive
q556v560del_kit + imatinib mesylate,Sensitive
q565_esr1 + abemaciclib,Unknown
q565_esr1 + adjuvant chemotherapy,Unknown
q565_esr1 + exemestane,Unknown
q565_esr1 + letrozole,Unknown
q565_esr1 + palbociclib,Unknown
q565_esr1 + ribociclib,Unknown
q56p_map2k1 + trametinib,Sensitive
q56p_mek1 + chemotherapy,Unrelated
q580l_esr1 + hormone therapy,Resistant
q580l_esr1 + tamoxifen,Resistant
q58e62del_mek1 + belvarafenib,Resistant
q58e62del_mek1 + cobimetinib,Resistant
q58e62del_mek1 + vemurafenib,Unknown
q61_hras + encorafenib,Resistant
q61_kras + bevacizumab,Unknown
q61_kras + binimetinib,Resistant
q61_kras + buparlisib,Unrelated
q61_kras + cetuximab,Resistant
q61_kras + gemcitabine,Unrelated
q61_kras + immunotherapy,Sensitive
q61_kras + mrna vaccine,Sensitive
q61_kras + refametinib,Resistant
q61_kras + selumetinib,Resistant
q61_nras + atezolizumab,Unknown
q61_nras + celecoxib,Unrelated
q61_nras + cisplatin,Unknown
q61_nras + cobimetinib,Sensitive
q61_nras + lonafarnib,Unrelated
q61_nras + mtor inhibitor,Sensitive
q61_nras + nilotinib,Sensitive
q61_nras + nutlin-3,Sensitive
q61_nras + pan-raf inhibitor ly3009120,Sensitive
q61_nras + pembrolizumab,Unknown
q61_nras + pictilisib,Sensitive
q61_nras + ponatinib,Sensitive
q61_nras + tipifarnib,Unrelated
q61_nras + trametinib,Sensitive
q61_nras + tunlametinib,Sensitive
q61_nras + vemurafenib,Unrelated
q61_ras + adagrasib,Unknown
q61_ras + sotorasib,Unknown
q61h_kras + adjuvant chemotherapy,Unrelated
q61h_kras + ars-1620,Unknown
q61h_kras + atezolizumab,Unknown
q61h_kras + bevacizumab,Unrelated
q61h_kras + binimetinib,Unknown
q61h_kras + braf inhibitor,Unknown
q61h_kras + cetuximab,Resistant
q61h_kras + crizotinib,Resistant
q61h_kras + ctla-4 inhibitor,Unknown
q61h_kras + cytoreductive surgery,Unrelated
q61h_kras + dabrafenib,Unknown
q61h_kras + durvalumab,Sensitive
q61h_kras + etoposide,Unknown
q61h_kras + everolimus,Sensitive
q61h_kras + folfiri regimen,Unrelated
q61h_kras + hyperthermic intraperitoneal chemotherapy,Unrelated
q61h_kras + imatinib,Unrelated
q61h_kras + immune checkpoint inhibitor,Diagnostic
q61h_kras + immunotherapy,Diagnostic
q61h_kras + ipilimumab,Unknown
q61h_kras + metformin,Unrelated
q61h_kras + nivolumab,Unknown
q61h_kras + paclitaxel,Unknown
q61h_kras + refametinib,Sensitive
q61h_kras + selumetinib,Unknown
q61h_kras + sorafenib,Sensitive
q61h_kras + sorafenib tosylate,Sensitive
q61h_kras + sunitinib,Unrelated
q61h_kras + trametinib,Unknown
q61h_kras + trastuzumab,Unknown
q61h_kras + tyrosine kinase inhibitor,Unknown
q61h_nras + cetuximab,Resistant
q61h_nras + chemotherapy,Unrelated
q61h_nras + crizotinib,Unrelated
q61h_nras + erlotinib,Resistant
q61h_nras + folfiri regimen,Unrelated
q61h_nras + gefitinib,Resistant
q61h_nras + nedaplatin,Unrelated
q61h_nras + pemetrexed,Unrelated
q61h_nras + refametinib,Sensitive
q61h_nras + sorafenib,Sensitive
q61h_nras + sorafenib tosylate,Sensitive
q61h_nras + trametinib,Unknown
q61k_braf + binimetinib,Unknown
q61k_braf + chemotherapy,Unrelated
q61k_braf + dabrafenib,Unknown
q61k_braf + radiation ionizing radiotherapy,Unrelated
q61k_braf + radiation therapy,Unrelated
q61k_braf + selumetinib,Unknown
q61k_braf + trametinib,Unknown
q61k_hras + radioactive iodine,Unrelated
q61k_kras + cobimetinib,Sensitive
q61k_kras + immunotherapy,Unrelated
q61k_kras + metformin,Unrelated
q61k_kras + radioactive iodine,Unrelated
q61k_kras + vemurafenib,Resistant
q61k_nras + adagrasib,Resistant
q61k_nras + adjuvant chemotherapy,Unrelated
q61k_nras + afatinib,Unrelated
q61k_nras + anti-egfr monoclonal antibody,Resistant
q61k_nras + bevacizumab,Resistant
q61k_nras + binimetinib,Sensitive
q61k_nras + capivasertib,Sensitive
q61k_nras + cdk4/6 inhibition,Unrelated
q61k_nras + ceritinib,Unknown
q61k_nras + dabrafenib/trametinib regimen,Unrelated
q61k_nras + dacarbazine,Resistant
q61k_nras + decitabine,Unknown
q61k_nras + doxorubicin,Unrelated
q61k_nras + erlotinib,Unknown
q61k_nras + folfiri regimen,Unrelated
q61k_nras + futibatinib,Resistant
q61k_nras + gefitinib,Resistant
q61k_nras + hematopoietic cell transplantation,Unrelated
q61k_nras + hypercvad regimen,Unknown
q61k_nras + imatinib,Resistant
q61k_nras + lorlatinib,Resistant
q61k_nras + neratinib,Unknown
q61k_nras + nilotinib,Resistant
q61k_nras + nutlin-3,Sensitive
q61k_nras + paclitaxel,Unrelated
q61k_nras + palbociclib,Unknown
q61k_nras + pan-raf inhibitor ly3009120,Sensitive
q61k_nras + pembrolizumab,Unknown
q61k_nras + ponatinib,Resistant
q61k_nras + radioactive iodine,Sensitive
q61k_nras + refametinib,Sensitive
q61k_nras + rmc-4550,Resistant
q61k_nras + selumetinib,Sensitive
q61k_nras + sotorasib,Resistant
q61k_nras + temozolomide,Resistant
q61k_nras + trastuzumab,Unknown
q61k_nras + tunlametinib,Sensitive
q61k_nras + tyrosine kinase inhibitor,Resistant
q61k_nras + venetoclax,Unknown
q61k_nras + wz4002,Unrelated
q61l_hras + binimetinib,Sensitive
q61l_hras + immunotherapy,Unknown
q61l_hras + lorlatinib,Resistant
q61l_hras + mirdametinib,Sensitive
q61l_hras + pembrolizumab,Unknown
q61l_hras + selumetinib,Sensitive
q61l_kras + adagrasib,Unknown
q61l_kras + ars-1620,Unknown
q61l_kras + braf inhibitor,Sensitive
q61l_kras + cetuximab,Resistant
q61l_kras + hormone therapy,Unrelated
q61l_kras + sotorasib,Unknown
q61l_nras + adagrasib,Unrelated
q61l_nras + adjuvant chemotherapy,Unrelated
q61l_nras + anti-egfr monoclonal antibody,Resistant
q61l_nras + azacitidine,Unrelated
q61l_nras + braf inhibitor,Unrelated
q61l_nras + celecoxib,Unknown
q61l_nras + cetuximab,Resistant
q61l_nras + cobimetinib,Unknown
q61l_nras + dabrafenib,Sensitive
q61l_nras + fluorouracil,Unrelated
q61l_nras + folfiri regimen,Unrelated
q61l_nras + oxaliplatin,Unrelated
q61l_nras + panitumumab,Resistant
q61l_nras + pembrolizumab,Unknown
q61l_nras + plx4720,Unknown
q61l_nras + radiation ionizing radiotherapy,Unrelated
q61l_nras + radiation therapy,Unrelated
q61l_nras + refametinib,Sensitive
q61l_nras + rmc-4550,Unrelated
q61l_nras + selumetinib,Sensitive
q61l_nras + sirolimus,Unknown
q61l_nras + sorafenib,Sensitive
q61l_nras + sorafenib tosylate,Sensitive
q61l_nras + sotorasib,Unrelated
q61l_nras + trametinib,Sensitive
q61l_nras + tunlametinib,Sensitive
q61l_nras + venetoclax,Resistant
q61l_rac1 + metformin,Resistant
q61r_hras + binimetinib,Sensitive
q61r_hras + chemotherapy,Unrelated
q61r_hras + immunotherapy,Unknown
q61r_hras + mirdametinib,Sensitive
q61r_hras + mtor inhibitor,Sensitive
q61r_hras + pembrolizumab,Unknown
q61r_hras + radiation ionizing radiotherapy,Unrelated
q61r_hras + radiation therapy,Unrelated
q61r_hras + selumetinib,Sensitive
q61r_hras + tipifarnib,Sensitive
q61r_hras + trametinib,Sensitive
q61r_kras + adagrasib,Unknown
q61r_kras + alectinib,Unrelated
q61r_kras + ars-1620,Unknown
q61r_kras + carboplatin,Unknown
q61r_kras + carboplatin/pemetrexed regimen,Resistant
q61r_kras + panitumumab,Resistant
q61r_kras + pembrolizumab,Resistant
q61r_kras + pemetrexed,Unknown
q61r_kras + tamoxifen,Sensitive
q61r_kras + tretinoin,Unrelated
q61r_nras + adjuvant chemotherapy,Unrelated
q61r_nras + afimoxifene,Unrelated
q61r_nras + anti-egfr monoclonal antibody,Resistant
q61r_nras + bevacizumab,Resistant
q61r_nras + celecoxib,Sensitive
q61r_nras + ceritinib,Unknown
q61r_nras + cetuximab,Resistant
q61r_nras + dacarbazine,Resistant
q61r_nras + doxorubicin,Unrelated
q61r_nras + encorafenib,Resistant
q61r_nras + erlotinib,Unknown
q61r_nras + folfiri regimen,Unrelated
q61r_nras + immune checkpoint inhibitor,Unknown
q61r_nras + pembrolizumab,Unknown
q61r_nras + plx4720,Unknown
q61r_nras + radiation ionizing radiotherapy,Unrelated
q61r_nras + radiation therapy,Unrelated
q61r_nras + radioactive iodine,Resistant
q61r_nras + refametinib,Sensitive
q61r_nras + selumetinib,Sensitive
q61r_nras + sirolimus,Unknown
q61r_nras + tunlametinib,Sensitive
q61r_nras + tyrosine kinase inhibitor,Resistant
q61x_kras + immunotherapy,Resistant
q61x_nras + trametinib,Resistant
q640x_ar + hormone therapy,Resistant
q674_tnik + immunotherapy,Unknown
q674_tnik + lorlatinib,Unrelated
q674_tnik + tyrosine kinase inhibitor,Unrelated
q701tfs23_rbm26 + chemotherapy,Unknown
q701tfs23_rbm26 + hormone therapy,Unknown
q706_cdh1 + alpelisib,Sensitive
q706_cdh1 + capivasertib,Unknown
q71l_arf1 + chemotherapy,Sensitive
q730l_bard1 + cisplatin,Sensitive
q730l_bard1 + olaparib,Sensitive
q733x_pten + trastuzumab,Unrelated
q75e_pik3ca + alpelisib,Sensitive
q75e_pik3ca + fulvestrant,Unrelated
q780_brca2 + gemcitabine,Sensitive
q784_ar + abiraterone,Resistant
q784_ar + enzalutamide,Sensitive
q787q_egfr + erlotinib,Sensitive
q787q_egfr + gefitinib,Sensitive
q791a_egfr + erlotinib,Resistant
q791h_egfr + gefitinib,Unknown
q791h_egfr + osimertinib,Resistant
q791h_egfr + tyrosine kinase inhibitor,Resistant
q791l_egfr + gefitinib,Unknown
q791l_egfr + osimertinib,Resistant
q791l_egfr + tyrosine kinase inhibitor,Resistant
q79k_akt1 + bevacizumab,Unrelated
q79k_akt1 + cisplatin,Unrelated
q79k_akt1 + etoposide,Unrelated
q79k_akt1 + fulvestrant,Unknown
q79k_akt1 + tamoxifen,Unknown
q79k_akt1 + tyrosine kinase inhibitor,Unknown
q849h_egfr + gefitinib,Sensitive
q855_brca1 + immunotherapy,Resistant
q859k_pik3ca + alpelisib,Resistant
q859k_pik3ca + fulvestrant,Unrelated
q944fs14_arid1a + cisplatin,Unknown
q944fs14_arid1a + olaparib,Sensitive
r1004g_met + cisplatin,Resistant
r1004g_met + crizotinib,Sensitive
r1004g_met + tyrosine kinase inhibitor,Sensitive
r100_mlh1 + immunotherapy,Sensitive
r1010i_met + mtor inhibitor,Unknown
r1010i_met + onartuzumab,Sensitive
r1010i_met + pictilisib,Resistant
r1032q_kdr + cabozantinib,Sensitive
r103g_erbb3 + afatinib,Sensitive
r103g_erbb3 + chemotherapy,Unknown
r103g_erbb3 + cisplatin,Resistant
r1040q_met + cetuximab,Unknown
r106a_kub5 + rucaparib,Resistant
r106w_mutyh + immunotherapy,Sensitive
r1076c_msh6 + pembrolizumab,Sensitive
r1076c_msh6 + regorafenib,Sensitive
r107r110dup_bcl2 + venetoclax,Resistant
r1086q_palb2 + hormone therapy,Sensitive
r1086q_palb2 + radiation ionizing radiotherapy,Unrelated
r1086q_palb2 + radiation therapy,Unrelated
r108g_egfr + cetuximab,Unknown
r108h_pik3ca + abemaciclib,Unknown
r108h_pik3ca + alectinib,Resistant
r108h_pik3ca + everolimus,Unrelated
r108h_pik3ca + fulvestrant,Unknown
r108h_pik3ca + immunotherapy,Unrelated
r108h_pik3ca + ivosidenib,Unrelated
r108h_pik3ca + lapatinib,Unknown
r108h_pik3ca + mtor inhibitor,Unrelated
r108h_pik3ca + osimertinib,Resistant
r108h_pik3ca + palbociclib,Sensitive
r108h_pik3ca + selumetinib,Unrelated
r108h_pik3ca + trametinib,Unrelated
r108k_egfr + cetuximab,Unknown
r108k_egfr + chemotherapy,Unrelated
r108k_egfr + enzalutamide,Unknown
r108k_egfr + erlotinib,Sensitive
r108k_egfr + everolimus,Unrelated
r108k_egfr + vemurafenib,Unrelated
r1093_rad50 + chemotherapy,Sensitive
r1093x_smarca4 + cisplatin,Unknown
r110c_tp53 + afatinib,Unknown
r110c_tp53 + cetuximab,Unknown
r110c_tp53 + cisplatin,Unknown
r110c_tp53 + crizotinib,Unrelated
r110c_tp53 + docetaxel,Unknown
r110c_tp53 + erlotinib,Unknown
r110c_tp53 + gemcitabine,Unknown
r110c_tp53 + pemetrexed,Unknown
r110c_tp53 + temozolomide,Sensitive
r110c_tp53 + tyrosine kinase inhibitor,Unknown
r110p_tp53 + chemotherapy,Resistant
r110p_tp53 + cisplatin,Resistant
r110p_tp53 + fluorouracil,Resistant
r110pfs39_tp53 + chemotherapy,Unknown
r1126h_whsc1 + fulvestrant,Unknown
r114_pole + chemotherapy,Unknown
r115p_pik3ca + fulvestrant,Resistant
r115q_pik3ca + alpelisib,Unknown
r1163a_phldb2 + adjuvant chemotherapy,Unrelated
r1163a_phldb2 + cetuximab,Sensitive
r1181h_alk + brigatinib,Sensitive
r1181h_alk + crizotinib,Resistant
r1181h_alk + lorlatinib,Sensitive
r118q_lrfn3 + immunotherapy,Sensitive
r1192p_alk + brigatinib,Sensitive
r1192p_alk + ceritinib,Resistant
r1192p_alk + chemotherapy,Resistant
r1192p_alk + crizotinib,Resistant
r119h_pold1 + immunotherapy,Sensitive
r11l_sec11a + immunotherapy,Sensitive
r121_spop + abiraterone,Sensitive
r121_spop + abiraterone acetate,Sensitive
r121q_spop + bicalutamide,Unrelated
r121q_spop + leuprolide,Unrelated
r122h_prss1 + radiation ionizing radiotherapy,Unrelated
r122h_prss1 + radiation therapy,Unrelated
r1245c_alk + immunotherapy,Sensitive
r124c_cdkn2a + chemotherapy,Unknown
r124c_cdkn2a + radiation ionizing radiotherapy,Unknown
r124c_cdkn2a + radiation therapy,Unknown
r124c_cdkn2a + radioactive iodine,Unknown
r124c_cdkn2a + tisagenlecleucel,Unknown
r1274q_alk + crizotinib,Sensitive
r1274q_alk + vandetanib,Sensitive
r1275_alk + alectinib,Unknown
r1275_alk + alk inhibitor tae684,Unknown
r1275_alk + ceritinib,Sensitive
r1275_alk + crizotinib,Unknown
r1275_alk + lorlatinib,Unknown
r1275l_alk + alectinib,Unknown
r1275l_alk + alk inhibitor tae684,Unknown
r1275l_alk + crizotinib,Unknown
r1275l_alk + lorlatinib,Unknown
r1275q_alk + alectinib,Sensitive
r1275q_alk + alk inhibitor tae684,Sensitive
r1275q_alk + cabozantinib,Unknown
r1275q_alk + ceritinib,Sensitive
r1275q_alk + lorlatinib,Sensitive
r1275q_alk + mtor inhibitor,Unknown
r1275q_alk + radiation ionizing radiotherapy,Unknown
r1275q_alk + radiation therapy,Unknown
r1275q_alk + sorafenib,Unknown
r1275q_alk + sorafenib tosylate,Unknown
r1275q_alk + tamoxifen,Unrelated
r1275q_alk + vandetanib,Unknown
r1279q_alk + crizotinib,Sensitive
r1279q_alk + temsirolimus,Unknown
r129l_bcl + venetoclax,Resistant
r1304w_erbb4 + neratinib,Unknown
r1304w_erbb4 + tyrosine kinase inhibitor,Unknown
r130_pten + adjuvant chemotherapy,Unknown
r130_pten + chemotherapy,Unknown
r130_pten + everolimus,Sensitive
r130_pten + iodine i-131,Unrelated
r130_pten + mtor inhibitor,Sensitive
r130q_pten + capivasertib,Sensitive
r130q_pten + everolimus,Sensitive
r130q_pten + mtor inhibitor,Sensitive
r130q_pten + trametinib,Unrelated
r1324l_flt4 + sunitinib,Resistant
r1325k_brca1 + afatinib,Unknown
r1325k_brca1 + olaparib,Sensitive
r132_idh1 + bevacizumab,Unrelated
r132_idh1 + carboplatin,Unknown
r132_idh1 + ds-1001,Sensitive
r132_idh1 + immunotherapy,Unknown
r132_idh1 + ivosidenib,Sensitive
r132_idh1 + lomustine,Unknown
r132_idh1 + safusidenib,Unknown
r132c_idh + ivosidenib,Sensitive
r132c_idh + radiation ionizing radiotherapy,Resistant
r132c_idh + radiation therapy,Resistant
r132c_idh + temozolomide,Resistant
r132c_idh1 + adjuvant chemotherapy,Unknown
r132c_idh1 + alpelisib,Unrelated
r132c_idh1 + cisplatin,Sensitive
r132c_idh1 + encorafenib,Diagnostic
r132c_idh1 + gefitinib,Unrelated
r132c_idh1 + immune checkpoint inhibitor,Resistant
r132c_idh1 + mtor inhibitor,Unrelated
r132c_idh1 + niacinamide,Unrelated
r132c_idh1 + pan-mutant-idh1 inhibitor bay-1436032,Sensitive
r132c_idh1 + pembrolizumab,Sensitive
r132c_idh1 + refametinib,Sensitive
r132c_idh1 + selumetinib,Unrelated
r132c_idh1 + sirolimus,Unknown
r132c_idh1 + trametinib,Unrelated
r132c_idh1 + vismodegib,Unknown
r132c_idh1 + vorasidenib,Unknown
r132g_idh1 + immunotherapy,Sensitive
r132g_idh1 + ivosidenib,Sensitive
r132g_idh1 + temozolomide,Sensitive
r132g_idh1 + vincristine,Resistant
r132g_idh1 + vorasidenib,Unknown
r132h_idh + adjuvant chemotherapy,Sensitive
r132h_idh + chemotherapy,Sensitive
r132h_idh + crizotinib,Unrelated
r132h_idh + gefitinib,Unrelated
r132h_idh + imatinib,Unrelated
r132h_idh + niacinamide,Unrelated
r132h_idh1 + abemaciclib,Sensitive
r132h_idh1 + avelumab,Sensitive
r132h_idh1 + axitinib,Unrelated
r132h_idh1 + belinostat,Sensitive
r132h_idh1 + bet inhibitor,Sensitive
r132h_idh1 + bosutinib,Sensitive
r132h_idh1 + carmustine,Unknown
r132h_idh1 + cisplatin,Sensitive
r132h_idh1 + dabrafenib,Unrelated
r132h_idh1 + dabrafenib/trametinib regimen,Unrelated
r132h_idh1 + etoposide,Sensitive
r132h_idh1 + gemcitabine,Unknown
r132h_idh1 + gilteritinib,Unrelated
r132h_idh1 + hematopoietic cell transplantation,Unrelated
r132h_idh1 + imatinib,Unrelated
r132h_idh1 + immune checkpoint inhibitor,Sensitive
r132h_idh1 + irinotecan,Sensitive
r132h_idh1 + jq1,Sensitive
r132h_idh1 + lomustine,Unknown
r132h_idh1 + midostaurin,Sensitive
r132h_idh1 + niraparib,Sensitive
r132h_idh1 + palbociclib,Unrelated
r132h_idh1 + panobinostat,Resistant
r132h_idh1 + quizartinib,Unknown
r132h_idh1 + sacituzumab govitecan,Unrelated
r132h_idh1 + safusidenib,Sensitive
r132h_idh1 + sorafenib,Unknown
r132h_idh1 + sorafenib tosylate,Unknown
r132h_idh1 + tazemetostat,Sensitive
r132h_idh1 + tisagenlecleucel,Sensitive
r132h_idh1 + trametinib,Unrelated
r132h_idh1 + tretinoin,Sensitive
r132h_idh1 + venetoclax,Sensitive
r132h_idh1 + vismodegib,Unknown
r132l_idh1 + azacitidine,Unknown
r132l_idh1 + cisplatin,Sensitive
r132l_idh1 + everolimus,Sensitive
r132l_idh1 + immunotherapy,Sensitive
r132l_idh1 + ivosidenib,Sensitive
r132l_idh1 + olaparib,Unrelated
r132l_idh1 + pan-mutant-idh1 inhibitor bay-1436032,Sensitive
r132l_idh1 + pembrolizumab,Unrelated
r132l_idh1 + refametinib,Unknown
r132l_idh1 + temozolomide,Unrelated
r132l_idh1 + vorasidenib,Unknown
r132q_idh1 + agi-5198,Resistant
r132s_idh1 + agi-5198,Unknown
r132s_idh1 + azacitidine,Unrelated
r132s_idh1 + immunotherapy,Sensitive
r132s_idh1 + ivosidenib,Sensitive
r132s_idh1 + pembrolizumab,Sensitive
r132s_idh1 + vorasidenib,Unknown
r135k_mapk1 + erlotinib,Unknown
r139w_nqo1 + chemotherapy,Resistant
r139w_nqo1 + mitomycin,Resistant
r140_idh2 + immunotherapy,Unknown
r140g_idh2 + bortezomib,Sensitive
r140g_idh2 + tanespimycin,Unrelated
r140q_idh2 + bortezomib,Sensitive
r140q_idh2 + carboplatin,Unrelated
r140q_idh2 + cytarabine,Unknown
r140q_idh2 + etoposide,Unrelated
r140q_idh2 + gilteritinib,Unrelated
r140q_idh2 + immunotherapy,Sensitive
r140q_idh2 + ivosidenib,Resistant
r140q_idh2 + quizartinib,Unknown
r140q_idh2 + radiation ionizing radiotherapy,Unrelated
r140q_idh2 + radiation therapy,Unrelated
r140q_idh2 + sirolimus,Sensitive
r140q_idh2 + sorafenib,Unknown
r140q_idh2 + sorafenib tosylate,Unknown
r140q_idh2 + tamoxifen,Unrelated
r140q_idh2 + tanespimycin,Unrelated
r140q_idh2 + vorasidenib,Unknown
r140w_idh2 + bortezomib,Sensitive
r140w_idh2 + dasatinib,Unrelated
r140w_idh2 + imatinib,Unrelated
r140w_idh2 + immunotherapy,Unrelated
r140w_idh2 + tanespimycin,Unrelated
r141p_tp53 + mtor inhibitor,Unknown
r141p_tp53 + trametinib,Unknown
r1439q_fasn + chemotherapy,Unknown
r1446_crebbp + dexamethasone,Resistant
r1446_crebbp + prednisolone,Resistant
r1446_crebbp + therapeutic glucocorticoid,Resistant
r1447h_crebbp + dexamethasone,Resistant
r1447h_crebbp + prednisolone,Resistant
r1447h_crebbp + therapeutic glucocorticoid,Resistant
r1450_apc + immune checkpoint inhibitor,Unrelated
r145w_chek2 + imatinib,Unrelated
r145w_chek2 + olaparib,Sensitive
r145w_chek2 + radiation therapy,Sensitive
r1516_tet2 + chemotherapy,Unrelated
r1516_tet2 + hematopoietic cell transplantation,Sensitive
r1516_tet2 + radiation ionizing radiotherapy,Unrelated
r1516_tet2 + radiation therapy,Unrelated
r154c_slit3 + chemotherapy,Unknown
r1568k_notch1 + chemotherapy,Unrelated
r156p_tp53 + cisplatin,Sensitive
r157h_tp53 + gefitinib,Unknown
r158c_tp53 + immune checkpoint inhibitor,Unknown
r158c_tp53 + immunotherapy,Unknown
r158g_tp53 + belinostat,Sensitive
r158g_tp53 + chemotherapy,Unrelated
r158g_tp53 + cisplatin,Sensitive
r158l_tp53 + immunotherapy,Unknown
r158l_tp53 + osimertinib,Resistant
r158l_tp53 + pembrolizumab,Unknown
r158l_tp53 + tyrosine kinase inhibitor,Resistant
r158x_smarcb1 + immunotherapy,Resistant
r1590c_nf1 + chemotherapy,Unknown
r1590c_nf1 + immunotherapy,Sensitive
r165q_egfr + cetuximab,Sensitive
r165q_egfr + panitumumab,Sensitive
r167h_tp53 + immunotherapy,Unknown
r1699q_brca1 + cisplatin,Resistant
r1699q_brca1 + olaparib,Resistant
r16g_adrb2 + bevacizumab,Unrelated
r172_idh2 + immunotherapy,Unknown
r172c_idh2 + bortezomib,Resistant
r172c_idh2 + tanespimycin,Unrelated
r172g_idh2 + bortezomib,Resistant
r172g_idh2 + olaparib,Sensitive
r172g_idh2 + tanespimycin,Unrelated
r172h_tp53 + adjuvant chemotherapy,Unrelated
r172h_tp53 + afatinib,Unknown
r172h_tp53 + afimoxifene,Unrelated
r172h_tp53 + akt inhibitor mk2206,Unknown
r172h_tp53 + alpelisib,Unknown
r172h_tp53 + anti-pd1 monoclonal antibody,Sensitive
r172h_tp53 + aspirin,Unknown
r172h_tp53 + bet inhibitor,Unknown
r172h_tp53 + canertinib,Unknown
r172h_tp53 + carboplatin,Sensitive
r172h_tp53 + cetuximab,Unknown
r172h_tp53 + chloroquine,Unrelated
r172h_tp53 + cyproterone acetate,Unrelated
r172h_tp53 + dabrafenib,Unknown
r172h_tp53 + doxorubicin,Unknown
r172h_tp53 + encorafenib,Unknown
r172h_tp53 + etoposide,Resistant
r172h_tp53 + fluorouracil,Resistant
r172h_tp53 + ganetespib,Sensitive
r172h_tp53 + ibrutinib,Sensitive
r172h_tp53 + jak2 inhibitor azd1480,Unrelated
r172h_tp53 + jq1,Sensitive
r172h_tp53 + lapatinib,Unknown
r172h_tp53 + metformin,Unknown
r172h_tp53 + molibresib,Unknown
r172h_tp53 + neratinib,Unknown
r172h_tp53 + panitumumab,Unknown
r172h_tp53 + pembrolizumab,Sensitive
r172h_tp53 + selumetinib,Unrelated
r172h_tp53 + sirolimus,Unrelated
r172h_tp53 + sonidegib,Unknown
r172h_tp53 + sotorasib,Unrelated
r172h_tp53 + therapeutic tumor infiltrating lymphocytes,Resistant
r172h_tp53 + trastuzumab,Unknown
r172h_tp53 + tretinoin,Unrelated
r172h_tp53 + valproic acid,Sensitive
r172h_tp53 + vemurafenib,Unknown
r172h_tp53 + vincristine,Unknown
r172h_tp53 + vistusertib,Unknown
r172k_idh2 + adjuvant chemotherapy,Unknown
r172k_idh2 + azacitidine,Sensitive
r172k_idh2 + bortezomib,Sensitive
r172k_idh2 + olaparib,Sensitive
r172k_idh2 + radiation ionizing radiotherapy,Unrelated
r172k_idh2 + tanespimycin,Unrelated
r172k_idh2 + temozolomide,Unrelated
r172k_idh2 + vorasidenib,Unknown
r172m_idh2 + bortezomib,Resistant
r172m_idh2 + tanespimycin,Unrelated
r172p_idh2 + bortezomib,Resistant
r172p_idh2 + tanespimycin,Unrelated
r172s_idh2 + azacitidine,Unrelated
r172s_idh2 + bortezomib,Sensitive
r172s_idh2 + cisplatin,Unrelated
r172s_idh2 + enasidenib,Sensitive
r172s_idh2 + everolimus,Unrelated
r172s_idh2 + gemcitabine,Unrelated
r172s_idh2 + pan-mutant-idh1 inhibitor bay-1436032,Unrelated
r172s_idh2 + refametinib,Unrelated
r172s_idh2 + tanespimycin,Unrelated
r172t_idh2 + enasidenib,Sensitive
r172w_idh2 + bortezomib,Resistant
r172w_idh2 + tanespimycin,Unrelated
r1751_brca1 + chemotherapy,Unknown
r175_tp53 + therapeutic tumor infiltrating lymphocytes,Unrelated
r175h_tp53 + adagrasib,Sensitive
r175h_tp53 + alpelisib,Sensitive
r175h_tp53 + arsenic trioxide,Unknown
r175h_tp53 + carboplatin,Unknown
r175h_tp53 + cetuximab,Sensitive
r175h_tp53 + decitabine,Sensitive
r175h_tp53 + erdafitinib,Unrelated
r175h_tp53 + folfiri regimen,Unknown
r175h_tp53 + folfox regimen,Unknown
r175h_tp53 + hematopoietic cell transplantation,Resistant
r175h_tp53 + ibrutinib,Sensitive
r175h_tp53 + immune checkpoint inhibitor,Sensitive
r175h_tp53 + infigratinib,Unrelated
r175h_tp53 + irinotecan,Unrelated
r175h_tp53 + lomustine,Unknown
r175h_tp53 + panitumumab,Unknown
r175h_tp53 + pemigatinib,Unrelated
r175h_tp53 + rebemadlin,Unknown
r175h_tp53 + selinexor,Resistant
r175h_tp53 + sirolimus,Unrelated
r175h_tp53 + sotorasib,Sensitive
r175h_tp53 + staurosporine,Unrelated
r175h_tp53 + talazoparib,Sensitive
r175h_tp53 + therapeutic tumor infiltrating lymphocytes,Sensitive
r175h_tp53 + vorinostat,Unknown
r1779_kmt2b + ivosidenib,Unrelated
r1779_kmt2b + olaparib,Unrelated
r1779_kmt2b + pembrolizumab,Unrelated
r179c_fbxw7 + chemotherapy,Unknown
r1809c_nf1 + carboplatin,Sensitive
r1809c_nf1 + chemotherapy,Sensitive
r180_gsk3 + chemotherapy,Resistant
r181h_etv6 + methotrexate,Unknown
r183l_gnaq + radiation ionizing radiotherapy,Unrelated
r183l_gnaq + radiation therapy,Unrelated
r183q_gnaq + sotrastaurin acetate,Unknown
r184_tp53 + radiation ionizing radiotherapy,Unknown
r184_tp53 + radiation therapy,Unknown
r186h_gnas + therapeutic tumor infiltrating lymphocytes,Unknown
r18h_brca2 + cisplatin,Sensitive
r194w_xrcc1 + radiation therapy,Unrelated
r196_tp53 + chemotherapy,Resistant
r196_tp53 + metformin,Resistant
r196_tp53 + radiation ionizing radiotherapy,Unknown
r196_tp53 + radiation therapy,Unknown
r196x_tp53 + radiation therapy,Unrelated
r19_mutyh + crizotinib,Unrelated
r19_mutyh + tyrosine kinase inhibitor,Unrelated
r19h_pold1 + immunotherapy,Sensitive
r201_tp53 + radiation ionizing radiotherapy,Unknown
r201_tp53 + radiation therapy,Unknown
r201c_gnas + icotinib,Resistant
r201c_gnas + osimertinib,Resistant
r201c_gnas + trametinib,Sensitive
r201c_gnas + tyrosine kinase inhibitor,Unrelated
r201h_gnas + chemotherapy,Sensitive
r201h_gnas + cisplatin,Sensitive
r201h_gnas + gemcitabine,Sensitive
r201h_gnas + icotinib,Resistant
r201h_gnas + osimertinib,Resistant
r201h_gnas + radioactive iodine,Sensitive
r201h_gnas + trametinib,Sensitive
r201h_gnas + tyrosine kinase inhibitor,Unrelated
r209_tp53 + chemotherapy,Resistant
r209_tp53 + pazopanib,Unknown
r2108c_brca2 + olaparib,Unknown
r213_tp53 + abiraterone,Unknown
r213_tp53 + abiraterone acetate,Unknown
r213_tp53 + apalutamide,Unknown
r213_tp53 + arsenic trioxide,Unrelated
r213_tp53 + carboplatin,Unknown
r213_tp53 + chemotherapy,Unknown
r213_tp53 + cisplatin,Unknown
r213_tp53 + enzalutamide,Unknown
r213_tp53 + etoposide,Unknown
r213_tp53 + gemcitabine,Resistant
r213_tp53 + osimertinib,Unknown
r213_tp53 + paclitaxel,Unknown
r213_tp53 + prednisone,Unrelated
r213_tp53 + radiation ionizing radiotherapy,Unknown
r213_tp53 + radiation therapy,Unknown
r213_tp53 + selinexor,Resistant
r213_tp53 + staurosporine,Unrelated
r213q_tp53 + temozolomide,Resistant
r215w_nbn + radiation therapy,Sensitive
r2227c_atm + sunitinib,Unrelated
r222c_egfr + cetuximab,Sensitive
r222c_egfr + chemotherapy,Unrelated
r222c_egfr + panitumumab,Sensitive
r231q_dot1l + binimetinib,Sensitive
r233_pten + sirolimus,Unknown
r233h_fh + bevacizumab,Sensitive
r233h_fh + carboplatin,Unrelated
r233h_fh + cisplatin,Unrelated
r233h_fh + erlotinib,Sensitive
r233h_fh + paclitaxel,Unrelated
r2400_notch2 + ibrutinib,Unknown
r242f_tp53 + adjuvant chemotherapy,Unrelated
r242f_tp53 + binimetinib,Unrelated
r242f_tp53 + cetuximab,Unrelated
r242f_tp53 + chemotherapy,Unrelated
r242f_tp53 + cobimetinib,Unrelated
r242f_tp53 + selumetinib,Unrelated
r242f_tp53 + trametinib,Unrelated
r245w_tp53 + metformin,Sensitive
r245w_tp53 + radiation ionizing radiotherapy,Unrelated
r245w_tp53 + radiation therapy,Unrelated
r2482c_brca2 + nivolumab,Unknown
r2482c_brca2 + olaparib,Resistant
r2482c_brca2 + trametinib,Unknown
r248_tp53 + chemotherapy,Resistant
r248_tp53 + pi3k/bet inhibitor ly294002,Sensitive
r248c_fgfr + atezolizumab,Unrelated
r248c_fgfr + chemotherapy,Unrelated
r248c_fgfr + cisplatin,Unrelated
r248c_fgfr + erdafitinib,Sensitive
r248c_fgfr + gemcitabine,Unrelated
r248c_fgfr + immunotherapy,Unrelated
r248c_fgfr + pembrolizumab,Unrelated
r248c_fgfr2 + chemotherapy,Unknown
r248c_fgfr2 + cisplatin,Unknown
r248c_fgfr2 + erdafitinib,Sensitive
r248c_fgfr2 + pembrolizumab,Unrelated
r248c_fgfr3 + aromatase inhibitor,Resistant
r248c_fgfr3 + chemotherapy,Unrelated
r248c_fgfr3 + cisplatin,Unrelated
r248c_fgfr3 + pemigatinib,Sensitive
r248h_tp53 + chemotherapy,Resistant
r248l_tp53 + alpelisib,Sensitive
r248l_tp53 + cisplatin,Resistant
r248l_tp53 + gefitinib,Sensitive
r248q_tp53 + arsenic trioxide,Unknown
r248q_tp53 + bortezomib,Sensitive
r248q_tp53 + cabozantinib,Unknown
r248q_tp53 + carfilzomib,Sensitive
r248q_tp53 + cyclophosphamide,Unknown
r248q_tp53 + decitabine,Sensitive
r248q_tp53 + dexamethasone,Unrelated
r248q_tp53 + everolimus,Unknown
r248q_tp53 + ezh2 inhibitor,Unknown
r248q_tp53 + folfiri regimen,Unknown
r248q_tp53 + folfox regimen,Unknown
r248q_tp53 + fulvestrant,Unknown
r248q_tp53 + gefitinib,Sensitive
r248q_tp53 + hematopoietic cell transplantation,Resistant
r248q_tp53 + idarubicin,Resistant
r248q_tp53 + immunotherapy,Sensitive
r248q_tp53 + iodine i-131,Resistant
r248q_tp53 + methotrexate,Unrelated
r248q_tp53 + nutlin-3,Sensitive
r248q_tp53 + onalespib,Unknown
r248q_tp53 + paclitaxel,Unknown
r248q_tp53 + ribociclib,Unknown
r248q_tp53 + selinexor,Unknown
r248q_tp53 + staurosporine,Unrelated
r248q_tp53 + tamoxifen,Unknown
r248q_tp53 + trastuzumab,Unrelated
r248w_pi3k + cetuximab,Unknown
r248w_pi3k + chemotherapy,Unrelated
r248w_tp53 + akt inhibitor mk2206,Sensitive
r248w_tp53 + arsenic trioxide,Unknown
r248w_tp53 + cabozantinib,Sensitive
r248w_tp53 + cetuximab,Sensitive
r248w_tp53 + chloroquine,Sensitive
r248w_tp53 + cyclophosphamide,Unknown
r248w_tp53 + cytarabine,Resistant
r248w_tp53 + decitabine,Sensitive
r248w_tp53 + docetaxel,Resistant
r248w_tp53 + erlotinib,Unknown
r248w_tp53 + etoposide,Unknown
r248w_tp53 + ganetespib,Sensitive
r248w_tp53 + gemcitabine,Unknown
r248w_tp53 + hematopoietic cell transplantation,Resistant
r248w_tp53 + hormone therapy,Unrelated
r248w_tp53 + icotinib,Unknown
r248w_tp53 + idarubicin,Resistant
r248w_tp53 + mek inhibitor ci-1040,Resistant
r248w_tp53 + metformin,Sensitive
r248w_tp53 + nutlin-3,Unrelated
r248w_tp53 + onalespib,Sensitive
r248w_tp53 + paclitaxel,Unknown
r248w_tp53 + panitumumab,Unknown
r248w_tp53 + pemetrexed,Resistant
r248w_tp53 + prednisone,Unknown
r248w_tp53 + sorafenib,Sensitive
r248w_tp53 + sorafenib tosylate,Sensitive
r248w_tp53 + talazoparib,Unknown
r248w_tp53 + u0126,Sensitive
r249_tp53 + therapeutic tumor infiltrating lymphocytes,Unrelated
r249del_tp53 + chemotherapy,Unknown
r249del_tp53 + radiation therapy,Unknown
r249s_tp53 + adjuvant chemotherapy,Resistant
r249s_tp53 + decitabine,Sensitive
r249s_tp53 + gefitinib,Sensitive
r249s_tp53 + gemcitabine,Unknown
r249s_tp53 + hematopoietic cell transplantation,Resistant
r249s_tp53 + nivolumab,Sensitive
r249s_tp53 + paclitaxel,Unknown
r249s_tp53 + radiation ionizing radiotherapy,Unknown
r249s_tp53 + radiation therapy,Unknown
r249s_tp53 + tyrosine kinase inhibitor,Unknown
r24a_cdk4 + immunotherapy,Sensitive
r24c_cdk4 + immunotherapy,Sensitive
r24c_cdk4 + radiation ionizing radiotherapy,Unrelated
r24c_cdk4 + radiation therapy,Unrelated
r24h_cdk4 + immunotherapy,Sensitive
r24l_cdk4 + immunotherapy,Sensitive
r252c_brca1 + hormone therapy,Sensitive
r252c_brca1 + radiation ionizing radiotherapy,Unrelated
r252c_brca1 + radiation therapy,Unrelated
r261h_tp53 + radiation ionizing radiotherapy,Unknown
r261h_tp53 + radiation therapy,Unknown
r262_nf2 + hormone therapy,Unrelated
r2645g_brca2 + cisplatin,Sensitive
r2645g_brca2 + mitomycin,Sensitive
r267q_tp53 + fulvestrant,Unknown
r267q_tp53 + hormone therapy,Unknown
r267q_tp53 + tamoxifen,Unknown
r267w_tp53 + chemotherapy,Resistant
r267w_tp53 + radiation therapy,Unrelated
r270c_tp53 + doxorubicin,Resistant
r270h_tp53 + adjuvant chemotherapy,Unknown
r270h_tp53 + erlotinib,Unknown
r270h_tp53 + etoposide,Resistant
r270h_tp53 + olaparib,Unknown
r270h_tp53 + selumetinib,Resistant
r270h_tp53 + sirolimus,Unrelated
r270h_tp53 + tamoxifen,Unrelated
r270h_tp53 + veliparib,Unknown
r273_tp53 + rebemadlin,Unknown
r273_tp53 + therapeutic tumor infiltrating lymphocytes,Unrelated
r273c_tp53 + arsenic trioxide,Unknown
r273c_tp53 + carboplatin,Unknown
r273c_tp53 + eprenetapopt,Unrelated
r273c_tp53 + etoposide,Sensitive
r273c_tp53 + hormone therapy,Unknown
r273c_tp53 + immunotherapy,Unknown
r273c_tp53 + nutlin-3,Sensitive
r273c_tp53 + therapeutic tumor infiltrating lymphocytes,Sensitive
r273c_tp53 + tretinoin,Sensitive
r273h_tp53 + adjuvant chemotherapy,Resistant
r273h_tp53 + akt inhibitor mk2206,Sensitive
r273h_tp53 + arsenic trioxide,Unknown
r273h_tp53 + bevacizumab,Unknown
r273h_tp53 + carboplatin,Unknown
r273h_tp53 + chloroquine,Resistant
r273h_tp53 + cisplatin,Resistant
r273h_tp53 + decitabine,Sensitive
r273h_tp53 + gefitinib,Resistant
r273h_tp53 + gemcitabine,Unknown
r273h_tp53 + hematopoietic cell transplantation,Resistant
r273h_tp53 + lapatinib,Unknown
r273h_tp53 + metformin,Sensitive
r273h_tp53 + nutlin-3,Unrelated
r273h_tp53 + panitumumab,Unknown
r273h_tp53 + pemetrexed,Unknown
r273h_tp53 + pertuzumab,Unknown
r273h_tp53 + rebemadlin,Unknown
r273h_tp53 + talazoparib,Sensitive
r273h_tp53 + trastuzumab,Unknown
r273h_tp53 + trastuzumab emtansine,Unrelated
r273l_tp53 + adjuvant chemotherapy,Resistant
r273l_tp53 + carboplatin,Unknown
r273l_tp53 + cisplatin,Sensitive
r273l_tp53 + eprenetapopt,Unrelated
r273l_tp53 + etoposide,Sensitive
r273l_tp53 + nutlin-3,Sensitive
r273l_tp53 + staurosporine,Unrelated
r273s_tp53 + chemotherapy,Resistant
r273s_tp53 + decitabine,Sensitive
r273s_tp53 + hematopoietic cell transplantation,Resistant
r280k_tp53 + carboplatin,Sensitive
r280k_tp53 + chemotherapy,Sensitive
r280k_tp53 + cisplatin,Unknown
r280k_tp53 + doxorubicin,Sensitive
r280k_tp53 + eprenetapopt,Unknown
r280k_tp53 + olaparib,Resistant
r280s_tp53 + immune checkpoint inhibitor,Unknown
r280s_tp53 + immunotherapy,Unknown
r282h_tp53 + gemcitabine,Unknown
r282h_tp53 + paclitaxel,Unknown
r282w_tp53 + adjuvant chemotherapy,Resistant
r282w_tp53 + arsenic trioxide,Unknown
r282w_tp53 + cytoreductive surgery,Unknown
r282w_tp53 + decitabine,Sensitive
r282w_tp53 + eprenetapopt,Unknown
r282w_tp53 + eribulin,Sensitive
r282w_tp53 + erlotinib,Sensitive
r282w_tp53 + gemcitabine,Sensitive
r282w_tp53 + hematopoietic cell transplantation,Resistant
r282w_tp53 + radiation ionizing radiotherapy,Sensitive
r282w_tp53 + radiation therapy,Sensitive
r282w_tp53 + temozolomide,Sensitive
r287w_smad3 + sirolimus,Unknown
r2896c_brca2 + chemotherapy,Resistant
r2896c_brca2 + cisplatin,Resistant
r2912efs26_atm + chemotherapy,Resistant
r2912efs26_atm + niraparib,Sensitive
r293x_msr1 + imatinib,Unrelated
r2964t_brca2 + cisplatin,Sensitive
r3008h_atm + chemotherapy,Unknown
r303p_pten + immunotherapy,Sensitive
r304_aip + radiation therapy,Unrelated
r3052q_brca2 + mitomycin,Sensitive
r3052q_brca2 + olaparib,Sensitive
r3052q_brca2 + radiation ionizing radiotherapy,Sensitive
r3052q_brca2 + radiation therapy,Sensitive
r306_tp53 + adjuvant chemotherapy,Unknown
r306_tp53 + chemotherapy,Unknown
r306_tp53 + cyclophosphamide,Unknown
r306_tp53 + doxorubicin,Unknown
r306_tp53 + etoposide,Unknown
r306_tp53 + hormone therapy,Unrelated
r306c_erbb4 + neratinib,Sensitive
r306c_erbb4 + tyrosine kinase inhibitor,Sensitive
r31c_cdk6 + cisplatin,Resistant
r320q_keap1 + chemotherapy,Resistant
r320q_keap1 + immunotherapy,Unknown
r320q_keap1 + radiation therapy,Resistant
r320w_keap1 + cabazitaxel,Unknown
r320w_keap1 + carboplatin,Unknown
r320w_keap1 + chemotherapy,Unknown
r320w_keap1 + cisplatin,Unknown
r320w_keap1 + docetaxel,Unknown
r320w_keap1 + etoposide,Unknown
r320w_keap1 + olaparib,Unknown
r32h_idh1 + adjuvant chemotherapy,Unrelated
r32h_idh1 + chemotherapy,Unrelated
r32h_idh1 + radiation ionizing radiotherapy,Unrelated
r32h_idh1 + radiation therapy,Unrelated
r330q_erbb2 + afatinib,Unknown
r330q_erbb2 + lapatinib,Resistant
r330q_erbb2 + neratinib,Unknown
r330q_erbb2 + trastuzumab,Resistant
r330q_erbb2 + trastuzumab emtansine,Resistant
r333vfs12_tp53 + gefitinib,Unrelated
r333vfs12_tp53 + osimertinib,Unrelated
r333vfs12_tp53 + tyrosine kinase inhibitor,Unrelated
r335_pten + adjuvant chemotherapy,Unknown
r335_pten + chemotherapy,Unknown
r335_pten + cisplatin,Unknown
r335_pten + cyclophosphamide,Unknown
r335_pten + doxorubicin,Unknown
r335_pten + etoposide,Unknown
r335_pten + radiation therapy,Unknown
r335_pten + temsirolimus,Sensitive
r335_pten + vincristine,Unknown
r337c_tp53 + chemotherapy,Unknown
r337h_tp53 + capecitabine,Unknown
r337h_tp53 + cisplatin,Unknown
r337h_tp53 + cyclophosphamide,Unknown
r337h_tp53 + docetaxel,Sensitive
r337h_tp53 + doxorubicin,Unknown
r337h_tp53 + etoposide,Unknown
r337h_tp53 + fluorouracil,Sensitive
r337h_tp53 + hormone therapy,Unrelated
r337h_tp53 + pembrolizumab,Unknown
r337h_tp53 + radiation ionizing radiotherapy,Sensitive
r337h_tp53 + therapeutic glucocorticoid,Unrelated
r339fs_hla + cyclophosphamide,Unknown
r339fs_hla + doxorubicin,Unknown
r339fs_hla + prednisone,Unknown
r339fs_hla + vincristine,Unknown
r340r_erbb2 + chemotherapy,Sensitive
r341q_cpamd8 + fluorouracil,Resistant
r34g_nfe2l2 + alpelisib,Unrelated
r34g_nfe2l2 + mtor inhibitor,Unrelated
r352hfs89_prkar1a + radiation ionizing radiotherapy,Unrelated
r352hfs89_prkar1a + radiation therapy,Unrelated
r357q_pik3ca + alectinib,Resistant
r357q_pik3ca + alpelisib,Sensitive
r357q_pik3ca + fulvestrant,Unknown
r357q_pik3ca + osimertinib,Resistant
r357q_pik3ca + palbociclib,Unknown
r359s_msh2 + immunotherapy,Unknown
r359s_msh2 + nivolumab,Unknown
r3614_smad4 + adjuvant chemotherapy,Unrelated
r3614_smad4 + azathioprine,Unrelated
r3614_smad4 + chemotherapy,Unrelated
r3614_smad4 + prednisone,Unrelated
r361c_smad4 + chemotherapy,Unknown
r361c_smad4 + immunotherapy,Unrelated
r361c_smad4 + olaparib,Resistant
r361c_smad4 + talazoparib,Sensitive
r361h_smad4 + adjuvant chemotherapy,Unrelated
r361h_smad4 + afatinib,Resistant
r361h_smad4 + binimetinib,Sensitive
r361h_smad4 + cetuximab,Unrelated
r361h_smad4 + cobimetinib,Sensitive
r361h_smad4 + gefitinib,Resistant
r361h_smad4 + selumetinib,Sensitive
r361h_smad4 + trametinib,Sensitive
r362h_araf + dabrafenib,Resistant
r364h_top1 + sacituzumab govitecan,Resistant
r364h_top1 + trastuzumab,Unrelated
r364h_top1 + trastuzumab deruxtecan,Resistant
r364k_top1 + 7-ethyl-10-hydroxycamptothecin,Resistant
r364k_top1 + epirubicin,Unrelated
r364k_top1 + etoposide,Unrelated
r364k_top1 + irinotecan,Resistant
r364w_pofut1 + chemotherapy,Unrelated
r367q_nt5c2 + chemotherapy,Resistant
r374q_smarcb1 + adjuvant chemotherapy,Unrelated
r374q_smarcb1 + carboplatin,Unrelated
r374q_smarcb1 + carboplatin/pemetrexed regimen,Unrelated
r374q_smarcb1 + chemotherapy,Unrelated
r374q_smarcb1 + pemetrexed,Unrelated
r374q_smarcb1 + pertuzumab,Unrelated
r374q_smarcb1 + radiation ionizing radiotherapy,Unrelated
r374q_smarcb1 + radiation therapy,Unrelated
r374q_smarcb1 + trastuzumab,Unrelated
r375q_pole + adjuvant chemotherapy,Unrelated
r375q_pole + cisplatin,Resistant
r377fs_msh6 + adjuvant chemotherapy,Resistant
r377fs_msh6 + chemotherapy,Resistant
r377fs_msh6 + fluorouracil,Resistant
r378s_bard1 + chemotherapy,Sensitive
r378s_bard1 + cisplatin,Sensitive
r382q_stat3 + hormone therapy,Unrelated
r385c_fbxw7 + chemotherapy,Unknown
r38c_pi3kca + chemotherapy,Unknown
r38c_pik3ca + fulvestrant,Unrelated
r391w_craf + braf inhibitor,Resistant
r391w_craf + vemurafenib,Resistant
r393w_erbb4 + neratinib,Unknown
r393w_erbb4 + tyrosine kinase inhibitor,Unknown
r396q_gsk3 + chemotherapy,Resistant
r39q_nt5c2 + chemotherapy,Resistant
r40h_otc + hematopoietic cell transplantation,Unrelated
r414x_palb2 + cisplatin,Sensitive
r417q_met + cabozantinib,Sensitive
r418_atrx + nivolumab,Unknown
r418_atrx + olaparib,Unknown
r418_atrx + trametinib,Unknown
r418c_gsk3 + chemotherapy,Resistant
r436h_esr1 + hormone therapy,Resistant
r436h_esr1 + tamoxifen,Resistant
r43h_pofut1 + chemotherapy,Unrelated
r451c_egfr + cetuximab,Resistant
r451c_egfr + chemotherapy,Unknown
r451c_egfr + epirubicin,Unknown
r451c_egfr + futuximab/modotuximab mixture,Sensitive
r456c_erbb2 + lapatinib,Resistant
r456c_erbb2 + neratinib,Sensitive
r456c_erbb2 + trastuzumab,Resistant
r456c_hsp90ab1 + chemotherapy,Unknown
r458g_ntrk2 + entrectinib,Resistant
r461_nf1 + chemotherapy,Unrelated
r461_nf1 + dabrafenib,Sensitive
r461_nf1 + dabrafenib/trametinib regimen,Sensitive
r461_nf1 + pembrolizumab,Unrelated
r461_nf1 + trametinib,Sensitive
r465_fbxw7 + selinexor,Sensitive
r465c_fbxw7 + chemotherapy,Unknown
r465c_fbxw7 + selinexor,Sensitive
r465h_fbxw7 + selinexor,Sensitive
r468h_msh6 + radiation therapy,Unrelated
r469k_lactb + cisplatin,Sensitive
r470c_keap1 + chemotherapy,Resistant
r470c_keap1 + radiation therapy,Resistant
r479q_fbxw7 + chemotherapy,Resistant
r479q_fbxw7 + fluorouracil,Sensitive
r482g_abcg2 + chemotherapy,Unknown
r482g_abcg2 + quizartinib,Resistant
r482g_abcg2 + topotecan,Unknown
r482g_abcg2 + tyrosine kinase inhibitor,Unknown
r482t_abcg2 + chemotherapy,Sensitive
r482t_abcg2 + quizartinib,Sensitive
r482t_abcg2 + topotecan,Sensitive
r482t_abcg2 + tyrosine kinase inhibitor,Sensitive
r488w_erbb4 + neratinib,Sensitive
r488w_erbb4 + tyrosine kinase inhibitor,Sensitive
r491q_mtor + neratinib,Resistant
r491q_mtor + paclitaxel,Unrelated
r491q_mtor + trastuzumab,Resistant
r497k_egfr + radiation therapy,Sensitive
r500_tsc1 + buparlisib,Sensitive
r500_tsc1 + chemotherapy,Unrelated
r500_tsc1 + cisplatin,Unrelated
r509_tsc1 + radiation ionizing radiotherapy,Unrelated
r509_tsc1 + radiation therapy,Unrelated
r509h_braf + braf inhibitor,Unknown
r509h_braf + dabrafenib,Unknown
r509h_braf + dabrafenib/trametinib regimen,Unknown
r509h_braf + pan-raf inhibitor ly3009120,Sensitive
r509h_braf + trametinib,Unknown
r509h_braf + vemurafenib,Unknown
r521k_egf + cetuximab,Resistant
r521k_egf + chemotherapy,Unknown
r521k_egfr + bevacizumab,Sensitive
r521k_egfr + chemotherapy,Unknown
r521k_egfr + erlotinib,Sensitive
r521k_egfr + su11274,Sensitive
r521k_egfr + tyrosine kinase inhibitor,Sensitive
r524c_erbb4 + neratinib,Unknown
r524c_erbb4 + tyrosine kinase inhibitor,Unknown
r537s_esr1 + fulvestrant,Resistant
r537s_esr1 + ibrutinib,Unrelated
r537s_esr1 + sotorasib,Unrelated
r544w_erbb4 + neratinib,Unknown
r544w_erbb4 + tyrosine kinase inhibitor,Unknown
r549c_asxl1 + abemaciclib,Resistant
r549c_asxl1 + fulvestrant,Resistant
r549c_asxl1 + palbociclib,Resistant
r549s_sf3b1 + afatinib,Unrelated
r549s_sf3b1 + metformin,Sensitive
r54c_fgfr1 + erdafitinib,Unknown
r54g_fgfr1 + erdafitinib,Unknown
r54r_fgfr1 + erdafitinib,Unknown
r54s_fgfr1 + erdafitinib,Unknown
r552x_rb1 + chemotherapy,Unknown
r552x_rb1 + palbociclib,Resistant
r561c_pdgfrb + chemotherapy,Unknown
r561c_pdgfrb + methotrexate,Unknown
r561c_pdgfrb + vincristine,Unknown
r565c_bard1 + cisplatin,Sensitive
r565c_bard1 + olaparib,Sensitive
r583h_ntrk1 + radiation ionizing radiotherapy,Unrelated
r583h_ntrk1 + radiation therapy,Unrelated
r584c_ptptd + cyclophosphamide,Unknown
r584c_ptptd + doxorubicin,Unknown
r584c_ptptd + prednisone,Unknown
r584c_ptptd + vincristine,Unknown
r58q_bcl10 + cyclophosphamide,Unknown
r58q_bcl10 + doxorubicin,Unknown
r58q_bcl10 + prednisone,Unknown
r58q_bcl10 + tyrosine kinase inhibitor,Resistant
r58q_bcl10 + venetoclax,Sensitive
r58q_bcl10 + vincristine,Unknown
r58x_cdkn2a + cisplatin,Unrelated
r601l_ercc2 + radiation ionizing radiotherapy,Sensitive
r601l_ercc2 + radiation therapy,Sensitive
r603q_braf + cetuximab,Unknown
r60c_gna11 + radioactive iodine,Unrelated
r611q_tsc2 + cisplatin,Resistant
r611q_tsc2 + everolimus,Sensitive
r611q_tsc2 + mtor inhibitor,Sensitive
r616h_ar + chemotherapy,Unknown
r616h_ar + fulvestrant,Unknown
r616h_ar + hormone therapy,Unknown
r616h_ar + radiation therapy,Unknown
r619c_mtor + sirolimus,Resistant
r61sfs59_gprc5a + carboplatin,Unrelated
r61sfs59_gprc5a + radiation therapy,Unrelated
r625c_sf3b1 + sotrastaurin acetate,Unknown
r625g_sf3b1 + chemotherapy,Sensitive
r625g_sf3b1 + psi,Unknown
r625h_sf3b1 + sotrastaurin acetate,Unknown
r630q_ar + abiraterone,Unknown
r630q_ar + abiraterone acetate,Unknown
r630q_ar + apalutamide,Resistant
r630q_ar + enzalutamide,Resistant
r630q_ar + prednisone,Unrelated
r634w_kit + capivasertib,Unrelated
r634w_kit + sorafenib,Sensitive
r634w_kit + sorafenib tosylate,Sensitive
r652c_nf1 + oxaliplatin,Unknown
r65fs58_tp53 + afatinib,Unrelated
r65fs_tp53 + nivolumab,Unknown
r65fs_tp53 + olaparib,Unknown
r65fs_tp53 + trametinib,Unknown
r664w_fgfr2 + immunotherapy,Unknown
r665w_plc2 + ibrutinib,Resistant
r665w_plcg2 + ibrutinib,Resistant
r666_atrx + chemotherapy,Unknown
r666_atrx + radiation therapy,Unknown
r667h_erbb3 + afimoxifene,Unrelated
r667h_erbb3 + fulvestrant,Unknown
r667h_erbb3 + lapatinib,Unknown
r670w_egfr + afatinib,Sensitive
r670w_egfr + osimertinib,Sensitive
r6712_braf + braf inhibitor,Unknown
r6712_braf + carboplatin,Unrelated
r6712_braf + cisplatin,Unrelated
r6712_braf + paclitaxel,Unrelated
r6712_braf + vemurafenib,Unknown
r675q_egfr + canertinib,Unknown
r675q_egfr + carboplatin,Unrelated
r675q_egfr + gefitinib,Unknown
r675q_egfr + paclitaxel,Unrelated
r675q_egfr + tyrosine kinase inhibitor,Unknown
r678q_erbb2 + alpelisib,Unrelated
r678q_erbb2 + braf inhibitor,Unrelated
r678q_erbb2 + buparlisib,Unrelated
r678q_erbb2 + chemotherapy,Unrelated
r678q_erbb2 + everolimus,Sensitive
r678q_erbb2 + gemcitabine,Unrelated
r678q_erbb2 + pertuzumab,Sensitive
r678q_erbb2 + radiation therapy,Unrelated
r678q_erbb2 + trametinib,Unrelated
r678q_erbb2 + trastuzumab deruxtecan,Sensitive
r678q_erbb2 + trastuzumab emtansine,Resistant
r678q_erbb2 + vemurafenib,Unrelated
r68s_kras + adagrasib,Resistant
r68s_kras + carboplatin,Unrelated
r68s_kras + chemotherapy,Unrelated
r68s_kras + epidermal growth factor receptor tyrosine kinase inhibitor,Resistant
r68s_kras + nivolumab,Sensitive
r68s_kras + osimertinib,Resistant
r68s_kras + paclitaxel,Unrelated
r68s_kras + sotorasib,Resistant
r68s_kras + tyrosine kinase inhibitor,Resistant
r693h_ret + chemotherapy,Unrelated
r693h_ret + vandetanib,Sensitive
r695c_ercc2 + chemotherapy,Sensitive
r6w_ntrk1 + radiation ionizing radiotherapy,Unrelated
r6w_ntrk1 + radiation therapy,Unrelated
r704q_rev1 + cetuximab,Resistant
r704q_rev1 + folfiri regimen,Unrelated
r704q_rev1 + folfox regimen,Unrelated
r711p_msh2 + immunotherapy,Sensitive
r71g_brca1 + radiation ionizing radiotherapy,Sensitive
r71g_brca1 + radiation therapy,Sensitive
r721q_ret + selpercatinib,Sensitive
r72_tp53 + chemotherapy,Unknown
r72_tp53 + cisplatin,Unknown
r72p_tp53 + carboplatin,Unrelated
r72p_tp53 + decitabine,Resistant
r72p_tp53 + osimertinib,Unknown
r72p_tp53 + paclitaxel,Sensitive
r72p_tp53 + radiation ionizing radiotherapy,Resistant
r7415h_ttn + chemotherapy,Resistant
r744h_ntrk1 + radiation ionizing radiotherapy,Unrelated
r744h_ntrk1 + radiation therapy,Unrelated
r749q_xpo1 + chemotherapy,Resistant
r749q_xpo1 + immune checkpoint inhibitor,Unknown
r749q_xpo1 + irinotecan,Resistant
r749q_xpo1 + radiation ionizing radiotherapy,Resistant
r749q_xpo1 + radiation therapy,Resistant
r749q_xpo1 + selinexor,Sensitive
r776c_egfr + afatinib,Sensitive
r776g_egfr + afatinib,Unknown
r776h_egfr + afatinib,Unknown
r776h_egfr + immunotherapy,Unrelated
r784g_erbb2 + cetuximab,Resistant
r784g_erbb2 + oxaliplatin,Unknown
r789_brip1 + chemotherapy,Resistant
r799w_ercc4 + sunitinib,Unrelated
r813q_ret + selpercatinib,Sensitive
r813w_ret + selpercatinib,Sensitive
r816h_erbb2 + everolimus,Unrelated
r816h_erbb2 + therapeutic tumor infiltrating lymphocytes,Unrelated
r81t_sin1 + sirolimus,Sensitive
r82s_irf2 + oxaliplatin,Unknown
r831c_egfr + erlotinib,Resistant
r831c_egfr + osimertinib,Unknown
r831c_egfr + sorafenib,Unrelated
r831c_egfr + sorafenib tosylate,Unrelated
r831c_egfr + tyrosine kinase inhibitor,Resistant
r831h_egfr + cetuximab,Sensitive
r831h_egfr + chemotherapy,Resistant
r831h_egfr + osimertinib,Unknown
r831h_egfr + pemetrexed,Unrelated
r831h_egfr + radiation ionizing radiotherapy,Unrelated
r831h_egfr + radiation therapy,Unrelated
r83h_rara + immunotherapy,Sensitive
r841a_egfr + erlotinib,Unknown
r844h_gnas + capecitabine,Unknown
r844h_gnas + cisplatin,Sensitive
r844h_gnas + docetaxel,Unknown
r847h_erbb4 + neratinib,Unknown
r847h_erbb4 + tyrosine kinase inhibitor,Unknown
r873q_ret + selpercatinib,Resistant
r882_dnmt3a + chemotherapy,Resistant
r882_dnmt3a + cytarabine,Resistant
r882_dnmt3a + hematopoietic cell transplantation,Sensitive
r882h_dnmt3a + chemotherapy,Unknown
r882h_dnmt3a + cytarabine,Unknown
r882h_dnmt3a + niacinamide,Unrelated
r88q_pik3ca + aromatase inhibitor,Unrelated
r88q_pik3ca + chemotherapy,Unknown
r88q_pik3ca + everolimus,Unknown
r88q_pik3ca + fulvestrant,Unknown
r88q_pik3ca + mtor inhibitor,Sensitive
r88q_pik3ca + palbociclib,Unknown
r88q_pik3ca + sirolimus,Unknown
r891l_abcc4 + therapeutic glucocorticoid,Unrelated
r916c_pik3ca + chemotherapy,Unknown
r925l_jak3 + tofacitinib,Unknown
r93q_pik3ca + alpelisib,Unknown
r93q_pik3ca + apitolisib,Sensitive
r93q_pik3ca + carboplatin,Sensitive
r93w_pik3ca + alpelisib,Unknown
r93w_pik3ca + chemotherapy,Unknown
r93w_pik3ca + immune checkpoint inhibitor,Unknown
r93w_pik3ca + lapatinib,Unknown
r93w_pik3ca + paclitaxel,Unknown
r93w_pik3ca + radiation ionizing radiotherapy,Unrelated
r93w_pik3ca + radiation therapy,Unrelated
r93w_pik3ca + trametinib,Unknown
r93w_pik3ca + trastuzumab,Unknown
r93w_pik3ca + vemurafenib,Unrelated
r943c_fam160a1 + asparaginase,Unknown
r943c_fam160a1 + bortezomib,Unknown
r943c_fam160a1 + chemotherapy,Unknown
r943c_fam160a1 + cisplatin,Unknown
r943c_fam160a1 + cyclophosphamide,Unknown
r943c_fam160a1 + cytarabine,Unknown
r943c_fam160a1 + dexamethasone,Unknown
r943c_fam160a1 + doxorubicin,Unknown
r943c_fam160a1 + etoposide,Unknown
r943c_fam160a1 + everolimus,Unknown
r943c_fam160a1 + gemcitabine,Unknown
r943c_fam160a1 + hematopoietic cell transplantation,Unknown
r943c_fam160a1 + methotrexate,Unknown
r943c_fam160a1 + mtor inhibitor,Unknown
r943c_fam160a1 + oxaliplatin,Unknown
r943c_fam160a1 + prednisolone,Unknown
r943c_fam160a1 + prednisone,Unknown
r943c_fam160a1 + radiation therapy,Unknown
r943c_fam160a1 + ruxolitinib,Unknown
r943c_fam160a1 + vincristine,Unknown
r952k_atp7b + chemotherapy,Sensitive
r952k_atp7b + cisplatin,Sensitive
r952k_atp7b + paclitaxel,Sensitive
r961w_kdr + bevacizumab,Unknown
r961w_kdr + chemotherapy,Resistant
r961w_kdr + fluorouracil,Resistant
r961w_kdr + regorafenib,Sensitive
r962h_egfr + canertinib,Unknown
r962h_egfr + erlotinib,Unknown
r962h_egfr + gefitinib,Unknown
r962h_egfr + tyrosine kinase inhibitor,Unknown
r966w_unc13d + cyclophosphamide,Unrelated
r966w_unc13d + doxorubicin,Unrelated
r966w_unc13d + prednisone,Unrelated
r966w_unc13d + ruxolitinib,Unrelated
r966w_unc13d + vincristine,Unrelated
r96_gsk3 + chemotherapy,Resistant
r973g_kmt2c + icotinib,Unknown
r973g_kmt2c + osimertinib,Unknown
r973g_kmt2c + tyrosine kinase inhibitor,Unknown
r988c_met + su11274,Resistant
r988fs11_msh6 + chemotherapy,Unrelated
r98q_egfr + icotinib,Unknown
r992c_erbb4 + neratinib,Unknown
r992c_erbb4 + tyrosine kinase inhibitor,Unknown
rabl3_pser36 + trametinib,Sensitive
ras_nras + adjuvant chemotherapy,Unknown
ras_nras + braf inhibitor,Unknown
ras_nras + chemotherapy,Unknown
ras_nras + dabrafenib,Resistant
ras_nras + vemurafenib,Resistant
rs10030044_ctso + adjuvant chemotherapy,Unrelated
rs10030044_ctso + hormone therapy,Sensitive
rs10046_cyp19a1 + adjuvant chemotherapy,Unrelated
rs10046_cyp19a1 + aromatase inhibitor,Unrelated
rs10046_cyp19a1 + chemotherapy,Unrelated
rs10046_cyp19a1 + letrozole,Unrelated
rs10046_cyp19a1 + tamoxifen,Unrelated
rs1017874_sh3kbp1 + bevacizumab,Unrelated
rs1017874_sh3kbp1 + cetuximab,Unknown
rs1017874_sh3kbp1 + folfiri regimen,Unrelated
rs10228436_egfr + imatinib,Diagnostic
rs10251977_egfr + chemotherapy,Unrelated
rs10251977_egfr + erlotinib,Sensitive
rs10251977_egfr + tyrosine kinase inhibitor,Sensitive
rs10274_rps6kb2 + radiation ionizing radiotherapy,Resistant
rs10274_rps6kb2 + radiation therapy,Resistant
rs1034528_mtor + sirolimus,Sensitive
rs10380_mtrr + chemotherapy,Unrelated
rs10416697_ilt + chemotherapy,Resistant
rs1042522_tp53 + chemotherapy,Sensitive
rs1042713_adrb2 + bevacizumab,Unrelated
rs1042714_adrb2 + bevacizumab,Unrelated
rs1042821_msh6 + radiation ionizing radiotherapy,Unrelated
rs1042821_msh6 + radiation therapy,Unrelated
rs1044243_cd166 + therapeutic tumor infiltrating lymphocytes,Unrelated
rs104522_tp53 + aspirin,Sensitive
rs1045411_hmgb1 + chemotherapy,Sensitive
rs1045411_hmgb1 + cisplatin,Sensitive
rs1045642_abcb1 + adjuvant chemotherapy,Sensitive
rs1045642_abcb1 + aromatase inhibitor,Unrelated
rs1045642_abcb1 + capecitabine,Sensitive
rs1045642_abcb1 + everolimus,Sensitive
rs1045642_abcb1 + exemestane,Unrelated
rs1045642_abcb1 + folfox regimen,Resistant
rs1045642_abcb1 + hormone therapy,Unrelated
rs1045642_abcb1 + letrozole,Unrelated
rs1045642_abcb1 + mtor inhibitor,Sensitive
rs1045642_abcb1 + palbociclib,Sensitive
rs1045642_abcb1 + ribociclib,Unknown
rs1045642_abcb1 + sorafenib,Unknown
rs1045642_abcb1 + sorafenib tosylate,Unknown
rs1045642_abcb1 + tyrosine kinase inhibitor,Unknown
rs1045642_mdr1 + chemotherapy,Sensitive
rs1047768_ercc5 + radiation therapy,Sensitive
rs1048201_fgf2 + chemotherapy,Resistant
rs1048201_fgf2 + cisplatin,Resistant
rs1048201_fgf2 + radiation therapy,Unknown
rs1048290_keap1 + chemotherapy,Unrelated
rs1048290_keap1 + radiation therapy,Unrelated
rs1048290_keap1 + tamoxifen,Sensitive
rs1048290_keap1 + trichostatin a,Sensitive
rs1048943_cyp1a1 + cisplatin,Unrelated
rs10494071_vav3 + erlotinib,Unrelated
rs10494071_vav3 + hormone therapy,Resistant
rs10494071_vav3 + tamoxifen,Sensitive
rs1050171_egfr + afatinib,Sensitive
rs1050171_egfr + tyrosine kinase inhibitor,Unrelated
rs10514231_atg10 + radiation therapy,Resistant
rs10514231_atg10 + radioactive iodine,Sensitive
rs10515074_pik3r1 + aromatase inhibitor,Unrelated
rs10515074_pik3r1 + chemotherapy,Unrelated
rs10515074_pik3r1 + everolimus,Sensitive
rs10515074_pik3r1 + exemestane,Unrelated
rs10515074_pik3r1 + hormone therapy,Unrelated
rs10519297_cyp19a1 + ibuprofen,Unrelated
rs1052133_hogg1 + radiation ionizing radiotherapy,Unrelated
rs1052133_hogg1 + radiation therapy,Unrelated
rs1053004_stat + chemotherapy,Diagnostic
rs1055153_taz + chemotherapy,Unrelated
rs1056629_mphosph6 + chemotherapy,Unknown
rs1056654_mphosph6 + chemotherapy,Unknown
rs1056836_cyp1b1 + adjuvant chemotherapy,Unrelated
rs1056836_cyp1b1 + aromatase inhibitor,Unrelated
rs1056836_cyp1b1 + exemestane,Sensitive
rs1056836_cyp1b1 + hormone therapy,Unrelated
rs1056836_cyp1b1 + letrozole,Unrelated
rs1061280_smo + radiation ionizing radiotherapy,Resistant
rs1061280_smo + radiation therapy,Resistant
rs1061285_smo + radiation ionizing radiotherapy,Unknown
rs1061285_smo + radiation therapy,Unknown
rs1062033_cyp19a1 + adjuvant chemotherapy,Unrelated
rs1062033_cyp19a1 + aromatase inhibitor,Unrelated
rs1062033_cyp19a1 + ibuprofen,Unrelated
rs1063539_adipoq + tamoxifen,Unrelated
rs1063539_adipoq + trastuzumab,Unrelated
rs1065754_eps15 + bevacizumab,Unrelated
rs1065754_eps15 + cetuximab,Unknown
rs1065754_eps15 + folfiri regimen,Unrelated
rs10811661_cdkn2a + hormone therapy,Unrelated
rs108621_mlh3 + chemotherapy,Unknown
rs108621_mlh3 + fluorouracil,Sensitive
rs10873142_hif + adjuvant chemotherapy,Sensitive
rs10873142_hif + sorafenib,Unknown
rs10873142_hif + sorafenib tosylate,Unknown
rs10873142_hif + tyrosine kinase inhibitor,Unknown
rs10889677_il23r + bevacizumab,Resistant
rs10889677_il23r + chemotherapy,Resistant
rs10889677_il23r + folfiri regimen,Resistant
rs10898880_atg16l2 + radiation therapy,Unrelated
rs10955176_mst2 + chemotherapy,Unrelated
rs11045585_slco1b3 + adjuvant chemotherapy,Sensitive
rs11045585_slco1b3 + cisplatin,Unknown
rs11045585_slco1b3 + cyclophosphamide,Sensitive
rs11045585_slco1b3 + fluorouracil,Unknown
rs11045585_slco1b3 + hormone therapy,Unrelated
rs11045585_slco1b3 + radiation therapy,Unrelated
rs11045585_slco1b3 + trastuzumab,Unrelated
rs11070844_cyp19a1 + ibuprofen,Unrelated
rs11085735_keap1 + chemotherapy,Unrelated
rs11085735_keap1 + radiation therapy,Unrelated
rs11085735_keap1 + tamoxifen,Resistant
rs11149523_vegfr + cisplatin,Unknown
rs11158358_hif + adjuvant chemotherapy,Sensitive
rs11188513_cd39 + bevacizumab,Sensitive
rs11188513_cd39 + chemotherapy,Unknown
rs11202592_pten + chemotherapy,Sensitive
rs11202592_pten + cisplatin,Unknown
rs11202607_pten + chemotherapy,Sensitive
rs11202607_pten + cisplatin,Unknown
rs11212570_atm + radiation ionizing radiotherapy,Sensitive
rs11212570_atm + radioactive iodine,Resistant
rs11212617_atm + chemotherapy,Unrelated
rs11212617_atm + metformin,Sensitive
rs11212617_atm + trastuzumab,Unrelated
rs11230563_cd6 + therapeutic tumor infiltrating lymphocytes,Unrelated
rs1126647_il8 + cetuximab,Unknown
rs1126647_il8 + dabrafenib,Unknown
rs1126647_il8 + dacarbazine,Unknown
rs1126647_il8 + pazopanib,Resistant
rs1128503_abcb1 + capecitabine,Sensitive
rs1128503_abcb1 + capox regimen,Sensitive
rs1128503_abcb1 + carboplatin,Sensitive
rs1128503_abcb1 + carboplatin/paclitaxel regimen,Sensitive
rs1128503_abcb1 + doxorubicin,Unrelated
rs1128503_abcb1 + hormone therapy,Unrelated
rs1128503_abcb1 + methotrexate,Resistant
rs1128503_abcb1 + oxaliplatin,Sensitive
rs1128503_abcb1 + paclitaxel,Sensitive
rs1128503_abcb1 + palbociclib,Sensitive
rs1128503_abcb1 + ribociclib,Unknown
rs1130233_akt1 + chemotherapy,Unrelated
rs1130409_apex1 + radiation ionizing radiotherapy,Unrelated
rs1130409_apex1 + radiation therapy,Unrelated
rs1130609_rrm2 + cytarabine,Sensitive
rs1130609_rrm2 + gemcitabine,Sensitive
rs1136201_erbb2 + hormone therapy,Unrelated
rs1136201_erbb2 + trastuzumab,Sensitive
rs1136410_adprt + radiation ionizing radiotherapy,Unrelated
rs1136410_adprt + radiation therapy,Unrelated
rs1137100_lepr + adjuvant chemotherapy,Unknown
rs1137100_lepr + bevacizumab,Resistant
rs1137100_lepr + chemotherapy,Unknown
rs1137100_lepr + folfiri regimen,Resistant
rs114729114_braf + sirolimus,Sensitive
rs11540654_tp53 + chemotherapy,Resistant
rs11542848_pgf + sirolimus,Sensitive
rs11545829_keap1 + trichostatin a,Sensitive
rs11549465_hif + adjuvant chemotherapy,Unrelated
rs11549465_hif1 + docetaxel,Sensitive
rs11549465_hif1 + paclitaxel,Unknown
rs11549465_hif1 + ramucirumab,Unrelated
rs11554137_idh1 + chemotherapy,Unknown
rs11571833_brca2 + cisplatin,Sensitive
rs11571833_brca2 + mitomycin,Sensitive
rs11572080_cyp2c8 + docetaxel,Sensitive
rs11572080_cyp2c8 + paclitaxel,Unknown
rs11572080_cyp2c8 + ramucirumab,Unrelated
rs11574077_vdr + folfiri regimen,Sensitive
rs11574077_vdr + irinotecan,Sensitive
rs11585329_leprot + tamoxifen,Unrelated
rs11585329_leprot + trastuzumab,Unrelated
rs11615_ercc1 + capecitabine,Unrelated
rs11615_ercc1 + capox regimen,Unrelated
rs11615_ercc1 + docetaxel,Unrelated
rs11615_ercc1 + hormone therapy,Unrelated
rs11615_ercc1 + palbociclib,Sensitive
rs11615_ercc1 + radiation therapy,Unrelated
rs11615_ercc1 + ribociclib,Unknown
rs11636419_cyp1a2 + adjuvant chemotherapy,Unrelated
rs11636419_cyp1a2 + imatinib,Sensitive
rs11636419_cyp1a2 + imatinib mesylate,Sensitive
rs11653499_raptor + sirolimus,Unknown
rs116615_ercc1 + radiation ionizing radiotherapy,Sensitive
rs116615_ercc1 + radiation therapy,Sensitive
rs1168690_pdk1 + adjuvant chemotherapy,Unrelated
rs1168690_pdk1 + chemotherapy,Unrelated
rs1168690_pdk1 + hormone therapy,Unrelated
rs1169288_hnf1a + chemotherapy,Sensitive
rs1169288_hnf1a + irinotecan,Sensitive
rs11795873_sh3kbp1 + bevacizumab,Unrelated
rs11795873_sh3kbp1 + cetuximab,Unknown
rs11795873_sh3kbp1 + folfiri regimen,Unrelated
rs11849538_tcl1a + adjuvant chemotherapy,Unrelated
rs11849538_tcl1a + exemestane,Unrelated
rs11849538_tcl1a + hormone therapy,Unrelated
rs11849538_tcl1a + letrozole,Unrelated
rs11849538_tcl1a + tamoxifen,Unrelated
rs11904366_pdk1 + adjuvant chemotherapy,Unrelated
rs11904366_pdk1 + chemotherapy,Unrelated
rs11904366_pdk1 + hormone therapy,Unrelated
rs11942466_near + radiation ionizing radiotherapy,Unrelated
rs11942466_near + radiation therapy,Unrelated
rs1196333_mdm2 + chemotherapy,Unrelated
rs11977021_visfatin + niacinamide,Unrelated
rs11978293_rpa3 + adjuvant chemotherapy,Unrelated
rs11978293_rpa3 + radiation ionizing radiotherapy,Sensitive
rs11978293_rpa3 + radiation therapy,Sensitive
rs12116957_mtor + sirolimus,Unknown
rs12125777_mtor + sirolimus,Sensitive
rs121434592_akt1 + hormone therapy,Unrelated
rs121434592_akt1 + radiation ionizing radiotherapy,Unrelated
rs121434592_akt1 + radiation therapy,Unrelated
rs12150220_nlrp1 + angiogenesis inhibitor,Resistant
rs12150220_nlrp1 + bevacizumab,Resistant
rs12150220_nlrp1 + chemotherapy,Unknown
rs12150660_shbg + hormone therapy,Unrelated
rs121913240_kras + cisplatin,Sensitive
rs121913529_kras + cetuximab,Unrelated
rs121913529_kras + cisplatin,Sensitive
rs121913529_kras + gemcitabine,Sensitive
rs121913529_kras + panitumumab,Unrelated
rs121913529_kras + temozolomide,Unrelated
rs121913529_kras + therapeutic tumor infiltrating lymphocytes,Resistant
rs121913530_kras + sotorasib,Sensitive
rs121918347_smo + hormone therapy,Unrelated
rs121918347_smo + radiation ionizing radiotherapy,Unrelated
rs121918347_smo + radiation therapy,Unrelated
rs1219468_fgfr2 + adjuvant chemotherapy,Unrelated
rs1219468_fgfr2 + chemotherapy,Unrelated
rs1219468_fgfr2 + hormone therapy,Unrelated
rs1219648_fgfr2 + chemotherapy,Resistant
rs12212067_foxo3 + regorafenib,Resistant
rs12218_mknk1 + bevacizumab,Unknown
rs12218_mknk1 + folfiri regimen,Unknown
rs12360861_cd6 + therapeutic tumor infiltrating lymphocytes,Sensitive
rs12377632_tlr4 + bevacizumab,Unknown
rs12377632_tlr4 + cetuximab,Sensitive
rs12377632_tlr4 + folfiri regimen,Unrelated
rs12434438_hif + adjuvant chemotherapy,Sensitive
rs12434438_hif + sorafenib,Unknown
rs12434438_hif + sorafenib tosylate,Unknown
rs12434438_hif + tyrosine kinase inhibitor,Unknown
rs12443621_tnrc9 + radiation ionizing radiotherapy,Unrelated
rs12443621_tnrc9 + radiation therapy,Unrelated
rs125487_xrcc + carboplatin,Unrelated
rs125487_xrcc + carboplatin/paclitaxel regimen,Unrelated
rs125487_xrcc + chemotherapy,Unrelated
rs125487_xrcc + cisplatin,Unrelated
rs125487_xrcc + paclitaxel,Unrelated
rs1256049_esr2 + adjuvant chemotherapy,Unrelated
rs1256049_esr2 + aromatase inhibitor,Unrelated
rs1256049_esr2 + exemestane,Unknown
rs1256049_esr2 + hormone therapy,Unrelated
rs1256049_esr2 + letrozole,Unrelated
rs12569998_pten + docetaxel,Resistant
rs12587_kras + chemotherapy,Resistant
rs12593359_rad51 + adjuvant chemotherapy,Unrelated
rs12593359_rad51 + radiation therapy,Sensitive
rs12593359_rad51 + trastuzumab,Unrelated
rs12615793_acyp2 + chemotherapy,Unknown
rs12762549_abcc2 + carboplatin,Resistant
rs12762549_abcc2 + carboplatin/paclitaxel regimen,Resistant
rs12762549_abcc2 + chemotherapy,Resistant
rs12762549_abcc2 + cisplatin,Unknown
rs12762549_abcc2 + paclitaxel,Resistant
rs12881815_esr2 + docetaxel,Unrelated
rs12881815_esr2 + enzalutamide,Resistant
rs12946397_rad51c + chemotherapy,Sensitive
rs12946397_rad51c + cisplatin,Sensitive
rs12947788_tp53 + chemotherapy,Unknown
rs13035764_ncoa1 + hormone therapy,Unrelated
rs13058338_rac2 + doxorubicin,Sensitive
rs13069780_cip2a + bevacizumab,Unrelated
rs13069780_cip2a + cetuximab,Sensitive
rs13069780_cip2a + chemotherapy,Unrelated
rs13078881_btd + ivosidenib,Unrelated
rs13078881_btd + olaparib,Unrelated
rs13078881_btd + pembrolizumab,Unrelated
rs13099184_atr + adjuvant chemotherapy,Unrelated
rs13099184_atr + radiation ionizing radiotherapy,Sensitive
rs13099184_atr + radiation therapy,Sensitive
rs13104811_areg + radiation ionizing radiotherapy,Unrelated
rs13104811_areg + radiation therapy,Unrelated
rs13181_ercc2 + adjuvant chemotherapy,Unrelated
rs13181_ercc2 + capecitabine,Unrelated
rs13181_ercc2 + capox regimen,Unrelated
rs13181_ercc2 + carboplatin,Unrelated
rs13181_ercc2 + carboplatin/paclitaxel regimen,Unrelated
rs13181_ercc2 + docetaxel,Unrelated
rs13181_ercc2 + folfox regimen,Unknown
rs13181_ercc2 + paclitaxel,Unrelated
rs13181_xpd + chemotherapy,Unknown
rs13334970_srl + angiogenesis inhibitor,Resistant
rs13334970_srl + bevacizumab,Resistant
rs13334970_srl + chemotherapy,Unknown
rs13515_mapk1 + imatinib,Diagnostic
rs1380576_mdm4 + hormone therapy,Sensitive
rs143711342_nr3c1 + enzalutamide,Unknown
rs143711342_nr3c1 + therapeutic glucocorticoid,Unrelated
rs149738_slc22a14 + sorafenib,Unknown
rs149738_slc22a14 + sorafenib tosylate,Unknown
rs149738_slc22a14 + tyrosine kinase inhibitor,Unknown
rs1520220_igf1 + hormone therapy,Unknown
rs1520220_igf1 + tamoxifen,Unrelated
rs1520220_igf1 + trastuzumab,Unrelated
rs1531289_vegfr + cisplatin,Sensitive
rs1570360_vegfa + cyclophosphamide,Unrelated
rs1570360_vegfa + dacarbazine,Unrelated
rs1570360_vegfa + etoposide,Unrelated
rs1570360_vegfa + prednisone,Unrelated
rs1615111_areg + bevacizumab,Unrelated
rs1615111_areg + cetuximab,Resistant
rs1615111_areg + folfiri regimen,Unrelated
rs161826_tnfrsf9 + cetuximab,Sensitive
rs161826_tnfrsf9 + chemotherapy,Unrelated
rs161826_tnfrsf9 + folfox regimen,Unrelated
rs161826_tnfrsf9 + oxaliplatin,Unrelated
rs1633445_dgcr8 + radiation ionizing radiotherapy,Unknown
rs1633445_dgcr8 + radiation therapy,Unknown
rs16861979_taz + chemotherapy,Unrelated
rs16861985_taz + chemotherapy,Unrelated
rs16944918_blm + adjuvant chemotherapy,Unrelated
rs16944918_blm + radiation ionizing radiotherapy,Sensitive
rs16944918_blm + radiation therapy,Sensitive
rs16944_il1 + docetaxel,Sensitive
rs16944_il1 + paclitaxel,Unknown
rs16944_il1 + ramucirumab,Unrelated
rs16947383_ire1 + bevacizumab,Sensitive
rs16947383_ire1 + cetuximab,Unrelated
rs16947383_ire1 + folfiri regimen,Sensitive
rs16947383_ire1 + folfox-6 regimen,Unrelated
rs1695_abcc1 + carboplatin,Diagnostic
rs1695_abcc1 + carboplatin/paclitaxel regimen,Diagnostic
rs1695_abcc1 + chemotherapy,Diagnostic
rs1695_abcc1 + cisplatin,Unknown
rs1695_abcc1 + paclitaxel,Diagnostic
rs1695_gstp1 + carboplatin,Unrelated
rs1695_gstp1 + carboplatin/paclitaxel regimen,Unrelated
rs1695_gstp1 + cisplatin,Unrelated
rs1695_gstp1 + folfox regimen,Unrelated
rs1695_gstp1 + hormone therapy,Unrelated
rs1695_gstp1 + paclitaxel,Unrelated
rs17032283_fancd2 + chemotherapy,Unrelated
rs17036508_mtor + sirolimus,Unknown
rs171140_ercc2 + chemotherapy,Unknown
rs171140_ercc2 + cisplatin,Unknown
rs171248_slc22a14 + sorafenib,Unknown
rs171248_slc22a14 + sorafenib tosylate,Unknown
rs171248_slc22a14 + tyrosine kinase inhibitor,Unknown
rs17217772_msh2 + chemotherapy,Resistant
rs17217772_msh2 + cisplatin,Unknown
rs17217772_msh2 + irinotecan,Unknown
rs17217772_msh2 + paclitaxel,Resistant
rs17468277_casp8 + adjuvant chemotherapy,Unrelated
rs175080_mlh3 + radiation ionizing radiotherapy,Unrelated
rs175080_mlh3 + radiation therapy,Unrelated
rs17567_eps15 + bevacizumab,Unrelated
rs17567_eps15 + cetuximab,Unknown
rs17567_eps15 + folfiri regimen,Unrelated
rs17626553_vegfr + cisplatin,Resistant
rs17655_ercc2 + chemotherapy,Unknown
rs17655_ercc2 + cisplatin,Unknown
rs17655_ercc2 + radiation ionizing radiotherapy,Unknown
rs17655_ercc2 + radiation therapy,Unknown
rs17655_ercc5 + carboplatin,Resistant
rs17655_ercc5 + chemotherapy,Resistant
rs17655_ercc5 + cisplatin,Resistant
rs17655_ercc5 + docetaxel,Unrelated
rs17655_ercc5 + paclitaxel,Unrelated
rs17655_xpg + radiation ionizing radiotherapy,Unrelated
rs17655_xpg + radiation therapy,Unrelated
rs17776182_inhba + bevacizumab,Sensitive
rs17776182_inhba + chemotherapy,Sensitive
rs17776182_inhba + folfiri regimen,Sensitive
rs17822931_abcc11 + adjuvant chemotherapy,Resistant
rs17822931_abcc11 + chemotherapy,Resistant
rs17822931_abcc11 + fluorouracil,Resistant
rs17824933_cd6 + therapeutic tumor infiltrating lymphocytes,Unrelated
rs17849781_tp53 + chemotherapy,Resistant
rs17851045_kras + cisplatin,Sensitive
rs17868320_ugt1a9 + sorafenib,Unknown
rs17868320_ugt1a9 + sorafenib tosylate,Unknown
rs17868320_ugt1a9 + tyrosine kinase inhibitor,Unknown
rs17878362_tp53 + chemotherapy,Unknown
rs17884306_tp53 + chemotherapy,Unknown
rs1792689_smad2 + bevacizumab,Sensitive
rs1792689_smad2 + chemotherapy,Sensitive
rs1792689_smad2 + folfiri regimen,Sensitive
rs1799752_ace + bevacizumab,Sensitive
rs1799782_xrcc + carboplatin,Unrelated
rs1799782_xrcc + carboplatin/paclitaxel regimen,Unrelated
rs1799782_xrcc + chemotherapy,Unrelated
rs1799782_xrcc + cisplatin,Unrelated
rs1799782_xrcc + paclitaxel,Unrelated
rs1799793_ercc2 + adjuvant chemotherapy,Unrelated
rs1799793_ercc2 + carboplatin,Sensitive
rs1799793_ercc2 + carboplatin/paclitaxel regimen,Sensitive
rs1799793_ercc2 + docetaxel,Unrelated
rs1799793_ercc2 + doxorubicin,Unrelated
rs1799793_ercc2 + fluorouracil,Unrelated
rs1799793_ercc2 + methotrexate,Unrelated
rs1799793_ercc2 + radiation ionizing radiotherapy,Sensitive
rs1799794_xrcc3 + adjuvant chemotherapy,Unrelated
rs1799794_xrcc3 + chemotherapy,Unknown
rs1799794_xrcc3 + radiation ionizing radiotherapy,Sensitive
rs1799794_xrcc3 + radiation therapy,Sensitive
rs1799794_xrcc3 + trastuzumab,Unrelated
rs1799949_brca1 + cisplatin,Sensitive
rs1799949_brca1 + imatinib,Unrelated
rs1799949_brca1 + nintedanib,Unrelated
rs1799950_brca1 + chemotherapy,Sensitive
rs1799950_brca1 + cisplatin,Sensitive
rs1799950_brca1 + doxorubicin,Sensitive
rs1799965_brca1 + cisplatin,Sensitive
rs1799965_brca1 + imatinib,Unrelated
rs1799965_brca1 + nintedanib,Unrelated
rs1799966_brca1 + chemotherapy,Sensitive
rs1799969_icam + bevacizumab,Sensitive
rs1799969_icam + chemotherapy,Unknown
rs1799977_mlh1 + radiation ionizing radiotherapy,Unrelated
rs1799977_mlh1 + radiation therapy,Unrelated
rs1799983_nos3 + adjuvant chemotherapy,Sensitive
rs1799983_nos3 + bevacizumab,Resistant
rs1799983_nos3 + chemotherapy,Sensitive
rs1799983_nos3 + cyclophosphamide,Sensitive
rs1799983_nos3 + docetaxel,Sensitive
rs1799983_nos3 + hormone therapy,Unrelated
rs1799983_nos3 + paclitaxel,Unknown
rs1799983_nos3 + ramucirumab,Unrelated
rs1799983_nos3 + sorafenib,Unknown
rs1799983_nos3 + sorafenib tosylate,Unknown
rs1799983_nos3 + trastuzumab,Unrelated
rs1799983_nos3 + tyrosine kinase inhibitor,Unknown
rs1799988_ccr5 + bevacizumab,Unrelated
rs1799988_ccr5 + cetuximab,Diagnostic
rs1799988_ccr5 + folfiri regimen,Unrelated
rs1800057_atm + hormone therapy,Unrelated
rs1800469_tgf + radiation ionizing radiotherapy,Sensitive
rs1800469_tgf + radiation therapy,Sensitive
rs1800469_tgf1 + radiation ionizing radiotherapy,Sensitive
rs1800469_tgf1 + radiation therapy,Sensitive
rs1800469_tgfb1 + radioactive iodine,Sensitive
rs1800470_tgf1 + radiation ionizing radiotherapy,Sensitive
rs1800470_tgf1 + radiation therapy,Sensitive
rs1800470_tgfb1 + chemotherapy,Unrelated
rs1800566_nqo1 + gemcitabine,Sensitive
rs1800566_nqo1 + immunomodulatory oligonucleotide,Unknown
rs1800566_nqo1 + leucovorin,Unrelated
rs1800629_tnf + docetaxel,Sensitive
rs1800629_tnf + paclitaxel,Unknown
rs1800629_tnf + radiation ionizing radiotherapy,Sensitive
rs1800629_tnf + radiation therapy,Sensitive
rs1800629_tnf + ramucirumab,Unrelated
rs1800734_mlh1 + hormone therapy,Sensitive
rs1800734_mlh1 + radiation ionizing radiotherapy,Sensitive
rs1800734_mlh1 + radiation therapy,Sensitive
rs1800734_mlh1 + trastuzumab,Resistant
rs1800795_il6 + bevacizumab,Unknown
rs1800795_il6 + cetuximab,Unknown
rs1800795_il6 + chemotherapy,Unknown
rs1800795_il6 + folfiri regimen,Unknown
rs1800796_il6 + chemotherapy,Unrelated
rs1800812_pdgfr + sunitinib,Sensitive
rs1800812_pdgfr + tyrosine kinase inhibitor,Unknown
rs1800812_pdgfra + sunitinib,Sensitive
rs1801131_mthfr + fluorouracil,Sensitive
rs1801131_mthfr + folfox regimen,Sensitive
rs1801131_mthfr + oxaliplatin,Unrelated
rs1801132_esr1 + tamoxifen,Unrelated
rs1801157_cxcl12 + hormone therapy,Unrelated
rs1801253_adrb1 + bevacizumab,Unrelated
rs1801265_dpyd + capox regimen,Resistant
rs1801265_dpyd + chemotherapy,Resistant
rs1801265_dpyd + fluorouracil,Resistant
rs1801265_dpyd + folfox regimen,Resistant
rs1801270_cdkn1a1 + carboplatin,Resistant
rs1801270_cdkn1a1 + chemotherapy,Resistant
rs1801270_cdkn1a1 + cisplatin,Resistant
rs1801270_cdkn1a1 + docetaxel,Unrelated
rs1801270_cdkn1a1 + paclitaxel,Unrelated
rs1801270_tp53 + radiation ionizing radiotherapy,Sensitive
rs1801270_tp53 + radiation therapy,Sensitive
rs1801274_fcgr2a + cetuximab,Sensitive
rs1801274_kras + cetuximab,Sensitive
rs1801274_kras + chemotherapy,Unrelated
rs1801274_kras + radiation therapy,Unrelated
rs180127_fcgr2a + cetuximab,Sensitive
rs180127_fcgr2a + chemotherapy,Unrelated
rs180127_fcgr2a + radiation therapy,Unrelated
rs1801320_rad51 + cisplatin,Sensitive
rs1801321_rad51 + adjuvant chemotherapy,Unrelated
rs1801321_rad51 + radiation ionizing radiotherapy,Sensitive
rs1801321_rad51 + radiation therapy,Sensitive
rs1801321_rad51 + trastuzumab,Unrelated
rs1801394_mtr + chemotherapy,Sensitive
rs1801394_mtr + radiation ionizing radiotherapy,Sensitive
rs1801394_mtr + radiation therapy,Sensitive
rs1801516_atm + hormone therapy,Unrelated
rs1804645_src + tamoxifen,Sensitive
rs1805087_mtr + chemotherapy,Unrelated
rs1805321_pms2 + carboplatin,Unknown
rs1805321_pms2 + chemotherapy,Sensitive
rs1805321_pms2 + cisplatin,Unknown
rs1805363_mre11a + radiation ionizing radiotherapy,Resistant
rs1805363_mre11a + radiation therapy,Resistant
rs1805794_nbs1 + radiation ionizing radiotherapy,Unrelated
rs1805794_nbs1 + radiation therapy,Unrelated
rs181088346_tsc2 + sirolimus,Sensitive
rs183574_slc22a14 + sorafenib,Unknown
rs183574_slc22a14 + sorafenib tosylate,Unknown
rs183574_slc22a14 + tyrosine kinase inhibitor,Unknown
rs1862513_retn + adjuvant chemotherapy,Unknown
rs1862513_retn + bevacizumab,Resistant
rs1862513_retn + chemotherapy,Unknown
rs1862513_retn + folfiri regimen,Resistant
rs1864183_atg10 + radiation therapy,Resistant
rs1864183_atg10 + radioactive iodine,Sensitive
rs1867277_foxe1 + radiation ionizing radiotherapy,Unrelated
rs1867277_foxe1 + radiation therapy,Unrelated
rs1867351_slc22a1 + adjuvant chemotherapy,Unrelated
rs1867351_slc22a1 + imatinib,Sensitive
rs1867351_slc22a1 + imatinib mesylate,Sensitive
rs1870377_kdr + tyrosine kinase inhibitor,Unknown
rs1870377_vegfr + adjuvant chemotherapy,Sensitive
rs1870377_vegfr + bevacizumab,Sensitive
rs1870377_vegfr + paclitaxel,Unrelated
rs1870377_vegfr2 + chemotherapy,Unrelated
rs1870377_vegfr2 + radiation ionizing radiotherapy,Sensitive
rs1870377_vegfr2 + radiation therapy,Sensitive
rs187084_tlr9 + bevacizumab,Unrelated
rs187084_tlr9 + chemotherapy,Unrelated
rs187084_tlr9 + folfiri regimen,Unrelated
rs1883965_mtor + sirolimus,Unrelated
rs1884444_il23r + bevacizumab,Sensitive
rs1884444_il23r + chemotherapy,Sensitive
rs1884444_il23r + folfiri regimen,Sensitive
rs189037_atm + chemotherapy,Unrelated
rs189037_atm + radiation ionizing radiotherapy,Sensitive
rs189037_atm + radiation therapy,Sensitive
rs1902023_ugtb15 + adjuvant chemotherapy,Unrelated
rs1902023_ugtb15 + chemotherapy,Unrelated
rs1902023_ugtb15 + exemestane,Unrelated
rs1902023_ugtb15 + radiation therapy,Unrelated
rs1902023_ugtb15 + tamoxifen,Unrelated
rs1904589_nodal + cetuximab,Sensitive
rs1904589_nodal + chemotherapy,Unrelated
rs1904589_nodal + folfiri regimen,Unrelated
rs190708267_mir + cisplatin,Resistant
rs1933437_flt3 + sunitinib,Sensitive
rs1933437_flt3 + tyrosine kinase inhibitor,Unknown
rs1946518_il + dexamethasone,Resistant
rs1951242_il8 + cetuximab,Unknown
rs1951242_il8 + dabrafenib,Resistant
rs1951242_il8 + dacarbazine,Unknown
rs1951242_il8 + pazopanib,Unknown
rs1951795_hif + adjuvant chemotherapy,Sensitive
rs1951795_hif + sorafenib,Unknown
rs1951795_hif + sorafenib tosylate,Unknown
rs1951795_hif + tyrosine kinase inhibitor,Unknown
rs1960669_fgf2 + bevacizumab,Sensitive
rs1960669_fgf2 + chemotherapy,Unknown
rs1966265_fgfr4 + chemotherapy,Unknown
rs1979277_shmt + chemotherapy,Unrelated
rs1982073_tgfbeta1 + chemotherapy,Unrelated
rs1982073_tgfbeta1 + gefitinib,Unrelated
rs1982073_tgfbeta1 + radiation ionizing radiotherapy,Diagnostic
rs1982073_tgfbeta1 + radiation therapy,Diagnostic
rs199476092_ptch1 + radiation ionizing radiotherapy,Resistant
rs199476092_ptch1 + radiation therapy,Resistant
rs199890497_nrde2 + chemotherapy,Sensitive
rs2008691_cyp19a1 + ibuprofen,Unrelated
rs2010963_vegf + adjuvant chemotherapy,Unrelated
rs2010963_vegf + bevacizumab,Unknown
rs2010963_vegf + pazopanib,Sensitive
rs2010963_vegf + radiation ionizing radiotherapy,Sensitive
rs2010963_vegf + radiation therapy,Sensitive
rs2010963_vegf + sorafenib,Unknown
rs2010963_vegf + sorafenib tosylate,Unknown
rs2010963_vegf + sunitinib,Sensitive
rs2010963_vegf + tyrosine kinase inhibitor,Unknown
rs2016347_igf + chemotherapy,Sensitive
rs2016347_igf + zoledronic acid,Unrelated
rs2016347_igf1r + chemotherapy,Sensitive
rs2016347_igf1r + zoledronic acid,Unknown
rs202111971_ptch1 + radiation ionizing radiotherapy,Resistant
rs202111971_ptch1 + radiation therapy,Resistant
rs202247756_sufu + hormone therapy,Unrelated
rs202247756_sufu + radiation ionizing radiotherapy,Unrelated
rs202247756_sufu + radiation therapy,Unrelated
rs2032582_abcb1 + adjuvant chemotherapy,Unrelated
rs2032582_abcb1 + carboplatin,Unrelated
rs2032582_abcb1 + carboplatin/paclitaxel regimen,Unrelated
rs2032582_abcb1 + chemotherapy,Unrelated
rs2032582_abcb1 + cisplatin,Unrelated
rs2032582_abcb1 + hormone therapy,Diagnostic
rs2032582_abcb1 + paclitaxel,Unrelated
rs2032582_abcb1 + sorafenib,Unknown
rs2032582_abcb1 + sorafenib tosylate,Unknown
rs2032582_abcb1 + sunitinib,Sensitive
rs2032582_abcb1 + tamoxifen,Unrelated
rs2032582_abcb1 + tyrosine kinase inhibitor,Unknown
rs2043550_taz + chemotherapy,Unrelated
rs2057482_hif + adjuvant chemotherapy,Sensitive
rs2059520_hmsh2 + chemotherapy,Unrelated
rs2059520_hmsh2 + radiation ionizing radiotherapy,Unrelated
rs2059520_hmsh2 + radiation therapy,Unrelated
rs2069837_il6 + bevacizumab,Resistant
rs2069837_il6 + cetuximab,Unrelated
rs2069837_il6 + chemotherapy,Unknown
rs2069837_il6 + folfiri regimen,Unknown
rs2070096_bard1 + adjuvant chemotherapy,Resistant
rs2070096_bard1 + carboplatin,Sensitive
rs2070096_bard1 + cisplatin,Sensitive
rs2070096_bard1 + docetaxel,Unrelated
rs2070096_bard1 + trastuzumab,Unrelated
rs2070744_nos3 + bevacizumab,Resistant
rs2070744_nos3 + lenvatinib,Unrelated
rs2070744_nos3 + sorafenib,Unknown
rs2070744_nos3 + sorafenib tosylate,Unknown
rs2070744_nos3 + tyrosine kinase inhibitor,Unknown
rs2070960_mir3620 + hormone therapy,Resistant
rs2071559_kdr + adjuvant chemotherapy,Unrelated
rs2071559_kdr + chemotherapy,Diagnostic
rs2071559_kdr + cyclophosphamide,Unrelated
rs2071559_kdr + dacarbazine,Unrelated
rs2071559_kdr + etoposide,Unrelated
rs2071559_kdr + prednisone,Unrelated
rs2071559_kdr + tamoxifen,Resistant
rs2071559_kdr + tyrosine kinase inhibitor,Unknown
rs2071559_vegfr2 + chemotherapy,Sensitive
rs2071559_vegfr2 + radiation ionizing radiotherapy,Unrelated
rs2071559_vegfr2 + radiation therapy,Unrelated
rs2072454_egfr + adjuvant chemotherapy,Unrelated
rs2072454_egfr + carboplatin,Unknown
rs2072454_egfr + chemotherapy,Sensitive
rs2072454_egfr + cisplatin,Unknown
rs2072454_egfr + imatinib,Sensitive
rs2072454_egfr + imatinib mesylate,Sensitive
rs2073337_abcc2 + carboplatin,Diagnostic
rs2073337_abcc2 + carboplatin/paclitaxel regimen,Diagnostic
rs2073337_abcc2 + chemotherapy,Diagnostic
rs2073337_abcc2 + cisplatin,Unknown
rs2073337_abcc2 + paclitaxel,Diagnostic
rs2073438_alox12 + aspirin,Sensitive
rs2073618_opg + adjuvant chemotherapy,Unrelated
rs2073618_opg + aromatase inhibitor,Sensitive
rs2073618_opg + exemestane,Sensitive
rs2073618_opg + letrozole,Sensitive
rs2073618_opg + tamoxifen,Unrelated
rs2074087_abcc1 + carboplatin,Sensitive
rs2074087_abcc1 + carboplatin/paclitaxel regimen,Sensitive
rs2074087_abcc1 + chemotherapy,Sensitive
rs2074087_abcc1 + cisplatin,Unknown
rs2074087_abcc1 + paclitaxel,Sensitive
rs2075786_tert + bevacizumab,Sensitive
rs2075786_tert + cetuximab,Unknown
rs2075786_tert + folfiri regimen,Sensitive
rs2077647_esr1 + adjuvant chemotherapy,Unrelated
rs2077647_esr1 + exemestane,Unrelated
rs2077647_esr1 + hormone therapy,Unrelated
rs207764_esr1 + chemotherapy,Unrelated
rs207764_esr1 + exemestane,Unrelated
rs207764_esr1 + hormone therapy,Unrelated
rs207764_esr1 + tamoxifen,Unrelated
rs2089565_xrcc4 + adjuvant chemotherapy,Unrelated
rs2089565_xrcc4 + radiation ionizing radiotherapy,Sensitive
rs2089565_xrcc4 + radiation therapy,Sensitive
rs2110385_visfatin + niacinamide,Unrelated
rs2221903_il21 + bevacizumab,Resistant
rs2221903_il21 + chemotherapy,Resistant
rs2221903_il21 + folfiri regimen,Resistant
rs2227311_rb1 + chemotherapy,Sensitive
rs2227311_rb1 + hematopoietic cell transplantation,Unknown
rs2227311_rb1 + radiation ionizing radiotherapy,Sensitive
rs2227311_rb1 + radiation therapy,Sensitive
rs2227543_il8 + cetuximab,Unknown
rs2227543_il8 + dabrafenib,Resistant
rs2227543_il8 + dacarbazine,Unknown
rs2227543_il8 + pazopanib,Unknown
rs2227983_egfr + cetuximab,Sensitive
rs2227983_egfr + radiation therapy,Unrelated
rs2228001_xpc + radiation ionizing radiotherapy,Unrelated
rs2228001_xpc + radiation therapy,Unrelated
rs2228230_pdgfra + chemotherapy,Resistant
rs2228230_pdgfra + cisplatin,Resistant
rs2228230_pdgfra + radiation therapy,Unknown
rs2228480_esr1 + adjuvant chemotherapy,Unrelated
rs2229046_erbb3 + adjuvant chemotherapy,Resistant
rs2229046_erbb3 + carboplatin,Unrelated
rs2229046_erbb3 + cisplatin,Unrelated
rs2229046_erbb3 + docetaxel,Unrelated
rs2229046_erbb3 + trastuzumab,Unrelated
rs2229177_cd5 + therapeutic tumor infiltrating lymphocytes,Unrelated
rs2229571_bard1 + adjuvant chemotherapy,Unrelated
rs2229571_bard1 + carboplatin,Sensitive
rs2229571_bard1 + cisplatin,Sensitive
rs2229571_bard1 + docetaxel,Unrelated
rs2229571_bard1 + trastuzumab,Unrelated
rs2229765_igf1r + hormone therapy,Unknown
rs2231137_abcg2 + sorafenib,Unknown
rs2231137_abcg2 + sorafenib tosylate,Unknown
rs2231137_abcg2 + tyrosine kinase inhibitor,Unknown
rs2231142_abcg2 + adjuvant chemotherapy,Unrelated
rs2231142_abcg2 + imatinib,Sensitive
rs2231142_abcg2 + imatinib mesylate,Sensitive
rs2231142_abcg2 + sorafenib,Unknown
rs2231142_abcg2 + sorafenib tosylate,Unknown
rs2231142_abcg2 + sunitinib,Sensitive
rs2231142_abcg2 + tyrosine kinase inhibitor,Unknown
rs2231142_aldh3a1 + tamoxifen,Unrelated
rs2233025_rev3 + chemotherapy,Sensitive
rs2233025_rev3 + cisplatin,Sensitive
rs2233335_ndrg1 + docetaxel,Sensitive
rs2233335_ndrg1 + paclitaxel,Sensitive
rs2233335_ndrg1 + ramucirumab,Unrelated
rs2234693_esr1 + adjuvant chemotherapy,Unrelated
rs2234693_esr1 + aromatase inhibitor,Unrelated
rs2234693_esr1 + chemotherapy,Unrelated
rs2234693_esr1 + letrozole,Unrelated
rs2234693_esr1 + radiation therapy,Unrelated
rs2236416_mmp9 + bevacizumab,Sensitive
rs2236416_mmp9 + chemotherapy,Unknown
rs2236722_cyp19a1 + hormone therapy,Unrelated
rs2236722_cyp19a1 + letrozole,Unrelated
rs2237432_inhba + regorafenib,Sensitive
rs2239815_xbp1 + bevacizumab,Sensitive
rs2239815_xbp1 + cetuximab,Unrelated
rs2239815_xbp1 + folfiri regimen,Unrelated
rs2239815_xbp1 + folfox-6 regimen,Sensitive
rs2241002_cd5 + therapeutic tumor infiltrating lymphocytes,Unrelated
rs2241716_tgf + radiation ionizing radiotherapy,Sensitive
rs2241716_tgf + radiation therapy,Sensitive
rs2242652_tert + hormone therapy,Unrelated
rs2257212_slc15a2 + sorafenib,Unknown
rs2257212_slc15a2 + sorafenib tosylate,Unknown
rs2257212_slc15a2 + tyrosine kinase inhibitor,Unknown
rs2267853_mst1 + chemotherapy,Unrelated
rs2268753_acvr2b + bevacizumab,Sensitive
rs2268753_acvr2b + cetuximab,Resistant
rs2273697_abcc2 + adjuvant chemotherapy,Unrelated
rs2273697_abcc2 + chemotherapy,Resistant
rs2273697_abcc2 + cisplatin,Unrelated
rs2273697_abcc2 + doxorubicin,Unrelated
rs2273697_abcc2 + methotrexate,Unrelated
rs2274472_jak2 + bevacizumab,Diagnostic
rs2274472_jak2 + cetuximab,Unrelated
rs2274472_jak2 + folfiri regimen,Unknown
rs2274755_mmp9 + bevacizumab,Sensitive
rs2274755_mmp9 + chemotherapy,Unknown
rs2279345_cyb2b6 + adjuvant chemotherapy,Sensitive
rs2279345_cyb2b6 + chemotherapy,Sensitive
rs2279345_cyb2b6 + cyclophosphamide,Sensitive
rs2279345_cyb2b6 + docetaxel,Sensitive
rs2279345_cyb2b6 + hormone therapy,Unrelated
rs2279345_cyb2b6 + trastuzumab,Unrelated
rs2279744_mdm2 + chemotherapy,Unknown
rs2279744_mdm2 + hormone therapy,Unknown
rs2279744_mdm2 + radiation therapy,Sensitive
rs2280059_hsph1 + gefitinib,Resistant
rs2280059_hsph1 + tyrosine kinase inhibitor,Resistant
rs2280789_ccl5 + bevacizumab,Unrelated
rs2280789_ccl5 + cetuximab,Diagnostic
rs2280789_ccl5 + folfiri regimen,Unrelated
rs228590_atm + chemotherapy,Unrelated
rs228590_atm + radiation ionizing radiotherapy,Unrelated
rs228590_atm + radiation therapy,Unrelated
rs2286455_cd133 + angiogenesis inhibitor,Unknown
rs2286455_cd133 + bevacizumab,Unknown
rs2286455_cd133 + capecitabine,Unknown
rs2286455_cd133 + chemotherapy,Unknown
rs2286455_cd133 + irinotecan,Unknown
rs2292832_mir149 + temozolomide,Sensitive
rs22928814_stk11 + hormone therapy,Unrelated
rs2293607_terc + bevacizumab,Sensitive
rs2293607_terc + cetuximab,Unknown
rs2293607_terc + folfiri regimen,Sensitive
rs2295079_mtor + paclitaxel,Resistant
rs2295080_mtor + paclitaxel,Resistant
rs2296972_htr2a + adjuvant chemotherapy,Unrelated
rs2296972_htr2a + aromatase inhibitor,Unrelated
rs2297595_dpyd + chemotherapy,Unknown
rs2297595_dpyd + fluorouracil,Unknown
rs2297595_dpyd + oxaliplatin,Unknown
rs2301113_hif + adjuvant chemotherapy,Sensitive
rs2303425_msh2 + chemotherapy,Sensitive
rs2303425_msh2 + cisplatin,Unknown
rs2303425_msh2 + irinotecan,Unknown
rs2303425_msh2 + paclitaxel,Unknown
rs2303426_msh2 + chemotherapy,Unknown
rs2303426_msh2 + cisplatin,Unknown
rs2303426_msh2 + irinotecan,Unknown
rs2303426_msh2 + paclitaxel,Unknown
rs2303428_hmsh2 + chemotherapy,Unrelated
rs2303428_hmsh2 + radiation ionizing radiotherapy,Unrelated
rs2303428_hmsh2 + radiation therapy,Unrelated
rs2303428_msh2 + chemotherapy,Unknown
rs2303428_msh2 + cisplatin,Unknown
rs2303428_msh2 + irinotecan,Unknown
rs2303428_msh2 + paclitaxel,Unknown
rs230493_nf + radiation ionizing radiotherapy,Sensitive
rs230493_nf + radiation therapy,Sensitive
rs230493_nfkb1 + radiation therapy,Unrelated
rs2305945_vegfr + bevacizumab,Resistant
rs2305948_kdr + adjuvant chemotherapy,Unrelated
rs2305948_kdr + chemotherapy,Unknown
rs2305948_kdr + cyclophosphamide,Unrelated
rs2305948_kdr + dacarbazine,Unrelated
rs2305948_kdr + etoposide,Unrelated
rs2305948_kdr + prednisone,Unrelated
rs2305948_kdr + tamoxifen,Sensitive
rs2305948_kdr + tyrosine kinase inhibitor,Unknown
rs2305948_vegfr + adjuvant chemotherapy,Unrelated
rs2305948_vegfr2 + regorafenib,Resistant
rs2306283_slco1b1 + sorafenib,Unknown
rs2306283_slco1b1 + sorafenib tosylate,Unknown
rs2306283_slco1b1 + tyrosine kinase inhibitor,Unknown
rs2308040_riz1 + adjuvant chemotherapy,Unrelated
rs2308040_riz1 + aromatase inhibitor,Unrelated
rs2308040_riz1 + exemestane,Unknown
rs2308040_riz1 + hormone therapy,Unrelated
rs2308040_riz1 + letrozole,Unrelated
rs2335052_gata2 + chemotherapy,Unrelated
rs2336030_rev3 + chemotherapy,Sensitive
rs2336030_rev3 + cisplatin,Sensitive
rs2347868_esr1 + adjuvant chemotherapy,Unrelated
rs2347868_esr1 + aromatase inhibitor,Unrelated
rs23623251_rad51 + hormone therapy,Unrelated
rs23642734_rad51 + hormone therapy,Unrelated
rs2369049_tcl1a + adjuvant chemotherapy,Unrelated
rs2369049_tcl1a + aromatase inhibitor,Unrelated
rs2371494_il23 + bevacizumab,Resistant
rs2371494_il23 + chemotherapy,Resistant
rs2371494_il23 + folfiri regimen,Resistant
rs240966_rev3 + chemotherapy,Sensitive
rs240966_rev3 + cisplatin,Sensitive
rs240969_rev3 + chemotherapy,Sensitive
rs240969_rev3 + cisplatin,Sensitive
rs243865_mmp2 + chemotherapy,Unknown
rs243865_mmp2 + cisplatin,Unknown
rs243865_mmp2 + radiation therapy,Resistant
rs2445365_angpt1 + bevacizumab,Sensitive
rs2445365_angpt1 + chemotherapy,Unknown
rs246221_mrp1 + chemotherapy,Sensitive
rs246221_mrp1 + cyclophosphamide,Unknown
rs246221_mrp1 + docetaxel,Unknown
rs246221_mrp1 + epirubicin,Unknown
rs246221_mrp1 + fluorouracil,Unknown
rs246395_pdgfr + axitinib,Unrelated
rs246395_pdgfr + pazopanib,Unrelated
rs246395_pdgfr + sorafenib,Unrelated
rs246395_pdgfr + sorafenib tosylate,Unrelated
rs246395_pdgfr + sunitinib,Unrelated
rs246395_pdgfrb + chemotherapy,Unknown
rs246395_pdgfrb + cisplatin,Unknown
rs246395_pdgfrb + radiation therapy,Resistant
rs2491231_flt3 + chemotherapy,Unknown
rs2491231_flt3 + radiation therapy,Unknown
rs2494752_akt1 + chemotherapy,Sensitive
rs2498801_akt1 + chemotherapy,Unrelated
rs2498801_akt1 + radiation therapy,Sensitive
rs2498804_akt1 + chemotherapy,Resistant
rs2498804_akt1 + radiation therapy,Resistant
rs2508740_emsy + chemotherapy,Resistant
rs2508740_emsy + cisplatin,Resistant
rs2508740_emsy + cyclophosphamide,Resistant
rs2508740_emsy + paclitaxel,Resistant
rs2513523_emsy + chemotherapy,Resistant
rs2513523_emsy + cisplatin,Resistant
rs2513523_emsy + cyclophosphamide,Resistant
rs2513523_emsy + paclitaxel,Resistant
rs251408_pi3kr1 + adjuvant chemotherapy,Unrelated
rs251408_pi3kr1 + chemotherapy,Unrelated
rs251408_pi3kr1 + hormone therapy,Unrelated
rs2519757_tsc1 + tamoxifen,Unrelated
rs2519757_tsc1 + trastuzumab,Unrelated
rs2541164_ppp2r4 + bevacizumab,Resistant
rs2541164_ppp2r4 + cetuximab,Unknown
rs2541164_ppp2r4 + chemotherapy,Unknown
rs25489_xrcc + carboplatin,Unrelated
rs25489_xrcc + carboplatin/paclitaxel regimen,Unrelated
rs25489_xrcc + chemotherapy,Unrelated
rs25489_xrcc + cisplatin,Unrelated
rs25489_xrcc + paclitaxel,Unrelated
rs25489_xrcc1 + radiation ionizing radiotherapy,Unrelated
rs25489_xrcc1 + radiation therapy,Unrelated
rs25648_vegf + bevacizumab,Unrelated
rs25648_vegf + braf inhibitor,Unrelated
rs25648_vegf + capecitabine,Unrelated
rs25648_vegf + chemotherapy,Unrelated
rs25648_vegf + mitomycin,Unrelated
rs25648_vegf + sorafenib,Unknown
rs25648_vegf + sorafenib tosylate,Unknown
rs25648_vegf + tyrosine kinase inhibitor,Unknown
rs25648_vegf + vemurafenib,Unrelated
rs2607755_xpc + chemotherapy,Unknown
rs2607755_xpc + cisplatin,Unknown
rs2607755_xpc + radiation ionizing radiotherapy,Unknown
rs2607755_xpc + radiation therapy,Unknown
rs2622604_abcg2 + sorafenib,Unknown
rs2622604_abcg2 + sorafenib tosylate,Unknown
rs2622604_abcg2 + tyrosine kinase inhibitor,Unknown
rs26279_msh3 + chemotherapy,Unrelated
rs26279_msh3 + cisplatin,Unrelated
rs26279_msh3 + docetaxel,Unrelated
rs26279_msh3 + radiation ionizing radiotherapy,Unrelated
rs26279_msh3 + radiation therapy,Unrelated
rs2661280_rgs5 + bevacizumab,Unknown
rs266435_mir4804 + hormone therapy,Resistant
rs267607072_smarcb1 + hormone therapy,Unrelated
rs267607072_smarcb1 + radiation ionizing radiotherapy,Unrelated
rs267607072_smarcb1 + radiation therapy,Unrelated
rs2677760_pik3ca + tamoxifen,Unrelated
rs2677760_pik3ca + trastuzumab,Unrelated
rs26865_mlst8 + sirolimus,Sensitive
rs2699887_pik3ca + chemotherapy,Unknown
rs2699887_pik3ca + fluorouracil,Unrelated
rs2699887_pik3ca + folfox regimen,Unrelated
rs2699887_pik3ca + immunomodulatory oligonucleotide,Unrelated
rs2699887_pik3ca + leucovorin,Unrelated
rs2699887_pik3ca + oxaliplatin,Unrelated
rs2729835_lactb + cisplatin,Sensitive
rs2736109_tert + chemotherapy,Sensitive
rs2736122_htert + chemotherapy,Unrelated
rs2740574_cyp3a4 + adjuvant chemotherapy,Unrelated
rs2740574_cyp3a4 + aromatase inhibitor,Unrelated
rs2740574_cyp3a4 + exemestane,Unknown
rs2740574_cyp3a4 + hormone therapy,Unrelated
rs2740574_cyp3a4 + letrozole,Unrelated
rs2740574_cyp3a4 + sorafenib,Unknown
rs2740574_cyp3a4 + sorafenib tosylate,Unknown
rs2740574_cyp3a4 + tyrosine kinase inhibitor,Unknown
rs2745557_ptgs2 + aspirin,Sensitive
rs28362491_nfb94 + dexamethasone,Resistant
rs2853676_tert + chemotherapy,Unknown
rs2853677_htert + chemotherapy,Unrelated
rs2886162_nrf2 + adjuvant chemotherapy,Unrelated
rs2886162_nrf2 + chemotherapy,Unrelated
rs2886162_nrf2 + gemcitabine,Unrelated
rs2886162_nrf2 + immunomodulatory oligonucleotide,Unknown
rs2886162_nrf2 + leucovorin,Unrelated
rs28934874_tp53 + chemotherapy,Resistant
rs2981460_fgfr2 + adjuvant chemotherapy,Unrelated
rs2981460_fgfr2 + hormone therapy,Unrelated
rs2981582_fgfr2 + adjuvant chemotherapy,Unrelated
rs2981582_fgfr2 + radiation ionizing radiotherapy,Unrelated
rs2981582_fgfr2 + radiation therapy,Unrelated
rs3003955_flt3 + cisplatin,Unknown
rs3007716_lefty2 + cetuximab,Resistant
rs3007716_lefty2 + chemotherapy,Unrelated
rs3007716_lefty2 + folfiri regimen,Unrelated
rs3020221_angpt2 + chemotherapy,Unrelated
rs3020221_angpt2 + radiation ionizing radiotherapy,Sensitive
rs3020221_angpt2 + radiation therapy,Sensitive
rs3025039_vegfa + bevacizumab,Diagnostic
rs307821_vegfr + adjuvant chemotherapy,Unrelated
rs307826_vegfr + adjuvant chemotherapy,Sensitive
rs308379_fgf2 + sorafenib,Unknown
rs308379_fgf2 + sorafenib tosylate,Unknown
rs308379_fgf2 + tyrosine kinase inhibitor,Unknown
rs308447_fgf2 + sorafenib,Unknown
rs308447_fgf2 + sorafenib tosylate,Unknown
rs308447_fgf2 + tyrosine kinase inhibitor,Unknown
rs3087978_snhg5 + sirolimus,Sensitive
rs3130_cd133 + angiogenesis inhibitor,Diagnostic
rs3130_cd133 + bevacizumab,Diagnostic
rs3130_cd133 + capecitabine,Unrelated
rs3130_cd133 + chemotherapy,Unrelated
rs3130_cd133 + irinotecan,Unrelated
rs3136038_ercc4 + chemotherapy,Unknown
rs3136038_ercc4 + cisplatin,Unknown
rs3136038_ercc4 + radiation ionizing radiotherapy,Unknown
rs3136038_ercc4 + radiation therapy,Unknown
rs3136130_ercc4 + chemotherapy,Unknown
rs3136130_ercc4 + cisplatin,Unknown
rs3136130_ercc4 + radiation ionizing radiotherapy,Unknown
rs3136130_ercc4 + radiation therapy,Unknown
rs3136228_msh6 + chemotherapy,Sensitive
rs3136228_msh6 + cisplatin,Unknown
rs3136228_msh6 + docetaxel,Sensitive
rs3136228_msh6 + radiation therapy,Diagnostic
rs3136797_polb + chemotherapy,Unknown
rs3136797_polb + cisplatin,Resistant
rs3160_mlst8 + sirolimus,Sensitive
rs3200401_malat1 + chemotherapy,Unrelated
rs3200401_malat1 + irinotecan,Diagnostic
rs3206652_cd47 + bevacizumab,Unrelated
rs3206652_cd47 + cetuximab,Sensitive
rs3206652_cd47 + folfiri regimen,Unknown
rs3211371_cyp2b6 + tamoxifen,Unrelated
rs3212227_il12b + immunotherapy,Unrelated
rs3212986_ercc1 + carboplatin,Resistant
rs3212986_ercc1 + carboplatin/paclitaxel regimen,Resistant
rs3212986_ercc1 + docetaxel,Unrelated
rs3212986_ercc1 + fluorouracil,Unrelated
rs3212986_ercc1 + hormone therapy,Unrelated
rs3212986_ercc1 + oxaliplatin,Unknown
rs3212986_ercc1 + paclitaxel,Unrelated
rs3212986_ercc1 + palbociclib,Sensitive
rs3212986_ercc1 + radiation ionizing radiotherapy,Unrelated
rs3212986_ercc1 + radiation therapy,Unrelated
rs3212986_ercc1 + ribociclib,Unknown
rs3218536_xrcc2 + cisplatin,Unrelated
rs3218536_xrcc2 + radiation ionizing radiotherapy,Unrelated
rs3218536_xrcc2 + radiation therapy,Unrelated
rs3218573_rev3 + chemotherapy,Sensitive
rs3218573_rev3 + cisplatin,Sensitive
rs32952_msh3 + chemotherapy,Sensitive
rs32952_msh3 + cisplatin,Sensitive
rs34197572_keap1 + chemotherapy,Unrelated
rs34197572_keap1 + radiation therapy,Resistant
rs34197572_keap1 + tamoxifen,Unrelated
rs34231037_kdr + pazopanib,Sensitive
rs34317102_lactb + cisplatin,Sensitive
rs34489327_dpyd + chemotherapy,Sensitive
rs34489327_dpyd + fluorouracil,Sensitive
rs34489327_dpyd + folfox regimen,Sensitive
rs34489327_dpyd + oxaliplatin,Unrelated
rs34743033_tyms + adjuvant chemotherapy,Diagnostic
rs34743033_tyms + chemotherapy,Unknown
rs34743033_tyms + radiation ionizing radiotherapy,Unrelated
rs34743033_tyms + radiation therapy,Unrelated
rs351855_fgfr4 + doxorubicin,Diagnostic
rs351855_fgfr4 + epirubicin,Unknown
rs351855_fgfr4 + everolimus,Sensitive
rs351855_fgfr4 + exemestane,Unrelated
rs351855_fgfr4 + fluorouracil,Unknown
rs351855_fgfr4 + hormone therapy,Unrelated
rs351855_fgfr4 + immunotherapy,Resistant
rs351855_fgfr4 + lenvatinib,Diagnostic
rs352140_tlr9 + bevacizumab,Unrelated
rs352140_tlr9 + chemotherapy,Unrelated
rs352140_tlr9 + folfiri regimen,Unrelated
rs35271455_cd166 + therapeutic tumor infiltrating lymphocytes,Unrelated
rs35363135_rps6kb2 + sirolimus,Sensitive
rs35467079_abcc3 + chemotherapy,Sensitive
rs35467079_abcc3 + immunotherapy,Sensitive
rs35467079_abcc3 + temozolomide,Sensitive
rs35569394_vegf + chemotherapy,Sensitive
rs35597368_pdgfr + adjuvant chemotherapy,Sensitive
rs35597368_pdgfra + sunitinib,Sensitive
rs35599367_cyp3a4 + aromatase inhibitor,Unrelated
rs35599367_cyp3a4 + chemotherapy,Unrelated
rs35599367_cyp3a4 + everolimus,Sensitive
rs35599367_cyp3a4 + exemestane,Unrelated
rs35599367_cyp3a4 + hormone therapy,Unrelated
rs35652124_keap1 + trichostatin a,Unknown
rs35770269_mir449c + hormone therapy,Resistant
rs35834266_mir3161 + hormone therapy,Resistant
rs36053993_mutyh + ivosidenib,Unrelated
rs36053993_mutyh + olaparib,Unrelated
rs36053993_mutyh + pembrolizumab,Unrelated
rs36084323_pdcd + immunotherapy,Diagnostic
rs363169_nae1 + bevacizumab,Unrelated
rs363169_nae1 + cetuximab,Unknown
rs363169_nae1 + folfiri regimen,Unrelated
rs363170_nae1 + bevacizumab,Unrelated
rs363170_nae1 + cetuximab,Unknown
rs363170_nae1 + folfiri regimen,Unrelated
rs363172_nae1 + bevacizumab,Unrelated
rs363172_nae1 + cetuximab,Unknown
rs363172_nae1 + folfiri regimen,Unrelated
rs363717_abca1 + carboplatin,Sensitive
rs363717_abca1 + carboplatin/paclitaxel regimen,Sensitive
rs363717_abca1 + chemotherapy,Sensitive
rs363717_abca1 + cisplatin,Unknown
rs363717_abca1 + paclitaxel,Sensitive
rs369703243_xrcc3 + radiation ionizing radiotherapy,Unknown
rs369703243_xrcc3 + radiation therapy,Unknown
rs372883_bach1 + gemcitabine,Resistant
rs3730050_akt2 + adjuvant chemotherapy,Unrelated
rs3730050_akt2 + chemotherapy,Unrelated
rs3730050_akt2 + hormone therapy,Unrelated
rs3732183_msh2 + adjuvant chemotherapy,Sensitive
rs3735343_etv1 + imatinib,Diagnostic
rs3735422_ppp1r17 + chemotherapy,Resistant
rs3735422_ppp1r17 + everolimus,Resistant
rs3735422_ppp1r17 + irinotecan,Resistant
rs3735422_ppp1r17 + panitumumab,Resistant
rs373759_atm + radiation ionizing radiotherapy,Sensitive
rs373759_atm + radiation therapy,Sensitive
rs3739391_angpt2 + chemotherapy,Unrelated
rs3739391_angpt2 + radiation ionizing radiotherapy,Sensitive
rs3739391_angpt2 + radiation therapy,Sensitive
rs3740066_abcc2 + sorafenib,Unknown
rs3740066_abcc2 + sorafenib tosylate,Unknown
rs3740066_abcc2 + tyrosine kinase inhibitor,Unknown
rs3751397_flt1 + imatinib,Unknown
rs3751591_cyp19a1 + ibuprofen,Unrelated
rs3757_dgcr8 + radiation ionizing radiotherapy,Unknown
rs3757_dgcr8 + radiation therapy,Unknown
rs376491654_mir + cisplatin,Unknown
rs3766920_shc1 + imatinib,Diagnostic
rs3779941_ndrg1 + chemotherapy,Unrelated
rs3779941_ndrg1 + radiation therapy,Unrelated
rs3802251_ndrg1 + chemotherapy,Unrelated
rs3802251_ndrg1 + radiation therapy,Unrelated
rs3802278_sulf1 + exemestane,Diagnostic
rs3802278_sulf1 + hormone therapy,Diagnostic
rs3802278_sulf1 + sirolimus,Unrelated
rs3802278_sulf1 + tamoxifen,Diagnostic
rs3803304_akt1 + adjuvant chemotherapy,Unrelated
rs3803304_akt1 + cetuximab,Sensitive
rs3803304_akt1 + chemotherapy,Unrelated
rs3803304_akt1 + docetaxel,Sensitive
rs3803304_akt1 + hormone therapy,Unrelated
rs3803662_tnrc9 + hormone therapy,Unrelated
rs3803662_tnrc9 + radiation ionizing radiotherapy,Unrelated
rs3803662_tnrc9 + radiation therapy,Unrelated
rs3803662_tox3 + adjuvant chemotherapy,Unrelated
rs3803662_tox3 + chemotherapy,Unrelated
rs3803662_tox3 + hormone therapy,Sensitive
rs3803662_tox3 + radiation ionizing radiotherapy,Unrelated
rs3803662_tox3 + radiation therapy,Unrelated
rs3806317_mtor + sirolimus,Sensitive
rs3808599_ndrg1 + chemotherapy,Unrelated
rs3808599_ndrg1 + radiation therapy,Unrelated
rs3812863_cdx2 + adjuvant chemotherapy,Unknown
rs3812863_cdx2 + bevacizumab,Unrelated
rs3812863_cdx2 + folfiri regimen,Unrelated
rs3812863_cdx2 + folfox regimen,Sensitive
rs3812863_cdx2 + oxaliplatin,Sensitive
rs3812908_scaper + radiation therapy,Resistant
rs3814177_tet1 + bevacizumab,Resistant
rs3814177_tet1 + cetuximab,Unrelated
rs3814177_tet1 + folfiri regimen,Resistant
rs3814711_emsy + chemotherapy,Resistant
rs3814711_emsy + cisplatin,Resistant
rs3814711_emsy + cyclophosphamide,Resistant
rs3814711_emsy + paclitaxel,Resistant
rs3817198_lsp1 + adjuvant chemotherapy,Sensitive
rs3817198_lsp1 + chemotherapy,Sensitive
rs3817198_lsp1 + cisplatin,Sensitive
rs3817198_lsp1 + doxorubicin,Sensitive
rs3817198_lsp1 + fluorouracil,Sensitive
rs3817198_lsp1 + radiation ionizing radiotherapy,Unrelated
rs3817198_lsp1 + radiation therapy,Unrelated
rs3820282_wnt4 + chemotherapy,Resistant
rs3820282_wnt4 + cisplatin,Resistant
rs3821985_tlr6 + bevacizumab,Sensitive
rs3821985_tlr6 + cetuximab,Unrelated
rs3821985_tlr6 + chemotherapy,Unknown
rs3821985_tlr6 + folfiri regimen,Unknown
rs3822625_map3k1 + adjuvant chemotherapy,Unrelated
rs3822625_map3k1 + hormone therapy,Unrelated
rs3830355_pdgfra + avapritinib,Unrelated
rs3830355_pdgfra + imatinib,Unrelated
rs3856806_pparg + bevacizumab,Unrelated
rs3856806_pparg + cetuximab,Sensitive
rs3856806_pparg + folfiri regimen,Unrelated
rs3864017_fancd2 + chemotherapy,Unrelated
rs3869550_stat3 + chemotherapy,Unknown
rs387906811_smarcb1 + hormone therapy,Unrelated
rs387906811_smarcb1 + radiation ionizing radiotherapy,Unrelated
rs387906811_smarcb1 + radiation therapy,Unrelated
rs387906812_smarcb1 + hormone therapy,Unrelated
rs387906812_smarcb1 + radiation ionizing radiotherapy,Unrelated
rs387906812_smarcb1 + radiation therapy,Unrelated
rs3892097_cyp2d6 + adjuvant chemotherapy,Sensitive
rs3892097_cyp2d6 + chemotherapy,Sensitive
rs3892097_cyp2d6 + cyclophosphamide,Sensitive
rs3892097_cyp2d6 + docetaxel,Sensitive
rs3892097_cyp2d6 + hormone therapy,Unrelated
rs3892097_cyp2d6 + trastuzumab,Unrelated
rs3918290_dpyd + fluorouracil,Unknown
rs3918290_dpyd + folfiri regimen,Diagnostic
rs3918290_dpyd + irinotecan,Diagnostic
rs3918290_dpyd + oxaliplatin,Unknown
rs396991_fcgr3a + cetuximab,Unrelated
rs401681_clptm1l + bevacizumab,Sensitive
rs401681_clptm1l + cetuximab,Resistant
rs401681_clptm1l + cisplatin,Sensitive
rs401681_clptm1l + folfiri regimen,Sensitive
rs4073_il8 + angiogenesis inhibitor,Resistant
rs4073_il8 + bevacizumab,Resistant
rs4073_il8 + cetuximab,Unknown
rs4073_il8 + chemotherapy,Unknown
rs4073_il8 + dabrafenib,Unknown
rs4073_il8 + dacarbazine,Unknown
rs4073_il8 + pazopanib,Resistant
rs4140979_fshr + hormone therapy,Unrelated
rs4148323_ugt1a1 + tamoxifen,Unrelated
rs4148350_mrp1 + chemotherapy,Sensitive
rs4148350_mrp1 + cyclophosphamide,Unknown
rs4148350_mrp1 + docetaxel,Unknown
rs4148350_mrp1 + epirubicin,Unknown
rs4148350_mrp1 + fluorouracil,Unknown
rs4148551_abcc4 + imatinib,Diagnostic
rs4149056_slco1b1 + hormone therapy,Unrelated
rs4149056_slco1b1 + sorafenib,Unknown
rs4149056_slco1b1 + sorafenib tosylate,Unknown
rs4149056_slco1b1 + tyrosine kinase inhibitor,Unknown
rs4149963_exo1 + radiation therapy,Diagnostic
rs4244285_cyp2c19 + adjuvant chemotherapy,Unrelated
rs4244285_cyp2c19 + chemotherapy,Unrelated
rs4244285_cyp2c19 + exemestane,Unrelated
rs4244285_cyp2c19 + radiation therapy,Unrelated
rs4244285_cyp2c19 + tamoxifen,Unrelated
rs4245443_emsy + chemotherapy,Resistant
rs4245443_emsy + cisplatin,Resistant
rs4245443_emsy + cyclophosphamide,Resistant
rs4245443_emsy + paclitaxel,Resistant
rs4245739_mdm4 + hormone therapy,Sensitive
rs4245739_mdm4 + radiation therapy,Sensitive
rs4300410_emsy + chemotherapy,Resistant
rs4300410_emsy + cisplatin,Resistant
rs4300410_emsy + cyclophosphamide,Resistant
rs4300410_emsy + paclitaxel,Resistant
rs4444903_egf + radiation ionizing radiotherapy,Unrelated
rs4444903_egf + radiation therapy,Unrelated
rs444903_egf + bevacizumab,Unknown
rs4485435_fasn + bevacizumab,Resistant
rs4485435_fasn + cetuximab,Unrelated
rs4485435_fasn + folfiri regimen,Unrelated
rs45545343_sirpb1 + azacitidine,Sensitive
rs45545343_sirpb1 + chemotherapy,Unrelated
rs456865_rev7 + chemotherapy,Sensitive
rs456865_rev7 + cisplatin,Sensitive
rs4604006_vegf + sorafenib,Unknown
rs4604006_vegf + sorafenib tosylate,Unknown
rs4604006_vegf + tyrosine kinase inhibitor,Unknown
rs4615861_snhg3 + sirolimus,Unknown
rs462779_rev3l + chemotherapy,Sensitive
rs462779_rev3l + cisplatin,Sensitive
rs4646903_cyp1a1 + cisplatin,Unrelated
rs4646994_ace + bevacizumab,Sensitive
rs4646_cyp19a1 + adjuvant chemotherapy,Unrelated
rs4646_cyp19a1 + aromatase inhibitor,Unrelated
rs4646_cyp19a1 + chemotherapy,Unrelated
rs4646_cyp19a1 + hormone therapy,Unrelated
rs4646_cyp19a1 + letrozole,Unrelated
rs4646_cyp19a1 + tamoxifen,Unrelated
rs465646_rev3 + chemotherapy,Sensitive
rs465646_rev3 + cisplatin,Sensitive
rs4680_comt + adjuvant chemotherapy,Unrelated
rs4680_comt + aromatase inhibitor,Unrelated
rs4680_comt + exemestane,Unknown
rs4680_comt + hormone therapy,Unrelated
rs4680_comt + letrozole,Unrelated
rs4703533_atg10 + radiation therapy,Unrelated
rs4730153_visfatin + niacinamide,Unrelated
rs4737264_xkr4 + docetaxel,Sensitive
rs4737264_xkr4 + paclitaxel,Sensitive
rs4737264_xkr4 + ramucirumab,Unrelated
rs4759314_hotair + chemotherapy,Unrelated
rs4759314_hotair + irinotecan,Unrelated
rs478472_nav1 + docetaxel,Sensitive
rs478472_nav1 + paclitaxel,Unknown
rs478472_nav1 + ramucirumab,Unrelated
rs4793665_abcc3 + adjuvant chemotherapy,Unrelated
rs4793665_abcc3 + chemotherapy,Unrelated
rs4793665_abcc3 + cisplatin,Unrelated
rs4793665_abcc3 + doxorubicin,Unrelated
rs4793665_abcc3 + methotrexate,Resistant
rs4796120_ccl5 + imatinib,Diagnostic
rs4796793_stat3 + adjuvant chemotherapy,Unrelated
rs4796793_stat3 + bevacizumab,Unknown
rs4796793_stat3 + cetuximab,Unrelated
rs4796793_stat3 + folfiri regimen,Unknown
rs4796793_stat3 + sorafenib,Unrelated
rs4796793_stat3 + sorafenib tosylate,Unrelated
rs4802101_cyp2b6 + tamoxifen,Unrelated
rs4808272_brd4 + bevacizumab,Resistant
rs4808272_brd4 + cetuximab,Unknown
rs4808272_brd4 + folfiri regimen,Unknown
rs4810446_mst1 + chemotherapy,Unrelated
rs4837960_ptgs1 + aspirin,Sensitive
rs4864950_kdr + sorafenib,Unknown
rs4864950_kdr + sorafenib tosylate,Unknown
rs4864950_kdr + tyrosine kinase inhibitor,Unknown
rs4917623_cyp2c19 + hormone therapy,Unrelated
rs4919510_mir + chemotherapy,Unrelated
rs4919510_mir + cisplatin,Unrelated
rs4919510_mir + epirubicin,Unrelated
rs4919510_mir + fluorouracil,Unrelated
rs4939378_ms4a12 + adjuvant chemotherapy,Unknown
rs4939378_ms4a12 + bevacizumab,Unrelated
rs4939378_ms4a12 + folfiri regimen,Unrelated
rs4939378_ms4a12 + folfox regimen,Sensitive
rs4939378_ms4a12 + oxaliplatin,Sensitive
rs4945880_rev3 + chemotherapy,Sensitive
rs4945880_rev3 + cisplatin,Sensitive
rs4952887_hmsh2 + chemotherapy,Unrelated
rs4952887_hmsh2 + radiation ionizing radiotherapy,Unrelated
rs4952887_hmsh2 + radiation therapy,Unrelated
rs4973768_slc4a7 + adjuvant chemotherapy,Unrelated
rs4973768_slc4a7 + hormone therapy,Unrelated
rs4975605_tert + chemotherapy,Resistant
rs4975605_tert + cisplatin,Resistant
rs4975616_tert + cisplatin,Unknown
rs4986791_tlr4 + bevacizumab,Unknown
rs4986791_tlr4 + cetuximab,Resistant
rs4986791_tlr4 + folfiri regimen,Unrelated
rs4986910_cyp3a4 + carboplatin,Sensitive
rs4986910_cyp3a4 + carboplatin/paclitaxel regimen,Sensitive
rs4986910_cyp3a4 + chemotherapy,Sensitive
rs4986910_cyp3a4 + cisplatin,Unknown
rs4986910_cyp3a4 + paclitaxel,Sensitive
rs4986938_esr2 + adjuvant chemotherapy,Unrelated
rs4986938_esr2 + aromatase inhibitor,Unrelated
rs4986938_esr2 + exemestane,Unknown
rs4986938_esr2 + letrozole,Unrelated
rs4987188_msh2 + chemotherapy,Unknown
rs4987188_msh2 + cisplatin,Unknown
rs4987188_msh2 + irinotecan,Unknown
rs4987188_msh2 + paclitaxel,Unknown
rs4994_adrb3 + bevacizumab,Unrelated
rs5030743_rrm2 + cytarabine,Sensitive
rs5030743_rrm2 + gemcitabine,Sensitive
rs50871_ercc2 + chemotherapy,Unknown
rs50871_ercc2 + cisplatin,Unknown
rs50871_ercc2 + radiation ionizing radiotherapy,Unknown
rs50871_ercc2 + radiation therapy,Unknown
rs5186_agtr1 + bevacizumab,Sensitive
rs5277_cox2 + chemotherapy,Sensitive
rs543072564_xrcc3 + radiation ionizing radiotherapy,Unknown
rs543072564_xrcc3 + radiation therapy,Unknown
rs5443_gnb3 + bevacizumab,Unrelated
rs5498_icam + bevacizumab,Unknown
rs5498_icam + chemotherapy,Unknown
rs5522_nr3c2 + enzalutamide,Sensitive
rs5522_nr3c2 + therapeutic glucocorticoid,Unrelated
rs55712339_pdgfrb + imatinib,Diagnostic
rs55856815_fancd2 + chemotherapy,Unrelated
rs55886062_dpyd + adjuvant chemotherapy,Unrelated
rs55886062_dpyd + alpelisib,Unrelated
rs55886062_dpyd + folfiri regimen,Diagnostic
rs55886062_dpyd + irinotecan,Diagnostic
rs55886062_dpyd + oxaliplatin,Unknown
rs56149945_nr3c1 + enzalutamide,Unknown
rs56149945_nr3c1 + therapeutic glucocorticoid,Unrelated
rs5742933_pms1 + radiation ionizing radiotherapy,Unrelated
rs5742933_pms1 + radiation therapy,Unrelated
rs5743810_tlr6 + bevacizumab,Unknown
rs5743810_tlr6 + cetuximab,Unrelated
rs5743810_tlr6 + chemotherapy,Unknown
rs5743810_tlr6 + folfiri regimen,Unknown
rs5743836_tlr9 + bevacizumab,Resistant
rs5743836_tlr9 + chemotherapy,Resistant
rs5743836_tlr9 + folfiri regimen,Resistant
rs5745325_msh4 + radiation ionizing radiotherapy,Unrelated
rs5745325_msh4 + radiation therapy,Unrelated
rs5754216_ube2l3 + bevacizumab,Unrelated
rs5754216_ube2l3 + cetuximab,Unknown
rs5754216_ube2l3 + folfiri regimen,Unrelated
rs579565_cd166 + therapeutic tumor infiltrating lymphocytes,Sensitive
rs58225473_cacnb2 + chemotherapy,Sensitive
rs58225473_cacnb2 + radiation ionizing radiotherapy,Sensitive
rs58225473_cacnb2 + radiation therapy,Sensitive
rs58722976_pot1 + radiation ionizing radiotherapy,Unrelated
rs58722976_pot1 + radiation therapy,Unrelated
rs5955820_sh3kbp1 + bevacizumab,Unrelated
rs5955820_sh3kbp1 + cetuximab,Unknown
rs5955820_sh3kbp1 + folfiri regimen,Unrelated
rs5999521_erk2 + radiation therapy,Unrelated
rs60271534_cyp19a1 + adjuvant chemotherapy,Unrelated
rs60271534_cyp19a1 + aromatase inhibitor,Unrelated
rs60271534_cyp19a1 + exemestane,Unknown
rs60271534_cyp19a1 + hormone therapy,Unrelated
rs60271534_cyp19a1 + letrozole,Unrelated
rs604737_sgip1 + bevacizumab,Unrelated
rs604737_sgip1 + cetuximab,Unknown
rs604737_sgip1 + folfiri regimen,Unrelated
rs6053666_srxn1 + adjuvant chemotherapy,Unrelated
rs6053666_srxn1 + chemotherapy,Unrelated
rs6053666_srxn1 + gemcitabine,Unrelated
rs6053666_srxn1 + immunomodulatory oligonucleotide,Unknown
rs6053666_srxn1 + leucovorin,Unrelated
rs6073627_mst1 + chemotherapy,Unrelated
rs609429_atm + adjuvant chemotherapy,Unrelated
rs609429_atm + regorafenib,Unrelated
rs610308_gadd34 + bevacizumab,Sensitive
rs610308_gadd34 + cetuximab,Unrelated
rs610308_gadd34 + folfiri regimen,Unrelated
rs610308_gadd34 + folfox-6 regimen,Sensitive
rs61330082_nampt + adjuvant chemotherapy,Unknown
rs61330082_nampt + bevacizumab,Resistant
rs61330082_nampt + chemotherapy,Unknown
rs61330082_nampt + folfiri regimen,Resistant
rs61330082_visfatin + niacinamide,Unrelated
rs6136_selp + chemotherapy,Unrelated
rs6151627_msh3 + chemotherapy,Sensitive
rs6151627_msh3 + cisplatin,Sensitive
rs6151670_msh3 + chemotherapy,Sensitive
rs6151670_msh3 + cisplatin,Sensitive
rs61722009_nos3 + sorafenib,Unknown
rs61722009_nos3 + sorafenib tosylate,Unknown
rs61722009_nos3 + tyrosine kinase inhibitor,Unknown
rs61759375_pgf + sirolimus,Sensitive
rs61764370_kras + anti-egfr monoclonal antibody,Sensitive
rs61764370_kras + chemotherapy,Unrelated
rs61764370_kras + cisplatin,Unknown
rs61764370_kras + dabrafenib,Unknown
rs61764370_kras + dacarbazine,Resistant
rs61764370_kras + epirubicin,Unrelated
rs61764370_kras + fluorouracil,Unrelated
rs61764370_kras + panitumumab,Sensitive
rs61764370_kras + pazopanib,Unknown
rs61764370_kras + radiation therapy,Unrelated
rs620815_atm + radiation ionizing radiotherapy,Sensitive
rs620815_atm + radiation therapy,Sensitive
rs6220_ang + bevacizumab,Unknown
rs62626347_erbb4 + adjuvant chemotherapy,Unrelated
rs62626348_erbb4 + adjuvant chemotherapy,Unrelated
rs6265_bdnf + chemotherapy,Unrelated
rs63749993_msh2 + chemotherapy,Resistant
rs63749993_msh2 + cisplatin,Unknown
rs63749993_msh2 + irinotecan,Resistant
rs63749993_msh2 + paclitaxel,Unknown
rs639225_tek + chemotherapy,Unrelated
rs639225_tek + radiation ionizing radiotherapy,Sensitive
rs639225_tek + radiation therapy,Sensitive
rs6413432_cyp2e1 + cisplatin,Resistant
rs6437585_cd166 + therapeutic tumor infiltrating lymphocytes,Unrelated
rs6499255_nqo1 + adjuvant chemotherapy,Resistant
rs6499255_nqo1 + chemotherapy,Resistant
rs6503691_stat5b + chemotherapy,Sensitive
rs6504950_cox11 + adjuvant chemotherapy,Unrelated
rs6544991_msh2 + chemotherapy,Sensitive
rs6544991_msh2 + cisplatin,Sensitive
rs6570808_sgip1 + bevacizumab,Unrelated
rs6570808_sgip1 + cetuximab,Unknown
rs6570808_sgip1 + folfiri regimen,Unrelated
rs664143_atm + radiation ionizing radiotherapy,Unknown
rs664143_atm + radiation therapy,Unknown
rs664393_vegf + sorafenib,Unknown
rs664393_vegf + sorafenib tosylate,Unknown
rs664393_vegf + tyrosine kinase inhibitor,Unknown
rs664677_atm + adjuvant chemotherapy,Unrelated
rs664677_atm + radiation ionizing radiotherapy,Unknown
rs664677_atm + radiation therapy,Unknown
rs66916453_rictor + exemestane,Unrelated
rs66916453_rictor + hormone therapy,Unrelated
rs66916453_rictor + sirolimus,Unrelated
rs66916453_rictor + tamoxifen,Unrelated
rs6714486_ugt1a9 + sorafenib,Unknown
rs6714486_ugt1a9 + sorafenib tosylate,Unknown
rs6714486_ugt1a9 + tyrosine kinase inhibitor,Unknown
rs671_aldh2 + atezolizumab,Resistant
rs671_aldh2 + immune checkpoint inhibitor,Resistant
rs671_aldh2 + nivolumab,Resistant
rs671_aldh2 + pembrolizumab,Resistant
rs6721961_keap1 + trichostatin a,Unknown
rs6721961_nrf2 + chemotherapy,Unrelated
rs6721961_nrf2 + cisplatin,Unrelated
rs6721961_nrf2 + gemcitabine,Unrelated
rs6731022_perk + bevacizumab,Sensitive
rs6731022_perk + cetuximab,Unrelated
rs6731022_perk + folfiri regimen,Unrelated
rs6731022_perk + folfox-6 regimen,Sensitive
rs67376798_dpyd + fluorouracil,Unknown
rs67376798_dpyd + folfiri regimen,Diagnostic
rs67376798_dpyd + irinotecan,Diagnostic
rs67376798_dpyd + oxaliplatin,Unknown
rs683369_slc22a1 + adjuvant chemotherapy,Unrelated
rs683369_slc22a1 + imatinib,Sensitive
rs683369_slc22a1 + imatinib mesylate,Sensitive
rs6877011_vegfr + cisplatin,Unknown
rs6905370_esr1 + hormone therapy,Unrelated
rs6928_erk2 + radiation therapy,Unrelated
rs6958683_ezh2 + gemcitabine,Unrelated
rs6979_acd + bevacizumab,Sensitive
rs6979_acd + cetuximab,Unknown
rs6979_acd + folfiri regimen,Sensitive
rs6983267_ccat2 + aspirin,Unrelated
rs69947_vegfa + radiation ionizing radiotherapy,Sensitive
rs69947_vegfa + radiation therapy,Sensitive
rs699947_vegf + adjuvant chemotherapy,Unrelated
rs699947_vegf + braf inhibitor,Unrelated
rs699947_vegf + capecitabine,Unrelated
rs699947_vegf + mitomycin,Unrelated
rs699947_vegf + pazopanib,Sensitive
rs699947_vegf + radiation ionizing radiotherapy,Sensitive
rs699947_vegf + radiation therapy,Sensitive
rs699947_vegf + sorafenib,Unknown
rs699947_vegf + sorafenib tosylate,Unknown
rs699947_vegf + sunitinib,Sensitive
rs699947_vegf + tyrosine kinase inhibitor,Unknown
rs699947_vegf + vemurafenib,Unrelated
rs699947_vegfa + cyclophosphamide,Unrelated
rs699947_vegfa + dacarbazine,Unrelated
rs699947_vegfa + etoposide,Unrelated
rs699947_vegfa + prednisone,Unrelated
rs699947_vegfa + regorafenib,Resistant
rs699_agt + bevacizumab,Resistant
rs700519_cyp19a1 + adjuvant chemotherapy,Unrelated
rs700519_cyp19a1 + aromatase inhibitor,Unrelated
rs700519_cyp19a1 + exemestane,Unknown
rs700519_cyp19a1 + hormone therapy,Unrelated
rs700519_cyp19a1 + letrozole,Unrelated
rs701848_pten + cisplatin,Unknown
rs701848_pten + fluorouracil,Unknown
rs701848_pten + folfox regimen,Sensitive
rs701848_pten + immunomodulatory oligonucleotide,Unrelated
rs701848_pten + leucovorin,Unknown
rs701848_pten + oxaliplatin,Unknown
rs702689_map3k1 + adjuvant chemotherapy,Unrelated
rs702689_map3k1 + hormone therapy,Diagnostic
rs7051590_sh3kbp1 + bevacizumab,Unrelated
rs7051590_sh3kbp1 + cetuximab,Unknown
rs7051590_sh3kbp1 + folfiri regimen,Unrelated
rs706716_pi3kr1 + adjuvant chemotherapy,Unrelated
rs706716_pi3kr1 + chemotherapy,Unrelated
rs706716_pi3kr1 + hormone therapy,Unrelated
rs707939_msh5 + chemotherapy,Resistant
rs707939_msh5 + cisplatin,Resistant
rs7084454_mllt10 + hormone therapy,Sensitive
rs7090328_alox5 + aspirin,Sensitive
rs7121_gnas + chemotherapy,Sensitive
rs7121_gnas + cisplatin,Unknown
rs7121_gnas + gemcitabine,Sensitive
rs7158782_tcl1a + adjuvant chemotherapy,Unrelated
rs7158782_tcl1a + aromatase inhibitor,Unrelated
rs7159713_tcl1a + adjuvant chemotherapy,Unrelated
rs7159713_tcl1a + aromatase inhibitor,Unrelated
rs7161377_batf + bevacizumab,Sensitive
rs7161377_batf + cetuximab,Unknown
rs7161377_batf + folfiri regimen,Unknown
rs720014_dgcr8 + radiation ionizing radiotherapy,Sensitive
rs720014_dgcr8 + radiation therapy,Sensitive
rs7201_mmp2 + chemotherapy,Unknown
rs7201_mmp2 + cisplatin,Unknown
rs7201_mmp2 + radiation therapy,Unknown
rs7211777_stat3 + chemotherapy,Unknown
rs7212142_raptor + sirolimus,Unknown
rs72551330_ugt1a9 + sorafenib,Unknown
rs72551330_ugt1a9 + sorafenib tosylate,Unknown
rs72551330_ugt1a9 + tyrosine kinase inhibitor,Unknown
rs7308_eps15 + bevacizumab,Unrelated
rs7308_eps15 + cetuximab,Unknown
rs7308_eps15 + folfiri regimen,Unrelated
rs7311975_mir1178 + hormone therapy,Resistant
rs7317471_lats2 + chemotherapy,Resistant
rs735482_ercc1 + radiation therapy,Sensitive
rs743572_cyp17a1 + adjuvant chemotherapy,Unrelated
rs743572_cyp17a1 + aromatase inhibitor,Unrelated
rs743572_cyp17a1 + exemestane,Unknown
rs743572_cyp17a1 + hormone therapy,Unrelated
rs743572_cyp17a1 + letrozole,Unrelated
rs744166_stat3 + bevacizumab,Unknown
rs744166_stat3 + cetuximab,Unrelated
rs744166_stat3 + chemotherapy,Unknown
rs744166_stat3 + folfiri regimen,Unknown
rs746152510_muc16 + tyrosine kinase inhibitor,Unrelated
rs7486100_tbk1 + angiogenesis inhibitor,Resistant
rs7486100_tbk1 + bevacizumab,Resistant
rs7486100_tbk1 + chemotherapy,Unknown
rs749292_cyp19a1 + ibuprofen,Unrelated
rs7501477_timp2 + chemotherapy,Unknown
rs7501477_timp2 + cisplatin,Unknown
rs7501477_timp2 + radiation therapy,Unknown
rs7526812_sgip1 + bevacizumab,Unrelated
rs7526812_sgip1 + cetuximab,Unknown
rs7526812_sgip1 + folfiri regimen,Unrelated
rs754254000_muc16 + tyrosine kinase inhibitor,Unrelated
rs754856910_muc16 + tyrosine kinase inhibitor,Unrelated
rs755634302_mir + cisplatin,Unknown
rs7623023_slc25a20 + aspirin,Unrelated
rs7630434_taz + chemotherapy,Unrelated
rs7637888_fancd2 + docetaxel,Sensitive
rs7637888_fancd2 + paclitaxel,Sensitive
rs7637888_fancd2 + ramucirumab,Unrelated
rs765080766_chek2 + adjuvant chemotherapy,Unknown
rs765080766_chek2 + hormone therapy,Unknown
rs765080766_chek2 + radiation therapy,Unknown
rs769217_cat + chemotherapy,Sensitive
rs769217_cat + cisplatin,Sensitive
rs7709909_msh3 + chemotherapy,Sensitive
rs7709909_msh3 + cisplatin,Sensitive
rs7716492_cxcl14 + imatinib,Diagnostic
rs773123_erbb3 + adjuvant chemotherapy,Resistant
rs773123_erbb3 + carboplatin,Unrelated
rs773123_erbb3 + cisplatin,Unrelated
rs773123_erbb3 + docetaxel,Unrelated
rs773123_erbb3 + trastuzumab,Unrelated
rs7732671_ppargc1b + adjuvant chemotherapy,Unrelated
rs7732671_ppargc1b + tamoxifen,Diagnostic
rs7737692_lpcat1 + aspirin,Unrelated
rs7761731_cyp39a1 + chemotherapy,Diagnostic
rs7761731_cyp39a1 + cisplatin,Unknown
rs7761731_cyp39a1 + docetaxel,Diagnostic
rs7761731_cyp39a1 + fluorouracil,Unknown
rs7761731_cyp39a1 + radiation therapy,Unrelated
rs776746_cyp3a5 + aromatase inhibitor,Unrelated
rs776746_cyp3a5 + chemotherapy,Sensitive
rs776746_cyp3a5 + cyclophosphamide,Unrelated
rs776746_cyp3a5 + docetaxel,Sensitive
rs776746_cyp3a5 + exemestane,Unknown
rs776746_cyp3a5 + gefitinib,Sensitive
rs776746_cyp3a5 + hormone therapy,Unrelated
rs776746_cyp3a5 + letrozole,Unrelated
rs776746_cyp3a5 + paclitaxel,Unknown
rs776746_cyp3a5 + ramucirumab,Unrelated
rs776746_cyp3a5 + sorafenib,Unknown
rs776746_cyp3a5 + sorafenib tosylate,Unknown
rs776746_cyp3a5 + sunitinib,Sensitive
rs776746_cyp3a5 + tyrosine kinase inhibitor,Unknown
rs779805_vhl + aspirin,Diagnostic
rs78245253_gata2 + chemotherapy,Unrelated
rs78378222_tp53 + hormone therapy,Unrelated
rs78564187_mapk3 + sirolimus,Sensitive
rs786204926_pten + chemotherapy,Sensitive
rs7905939_cyp26a1 + sorafenib,Unknown
rs7905939_cyp26a1 + sorafenib tosylate,Unknown
rs7905939_cyp26a1 + tyrosine kinase inhibitor,Unknown
rs7907606_obfc1 + hormone therapy,Unrelated
rs79083467_clspn + chemotherapy,Sensitive
rs79083467_clspn + cisplatin,Sensitive
rs7910927_jmjd1c + hormone therapy,Unrelated
rs7993418_vegfr1 + regorafenib,Sensitive
rs799917_brca1 + adjuvant chemotherapy,Sensitive
rs799917_brca1 + chemotherapy,Sensitive
rs799917_brca1 + cyclophosphamide,Sensitive
rs799917_brca1 + docetaxel,Sensitive
rs799917_brca1 + hormone therapy,Unrelated
rs799917_brca1 + trastuzumab,Unrelated
rs8000288_vegfr + cisplatin,Resistant
rs8000_mst1 + chemotherapy,Unrelated
rs8023580_nr2f2 + hormone therapy,Sensitive
rs80359490_brca2 + olaparib,Sensitive
rs80359604_brca2 + cisplatin,Unknown
rs8051542_tox3 + adjuvant chemotherapy,Unrelated
rs8051542_tox3 + chemotherapy,Unrelated
rs8051542_tox3 + hormone therapy,Unrelated
rs805304_msh5 + chemotherapy,Sensitive
rs805304_msh5 + cisplatin,Sensitive
rs8060157_znf423 + adjuvant chemotherapy,Unrelated
rs8060157_znf423 + hormone therapy,Unrelated
rs8100018_akt2 + adjuvant chemotherapy,Unrelated
rs8100018_akt2 + chemotherapy,Unrelated
rs8100018_akt2 + docetaxel,Resistant
rs8100018_akt2 + hormone therapy,Unrelated
rs8105767_znf208 + chemotherapy,Unknown
rs8113472_keap1 + chemotherapy,Unrelated
rs8113472_keap1 + radiation therapy,Resistant
rs8113472_keap1 + tamoxifen,Unrelated
rs8176318_brca1 + bevacizumab,Unrelated
rs8176318_brca1 + folfiri regimen,Resistant
rs8176318_brca1 + folfox regimen,Resistant
rs8176318_brca1 + irinotecan,Unrelated
rs8176318_brca1 + oxaliplatin,Unrelated
rs827421_esr1 + hormone therapy,Unrelated
rs832567_map3k1 + adjuvant chemotherapy,Unrelated
rs832567_map3k1 + hormone therapy,Diagnostic
rs833061_vegf + paclitaxel,Unrelated
rs833061_vegf + pazopanib,Sensitive
rs833061_vegf + sorafenib,Unknown
rs833061_vegf + sorafenib tosylate,Unknown
rs833061_vegf + sunitinib,Sensitive
rs833061_vegf + tyrosine kinase inhibitor,Unknown
rs833061_vegfa + bevacizumab,Diagnostic
rs843720_acyp2 + chemotherapy,Unknown
rs851998_esr1 + hormone therapy,Unrelated
rs8602_mknk1 + bevacizumab,Diagnostic
rs8602_mknk1 + folfiri regimen,Diagnostic
rs861539_xrcc3 + cisplatin,Unrelated
rs861539_xrcc3 + radiation ionizing radiotherapy,Unrelated
rs861539_xrcc3 + radiation therapy,Unrelated
rs861539_xrcc3 + regorafenib,Unrelated
rs8720_kras + chemotherapy,Resistant
rs889312_map3k1 + adjuvant chemotherapy,Unrelated
rs889312_map3k1 + hormone therapy,Unrelated
rs889312_map3k1 + radiation ionizing radiotherapy,Unrelated
rs889312_map3k1 + radiation therapy,Unrelated
rs889312_map3k1 + tamoxifen,Unrelated
rs895364_ube2m + bevacizumab,Unrelated
rs895364_ube2m + cetuximab,Unknown
rs895364_ube2m + folfiri regimen,Unrelated
rs895374_ubch7 + bevacizumab,Unrelated
rs895374_ubch7 + cetuximab,Diagnostic
rs895374_ubch7 + chemotherapy,Unrelated
rs895374_ubch7 + folfiri regimen,Unrelated
rs895374_ubch7 + futuximab/modotuximab mixture,Unknown
rs895374_ube2m + bevacizumab,Unrelated
rs895374_ube2m + cetuximab,Sensitive
rs895374_ube2m + folfiri regimen,Unrelated
rs9340799_esr1 + adjuvant chemotherapy,Unrelated
rs9340799_esr1 + aromatase inhibitor,Unrelated
rs9340799_esr1 + chemotherapy,Unrelated
rs9340799_esr1 + hormone therapy,Unrelated
rs9340799_esr1 + letrozole,Unrelated
rs9340799_esr1 + radiation therapy,Unrelated
rs9340799_esr1 + tamoxifen,Unrelated
rs9340835_esr1 + adjuvant chemotherapy,Unrelated
rs9340835_esr1 + aromatase inhibitor,Unrelated
rs9344_ccnd1 + chemotherapy,Sensitive
rs9344_ccnd1 + cisplatin,Sensitive
rs937282_mdm2 + hormone therapy,Sensitive
rs937283_mdm2 + hormone therapy,Sensitive
rs944289_nkx2 + radiation ionizing radiotherapy,Diagnostic
rs944289_nkx2 + radiation therapy,Diagnostic
rs9509492_lats2 + chemotherapy,Unrelated
rs9513070_flt1 + bevacizumab,Diagnostic
rs9554314_flt1 + imatinib,Diagnostic
rs957971_stat3 + chemotherapy,Unknown
rs9582036_vegfr1 + bevacizumab,Resistant
rs965513_foxe1 + radiation ionizing radiotherapy,Unrelated
rs965513_foxe1 + radiation therapy,Unrelated
rs9676881_keap1 + chemotherapy,Unrelated
rs9676881_keap1 + radiation therapy,Resistant
rs9676881_keap1 + tamoxifen,Unrelated
rs9687226_map3k1 + adjuvant chemotherapy,Unrelated
rs9687226_map3k1 + hormone therapy,Unrelated
rs9809061_fancd2 + chemotherapy,Unrelated
rs981782_hcn1 + tamoxifen,Unrelated
rs9906827_raptor + aromatase inhibitor,Unrelated
rs9906827_raptor + chemotherapy,Unrelated
rs9906827_raptor + everolimus,Sensitive
rs9906827_raptor + exemestane,Unrelated
rs9906827_raptor + hormone therapy,Unrelated
rs9940645_znf423 + afimoxifene,Unrelated
rs9940645_znf423 + chemotherapy,Sensitive
rs9940645_znf423 + docetaxel,Sensitive
rs9940645_znf423 + hormone therapy,Sensitive
rs9940645_znf423 + tamoxifen,Sensitive
rs9951465_flt1 + imatinib,Diagnostic
rs9996584_areg + radiation ionizing radiotherapy,Unrelated
rs9996584_areg + radiation therapy,Unrelated
s104r_alk + chemotherapy,Unknown
s104r_alk + crizotinib,Sensitive
s1088f_fanca + cisplatin,Sensitive
s1151l_erbb2 + trastuzumab,Sensitive
s119n_spop + radiation therapy,Sensitive
s1206c_alk + brigatinib,Unknown
s1206c_alk + crizotinib,Resistant
s1206c_alk + tyrosine kinase inhibitor,Resistant
s1206y_alk + alk inhibitor asp3026,Sensitive
s1206y_alk + brigatinib,Unknown
s1206y_alk + lorlatinib,Unknown
s127a_yap + vemurafenib,Resistant
s127a_yap + verteporfin,Sensitive
s127a_yap1 + sirolimus,Sensitive
s127f_tp53 + nivolumab,Unknown
s127f_tp53 + olaparib,Unknown
s127f_tp53 + trametinib,Unknown
s1289a_erbb4 + neratinib,Unknown
s1289a_erbb4 + tyrosine kinase inhibitor,Unknown
s130a_fgf1 + etoposide,Resistant
s130d_fgf1 + etoposide,Resistant
s133a_creb1 + abiraterone,Resistant
s133a_creb1 + abiraterone acetate,Resistant
s139a_brip1 + cisplatin,Unrelated
s139a_brip1 + mitomycin,Unrelated
s1415fs4_brca2 + bevacizumab,Resistant
s1415fs4_brca2 + folfiri regimen,Resistant
s1415fs4_brca2 + folfox regimen,Resistant
s1415fs4_brca2 + talazoparib,Resistant
s143vfs3_kmt2c + ivosidenib,Unrelated
s143vfs3_kmt2c + olaparib,Unrelated
s143vfs3_kmt2c + pembrolizumab,Unrelated
s1597p_adamts20 + chemotherapy,Resistant
s1634g_brca1 + chemotherapy,Unknown
s1634g_brca1 + docetaxel,Unknown
s1634g_brca1 + olaparib,Sensitive
s1634g_brca1 + talazoparib,Unknown
s164_nrf2 + chemotherapy,Resistant
s167y_ntrk2 + radiation ionizing radiotherapy,Unrelated
s167y_ntrk2 + radiation therapy,Unrelated
s171e_hpk1 + sunitinib,Sensitive
s1722f_brca1 + chemotherapy,Sensitive
s1722f_brca1 + cisplatin,Sensitive
s1722f_brca1 + cytoreductive surgery,Unrelated
s1722yfs4_brca2 + olaparib,Sensitive
s1722yfs_brca2 + olaparib,Sensitive
s183d_isx + sorafenib,Resistant
s183d_isx + sorafenib tosylate,Resistant
s1841r_brca1 + carboplatin,Sensitive
s1841r_brca1 + chemotherapy,Sensitive
s1841r_brca1 + paclitaxel,Sensitive
s184l_map2k4 + neratinib,Resistant
s184l_map2k4 + paclitaxel,Unrelated
s184l_map2k4 + trastuzumab,Resistant
s185g_tp53 + chemotherapy,Resistant
s185g_tp53 + cisplatin,Resistant
s1986f_ros1 + alectinib,Unknown
s1986f_ros1 + cabozantinib,Sensitive
s1986f_ros1 + ceritinib,Resistant
s1986f_ros1 + crizotinib,Resistant
s1986f_ros1 + entrectinib,Resistant
s1986f_ros1 + verteporfin,Unrelated
s1986y_ros1 + ceritinib,Resistant
s1986y_ros1 + crizotinib,Resistant
s1986y_ros1 + entrectinib,Resistant
s1986y_ros1 + repotrectinib,Sensitive
s1986y_ros1 + tyrosine kinase inhibitor,Unrelated
s2035t_mtor + everolimus,Resistant
s2035t_mtor + mtor inhibitor,Resistant
s2035t_mtor + sirolimus,Resistant
s2035t_mtor + temsirolimus,Resistant
s207l_rad51d + cyproterone acetate,Unrelated
s207l_rad51d + olaparib,Unknown
s20d_tp53 + cisplatin,Resistant
s20d_tp53 + oxaliplatin,Sensitive
s213l_daxx + crizotinib,Unrelated
s213l_daxx + tyrosine kinase inhibitor,Unrelated
s213r_prkaca + dexamethasone,Sensitive
s213r_prkaca + hormone therapy,Unrelated
s2148fs_brca2 + cisplatin,Sensitive
s214c_araf + sorafenib,Sensitive
s214c_araf + sorafenib tosylate,Sensitive
s215l_gsk3 + chemotherapy,Resistant
s215r_rap1gap + immunotherapy,Sensitive
s216f_stk11 + immunotherapy,Unknown
s2215l2216delinsf_mtor + everolimus,Unknown
s2215l2216delinsf_mtor + mtor inhibitor,Unknown
s2215l2216delinsf_mtor + temsirolimus,Unknown
s2215y_mtor + akt inhibitor mk2206,Unknown
s2215y_mtor + capivasertib,Unknown
s2215y_mtor + everolimus,Unknown
s2215y_mtor + mtor inhibitor,Unknown
s2215y_mtor + pi3k/bet inhibitor ly294002,Unknown
s228p_btla + nivolumab,Unknown
s229f_tp53 + radiation ionizing radiotherapy,Unknown
s229f_tp53 + radiation therapy,Unknown
s240g_tp53 + bevacizumab,Unrelated
s240g_tp53 + chemotherapy,Unrelated
s240g_tp53 + ctla-4 inhibitor,Unrelated
s240g_tp53 + ipilimumab,Unrelated
s240g_tp53 + nivolumab,Unrelated
s240g_tp53 + radiation ionizing radiotherapy,Unrelated
s240g_tp53 + radiation therapy,Unrelated
s240g_tp53 + trametinib,Unrelated
s241c_tp53 + carboplatin,Unknown
s241c_tp53 + chemotherapy,Sensitive
s241c_tp53 + cisplatin,Sensitive
s241c_tp53 + eprenetapopt,Unrelated
s241c_tp53 + etoposide,Sensitive
s241f_tp53 + chemotherapy,Unknown
s241f_tp53 + dabrafenib,Unknown
s241f_tp53 + dabrafenib/trametinib regimen,Unknown
s241f_tp53 + eprenetapopt,Unknown
s241f_tp53 + hormone therapy,Resistant
s241f_tp53 + immunotherapy,Unknown
s241f_tp53 + trametinib,Unknown
s241t_tp53 + lapatinib,Unknown
s241t_tp53 + pertuzumab,Unknown
s241t_tp53 + trastuzumab,Unknown
s241t_tp53 + trastuzumab emtansine,Unrelated
s248l_ulk1 + immunotherapy,Sensitive
s249c_fgfr + atezolizumab,Unrelated
s249c_fgfr + chemotherapy,Unrelated
s249c_fgfr + cisplatin,Unrelated
s249c_fgfr + erdafitinib,Sensitive
s249c_fgfr + gemcitabine,Unrelated
s249c_fgfr + immunotherapy,Unrelated
s249c_fgfr + pembrolizumab,Unrelated
s249c_fgfr2 + chemotherapy,Unknown
s249c_fgfr2 + cisplatin,Unknown
s249c_fgfr2 + erdafitinib,Sensitive
s249c_fgfr2 + pembrolizumab,Unrelated
s249c_fgfr3 + derazantinib,Sensitive
s249c_fgfr3 + enfortumab vedotin,Sensitive
s249c_fgfr3 + erlotinib,Resistant
s249c_fgfr3 + everolimus,Resistant
s249c_fgfr3 + fexagratinib,Unknown
s249c_fgfr3 + fgfr inhibitor asp5878,Sensitive
s249c_fgfr3 + gemcitabine,Resistant
s249c_fgfr3 + immunotherapy,Sensitive
s249c_fgfr3 + ipatasertib,Sensitive
s249c_fgfr3 + monomethyl auristatin e,Unrelated
s249c_fgfr3 + pazopanib,Resistant
s249c_fgfr3 + pemigatinib,Sensitive
s249c_fgfr3 + pi3k/bet inhibitor ly294002,Sensitive
s249c_fgfr3 + radiation ionizing radiotherapy,Unrelated
s249c_fgfr3 + radiation therapy,Unrelated
s249c_fgfr3 + trametinib,Sensitive
s24f_knstrn + radiation therapy,Unrelated
s252w_fgfr2 + cisplatin,Unknown
s252w_fgfr2 + crizotinib,Unrelated
s252w_fgfr2 + pemigatinib,Sensitive
s252w_fgfr2 + ponatinib,Sensitive
s252w_fgfr2 + tyrosine kinase inhibitor,Sensitive
s252w_fgfr2 + veliparib,Unrelated
s252x_tp53i3 + etoposide,Sensitive
s252x_tp53i3 + mitomycin,Sensitive
s259_craf + dabrafenib,Unknown
s259_craf + pan-raf inhibitor ly3009120,Unknown
s259_craf + trametinib,Unknown
s2687cfs5_nf1 + bevacizumab,Sensitive
s2687cfs5_nf1 + binimetinib,Sensitive
s2687cfs5_nf1 + braf inhibitor,Unrelated
s2687cfs5_nf1 + carboplatin,Unrelated
s2687cfs5_nf1 + chemotherapy,Unrelated
s2687cfs5_nf1 + dabrafenib,Unrelated
s2687cfs5_nf1 + dabrafenib/trametinib regimen,Unrelated
s2687cfs5_nf1 + encorafenib,Unrelated
s2687cfs5_nf1 + radiation ionizing radiotherapy,Unrelated
s2687cfs5_nf1 + radiation therapy,Unrelated
s2687cfs5_nf1 + temozolomide,Unrelated
s2687cfs5_nf1 + trametinib,Unrelated
s2687cfs5_nf1 + vincristine,Unrelated
s280a_dkc1 + adjuvant chemotherapy,Unknown
s280a_dkc1 + chemotherapy,Unknown
s280a_dkc1 + therapeutic tumor infiltrating lymphocytes,Unrelated
s280f_erbb2 + lapatinib,Sensitive
s280f_erbb2 + pertuzumab,Sensitive
s280f_erbb2 + trastuzumab,Sensitive
s2835_brca2 + chemotherapy,Sensitive
s2835_brca2 + cisplatin,Sensitive
s2835_brca2 + fluorouracil,Sensitive
s2835_brca2 + gemcitabine,Unrelated
s2835_brca2 + immunomodulatory oligonucleotide,Unrelated
s2835_brca2 + irinotecan,Sensitive
s2835_brca2 + leucovorin,Sensitive
s2835_brca2 + olaparib,Sensitive
s2835_brca2 + oxaliplatin,Sensitive
s2835_brca2 + paclitaxel,Unrelated
s2835l_brca2 + chemotherapy,Resistant
s2835l_brca2 + cisplatin,Resistant
s2835l_brca2 + fluorouracil,Resistant
s2835l_brca2 + gemcitabine,Unrelated
s2835l_brca2 + immunomodulatory oligonucleotide,Unrelated
s2835l_brca2 + irinotecan,Resistant
s2835l_brca2 + leucovorin,Resistant
s2835l_brca2 + olaparib,Resistant
s2835l_brca2 + oxaliplatin,Resistant
s2835l_brca2 + paclitaxel,Unrelated
s283c_irf8 + venetoclax,Resistant
s296_atr + adjuvant chemotherapy,Unrelated
s296_atr + carboplatin,Unrelated
s296_atr + chemotherapy,Unrelated
s296_atr + cisplatin,Unrelated
s296_atr + gemcitabine,Unrelated
s296_atr + immunotherapy,Unrelated
s296_atr + radiation ionizing radiotherapy,Unrelated
s296_atr + radiation therapy,Unrelated
s297f_pole + adjuvant chemotherapy,Unknown
s297f_pole + chemotherapy,Unknown
s297f_pole + cytarabine,Sensitive
s297f_pole + fludarabine,Sensitive
s297f_pole + immunotherapy,Sensitive
s297f_pole + radiation therapy,Resistant
s301f_erbb2 + afatinib,Unknown
s301f_erbb2 + trastuzumab,Unknown
s301f_erbb2 + trastuzumab emtansine,Unknown
s303f_erbb4 + adjuvant chemotherapy,Unknown
s303f_erbb4 + afatinib,Unknown
s303f_erbb4 + copanlisib,Unknown
s303f_erbb4 + irinotecan,Unknown
s303f_erbb4 + lapatinib,Unknown
s303f_erbb4 + neratinib,Unknown
s303f_erbb4 + trastuzumab,Unknown
s303f_erbb4 + tyrosine kinase inhibitor,Unknown
s310f_erbb2 + adjuvant chemotherapy,Sensitive
s310f_erbb2 + akt inhibitor mk2206,Unrelated
s310f_erbb2 + azacitidine,Unrelated
s310f_erbb2 + bevacizumab,Unknown
s310f_erbb2 + buparlisib,Unrelated
s310f_erbb2 + capecitabine,Unknown
s310f_erbb2 + carboplatin,Sensitive
s310f_erbb2 + cisplatin,Unrelated
s310f_erbb2 + docetaxel,Sensitive
s310f_erbb2 + fluorouracil,Unknown
s310f_erbb2 + folfiri regimen,Resistant
s310f_erbb2 + gemcitabine,Unrelated
s310f_erbb2 + immunomodulatory oligonucleotide,Unrelated
s310f_erbb2 + immunotherapy,Unrelated
s310f_erbb2 + irinotecan,Resistant
s310f_erbb2 + ivosidenib,Unrelated
s310f_erbb2 + leucovorin,Unknown
s310f_erbb2 + oxaliplatin,Resistant
s310f_erbb2 + paclitaxel,Unrelated
s310f_erbb2 + panitumumab,Resistant
s310f_erbb2 + pazopanib,Sensitive
s310f_erbb2 + pertuzumab,Sensitive
s310f_erbb2 + selumetinib,Unrelated
s310f_erbb2 + trametinib,Unrelated
s310f_erbb2 + trastuzumab deruxtecan,Sensitive
s310y_erbb2 + afatinib,Unknown
s310y_erbb2 + alpelisib,Unrelated
s310y_erbb2 + cisplatin,Unrelated
s310y_erbb2 + fulvestrant,Unrelated
s310y_erbb2 + gefitinib,Resistant
s310y_erbb2 + gemcitabine,Unrelated
s310y_erbb2 + hormone therapy,Unrelated
s310y_erbb2 + mtor inhibitor,Unrelated
s310y_erbb2 + neratinib,Sensitive
s310y_erbb2 + trastuzumab,Resistant
s310y_erbb2 + trastuzumab emtansine,Resistant
s31r_cdkn1a + chemotherapy,Resistant
s31r_cdkn1a + cisplatin,Resistant
s31r_cdkn1a + cytoreductive surgery,Unrelated
s31r_cdkn1a + paclitaxel,Resistant
s320_pot1 + chemotherapy,Unrelated
s320_pot1 + cyclophosphamide,Unrelated
s320_pot1 + dexamethasone,Unrelated
s320_pot1 + doxorubicin,Unrelated
s320_pot1 + immunotherapy,Unrelated
s320_pot1 + tisagenlecleucel,Unrelated
s320_pot1 + vincristine,Unrelated
s325g_met + su11274,Sensitive
s335c_erbb2 + pyrotinib,Sensitive
s33c_ctnnb1 + bevacizumab,Unrelated
s33c_ctnnb1 + carboplatin,Unrelated
s33c_ctnnb1 + erlotinib,Sensitive
s33c_ctnnb1 + immunotherapy,Unknown
s33c_ctnnb1 + pemetrexed,Unrelated
s33f_ctnnb1 + adjuvant chemotherapy,Unknown
s33f_ctnnb1 + chemotherapy,Unknown
s33f_ctnnb1 + cisplatin,Unknown
s33p_ctnnb1 + cetuximab,Resistant
s33p_ctnnb1 + irinotecan,Resistant
s33p_ctnnb1 + oxaliplatin,Resistant
s33y_ctnnb1 + bevacizumab,Unrelated
s33y_ctnnb1 + carboplatin,Unrelated
s33y_ctnnb1 + chemotherapy,Resistant
s33y_ctnnb1 + erlotinib,Sensitive
s33y_ctnnb1 + pemetrexed,Unrelated
s33y_ctnnb1 + radiation ionizing radiotherapy,Resistant
s33y_ctnnb1 + radiation therapy,Resistant
s341l_esr1 + aromatase inhibitor,Unknown
s341l_esr1 + fulvestrant,Unknown
s341l_esr1 + hormone therapy,Unknown
s341l_esr1 + tamoxifen,Unknown
s342f_smo + chemotherapy,Unknown
s347a_ampk1 + metformin,Sensitive
s347a_ampk1 + sirolimus,Unknown
s34f_u2af1 + radiation therapy,Unrelated
s351y_ccdc6 + cisplatin,Resistant
s361_brca1 + adjuvant chemotherapy,Sensitive
s361_brca1 + chemotherapy,Sensitive
s365l_braf + braf inhibitor,Sensitive
s365l_braf + dabrafenib,Resistant
s365l_braf + trametinib,Resistant
s365l_braf + vemurafenib,Sensitive
s37c_ctnnb1 + bevacizumab,Unrelated
s37c_ctnnb1 + carboplatin,Unrelated
s37c_ctnnb1 + erlotinib,Sensitive
s37c_ctnnb1 + pemetrexed,Unrelated
s37f_ctnnb1 + bevacizumab,Unrelated
s37f_ctnnb1 + carboplatin,Unrelated
s37f_ctnnb1 + chemotherapy,Unrelated
s37f_ctnnb1 + erlotinib,Resistant
s37f_ctnnb1 + hormone therapy,Sensitive
s37f_ctnnb1 + letrozole,Sensitive
s37f_ctnnb1 + paclitaxel,Unrelated
s37f_ctnnb1 + pemetrexed,Unrelated
s37f_ctnnb1 + sirolimus,Unknown
s37p_ctnnb1 + immunotherapy,Sensitive
s405x_brca1 + capecitabine,Resistant
s405x_brca1 + chemotherapy,Resistant
s405x_brca1 + exemestane,Unknown
s405x_brca1 + olaparib,Sensitive
s405x_brca1 + paclitaxel,Resistant
s406a_atp7b + chemotherapy,Resistant
s406a_atp7b + cisplatin,Resistant
s406a_atp7b + paclitaxel,Resistant
s408afs99_gata3 + chemotherapy,Unrelated
s408afs99_gata3 + fulvestrant,Sensitive
s408afs99_gata3 + hormone therapy,Sensitive
s408afs99_gata3 + radiation therapy,Unrelated
s408c_fgfr3 + erdafitinib,Unknown
s408f_fgfr3 + erdafitinib,Unknown
s408l_fgfr3 + erdafitinib,Unknown
s408l_sdha + sorafenib,Unrelated
s408l_sdha + sorafenib tosylate,Unrelated
s408y_fgfr3 + erdafitinib,Unknown
s418g_c1orf170 + immunotherapy,Sensitive
s428f_chek2 + adjuvant chemotherapy,Unrelated
s428f_chek2 + chemotherapy,Unrelated
s428f_chek2 + radiation ionizing radiotherapy,Unrelated
s428f_chek2 + radiation therapy,Unrelated
s428p_chek2 + chemotherapy,Unknown
s432l_esr1 + fulvestrant,Unknown
s436p_esr1 + chemotherapy,Unrelated
s436p_esr1 + elacestrant,Unknown
s436p_esr1 + fulvestrant,Resistant
s436p_esr1 + hormone therapy,Resistant
s436p_esr1 + palbociclib,Resistant
s439n_cbl + adjuvant chemotherapy,Unrelated
s439n_cbl + carboplatin,Unknown
s439n_cbl + chemotherapy,Unknown
s439n_cbl + paclitaxel,Unknown
s447p_polq + chemotherapy,Unknown
s449y_erbb4 + neratinib,Sensitive
s449y_erbb4 + tyrosine kinase inhibitor,Sensitive
s451lfs20_brca1 + chemotherapy,Unrelated
s451lfs20_brca1 + olaparib,Sensitive
s459f_pole + bevacizumab,Unknown
s459f_pole + folfiri regimen,Unknown
s459f_pole + folfox regimen,Unknown
s459f_pole + radiation ionizing radiotherapy,Unknown
s459f_pole + radiation therapy,Unknown
s45_ctnnb1 + cetuximab,Unrelated
s45c_ctnnb1 + bevacizumab,Unrelated
s45c_ctnnb1 + carboplatin,Unrelated
s45c_ctnnb1 + erlotinib,Resistant
s45c_ctnnb1 + pemetrexed,Unrelated
s45del_ctnnb1 + alectinib,Unknown
s45f_ctnnb1 + adjuvant chemotherapy,Unknown
s45f_ctnnb1 + cetuximab,Resistant
s45f_ctnnb1 + chemotherapy,Resistant
s45f_ctnnb1 + dasatinib,Sensitive
s45f_ctnnb1 + hydroxychloroquine,Sensitive
s45f_ctnnb1 + irinotecan,Resistant
s45f_ctnnb1 + nirogacestat,Sensitive
s45f_ctnnb1 + oxaliplatin,Resistant
s45f_ctnnb1 + sorafenib,Resistant
s45f_ctnnb1 + sorafenib tosylate,Resistant
s45n_ctnnb1 + radiation ionizing radiotherapy,Unknown
s45n_ctnnb1 + radiation therapy,Unknown
s45p_ctnnb1 + bevacizumab,Unrelated
s45p_ctnnb1 + carboplatin,Unrelated
s45p_ctnnb1 + erlotinib,Sensitive
s45p_ctnnb1 + meloxicam,Unknown
s45p_ctnnb1 + pemetrexed,Unrelated
s45p_ctnnb1 + radioactive iodine,Resistant
s463p_esr1 + abemaciclib,Unknown
s463p_esr1 + chemotherapy,Unrelated
s463p_esr1 + elacestrant,Unknown
s463p_esr1 + exemestane,Unknown
s463p_esr1 + letrozole,Unknown
s463p_esr1 + palbociclib,Unknown
s463p_esr1 + pictilisib,Unrelated
s463p_esr1 + ribociclib,Unknown
s463p_esr1 + tamoxifen,Resistant
s463r_esr1 + adjuvant chemotherapy,Unrelated
s463r_esr1 + aromatase inhibitor,Resistant
s463r_esr1 + hormone therapy,Resistant
s463r_esr1 + tamoxifen,Resistant
s464_esr1 + abemaciclib,Unknown
s464_esr1 + adjuvant chemotherapy,Unknown
s464_esr1 + exemestane,Unknown
s464_esr1 + letrozole,Unknown
s464_esr1 + palbociclib,Unknown
s464_esr1 + ribociclib,Unknown
s464l_egfr + cetuximab,Resistant
s464l_egfr + futuximab/modotuximab mixture,Sensitive
s467l_braf + adjuvant chemotherapy,Unrelated
s467l_braf + braf inhibitor,Resistant
s467l_braf + dabrafenib/trametinib regimen,Unknown
s467l_braf + immunotherapy,Unknown
s467l_braf + trametinib,Unknown
s468r_egfr + cetuximab,Resistant
s468r_egfr + panitumumab,Resistant
s46c_rad51d + olaparib,Sensitive
s46i_pms2 + chemotherapy,Unknown
s46i_pms2 + cisplatin,Sensitive
s46i_pms2 + radiation ionizing radiotherapy,Unknown
s46i_pms2 + radiation therapy,Unknown
s473d_akt + akt inhibitor mk2206,Resistant
s473d_akt + sirolimus,Unknown
s474e_pak4 + pi3k/bet inhibitor ly294002,Sensitive
s478n_pold1 + adjuvant chemotherapy,Unknown
s478n_pold1 + temozolomide,Unknown
s47_tp53 + cisplatin,Resistant
s47_tp53 + radiation ionizing radiotherapy,Resistant
s47_tp53 + radiation therapy,Resistant
s48_sdhc + tyrosine kinase inhibitor,Resistant
s492r_egfr + bevacizumab,Unrelated
s492r_egfr + futuximab/modotuximab mixture,Sensitive
s4n_whsc1 + chemotherapy,Unknown
s505n_mpl + chemotherapy,Unknown
s505n_mpl + radiation therapy,Unknown
s568c_fgfr2 + erdafitinib,Resistant
s577s_mlh1 + adjuvant chemotherapy,Resistant
s577s_mlh1 + chemotherapy,Resistant
s577s_mlh1 + fluorouracil,Resistant
s57c_top1 + sacituzumab govitecan,Resistant
s57c_top1 + trastuzumab,Unrelated
s57c_top1 + trastuzumab deruxtecan,Resistant
s602t_braf + immunotherapy,Sensitive
s602t_braf + ipilimumab,Sensitive
s602t_braf + nivolumab,Sensitive
s60l_tp53 + immunotherapy,Unknown
s645c_egfr + gefitinib,Resistant
s645c_egfr + osimertinib,Sensitive
s64l_palb2 + olaparib,Sensitive
s64l_palb2 + radiation ionizing radiotherapy,Sensitive
s64l_palb2 + radiation therapy,Sensitive
s668t_irs1 + cisplatin,Resistant
s668t_irs1 + radiation ionizing radiotherapy,Resistant
s668t_irs1 + radiation therapy,Resistant
s670a_grk2 + chemotherapy,Resistant
s670a_grk2 + cisplatin,Resistant
s670a_grk2 + etoposide,Resistant
s692fs_kit + chemotherapy,Unknown
s692fs_kit + radiation therapy,Unknown
s696l_ret + selpercatinib,Sensitive
s69e_bim + mek inhibitor gdc-0623,Sensitive
s69g_bim + mek inhibitor gdc-0623,Resistant
s6a_uqcrfs1 + immunotherapy,Unknown
s701f_ntrak1 + adjuvant chemotherapy,Unrelated
s701f_ntrak1 + immunotherapy,Unknown
s702l_fgfr2 + hormone therapy,Unknown
s702rfs80_mlh1 + everolimus,Unrelated
s702rfs80_mlh1 + sirolimus,Unrelated
s703i_jak1 + ruxolitinib,Sensitive
s707f_plcg2 + ibrutinib,Resistant
s707p_atm + etoposide,Unknown
s707p_atm + radiation therapy,Unknown
s709f_kit + everolimus,Resistant
s709f_kit + exemestane,Unrelated
s71fs_socs1 + cyclophosphamide,Unknown
s71fs_socs1 + doxorubicin,Unknown
s71fs_socs1 + prednisone,Unknown
s71fs_socs1 + vincristine,Unknown
s74c_rragc + sirolimus,Sensitive
s752y_egfr + canertinib,Unknown
s752y_egfr + erlotinib,Unknown
s752y_egfr + gefitinib,Unknown
s752y_egfr + tyrosine kinase inhibitor,Unknown
s768770dupsvd_egfr + afatinib,Sensitive
s768770dupsvd_egfr + gefitinib,Resistant
s768770dupsvd_egfr + tyrosine kinase inhibitor,Sensitive
s768d770dup_egfr + cetuximab,Sensitive
s768d770dup_egfr + chemotherapy,Resistant
s768d770dup_egfr + gefitinib,Sensitive
s768d770dup_egfr + pemetrexed,Unrelated
s768d770dup_egfr + poziotinib,Sensitive
s768d770dup_egfr + radiation ionizing radiotherapy,Unrelated
s768d770dup_egfr + radiation therapy,Unrelated
s768dupsvd_egfr + mobocertinib,Resistant
s768i_egfr + amivantamab,Unknown
s768i_egfr + brigatinib,Resistant
s768i_egfr + crizotinib,Sensitive
s768i_egfr + docetaxel,Unknown
s768i_egfr + gemcitabine,Unrelated
s768i_egfr + immunotherapy,Unknown
s768i_egfr + lazertinib,Resistant
s768i_egfr + methotrexate,Unrelated
s768i_egfr + mobocertinib,Sensitive
s768i_egfr + oxaliplatin,Unrelated
s768i_egfr + paclitaxel,Unrelated
s768i_egfr + paclitaxel liposome,Unrelated
s768i_egfr + savolitinib,Sensitive
s768insvgh_egfr + erlotinib,Resistant
s768insvgh_egfr + osimertinib,Sensitive
s768l_egfr + osimertinib,Sensitive
s768t_egfr + osimertinib,Sensitive
s768t_egfr + tyrosine kinase inhibitor,Sensitive
s768v769delinsil_egfr + afatinib,Unknown
s768v769delinsil_egfr + cetuximab,Unknown
s768v769delinsil_egfr + erlotinib,Unknown
s768v769delinsil_egfr + osimertinib,Unknown
s774g_erbb4 + neratinib,Unknown
s774g_erbb4 + tyrosine kinase inhibitor,Unknown
s774n_erbb4 + neratinib,Sensitive
s774n_erbb4 + tyrosine kinase inhibitor,Sensitive
s784f_egfr + osimertinib,Resistant
s784f_egfr + tyrosine kinase inhibitor,Sensitive
s786i_egfr + erlotinib,Unknown
s786i_egfr + gefitinib,Unknown
s786i_egfr + tyrosine kinase inhibitor,Unknown
s811c_egfr + afatinib,Sensitive
s811c_egfr + erlotinib,Unknown
s811c_egfr + gefitinib,Unknown
s811c_egfr + lapatinib,Unknown
s815l_pms2 + chemotherapy,Unknown
s815l_pms2 + radiation ionizing radiotherapy,Unknown
s815l_pms2 + radiation therapy,Unknown
s855i_erbb2 + lapatinib,Sensitive
s855i_erbb2 + trastuzumab,Sensitive
s855i_erbb2 + trastuzumab emtansine,Sensitive
s889g_ar + abiraterone,Resistant
s889g_ar + enzalutamide,Resistant
s889g_ar + hormone therapy,Resistant
s891a_ret + sorafenib,Sensitive
s891a_ret + sorafenib tosylate,Sensitive
s891a_ret + vandetanib,Unknown
s891l_ret + selpercatinib,Sensitive
s894a_abcb1 + chemotherapy,Resistant
s894a_abcb1 + cisplatin,Resistant
s894a_abcb1 + paclitaxel,Resistant
s904f_ret + vandetanib,Resistant
s90fs_tp53 + chemotherapy,Unknown
s90fs_tp53 + radiation therapy,Unknown
s963p_erbb2 + lapatinib,Unknown
s963p_erbb2 + neratinib,Resistant
s963p_erbb2 + tucatinib,Unknown
s99g_atm + radiation therapy,Unrelated
s99g_atm + talazoparib,Sensitive
sde2pk123x + hematopoietic cell transplantation,Sensitive
ser119_pdcd5 + etoposide,Sensitive
ser1253argfs10_brca1 + adjuvant chemotherapy,Unknown
ser1253argfs10_brca1 + carboplatin,Sensitive
ser1253argfs10_brca1 + chemotherapy,Sensitive
ser1253argfs10_brca1 + radiation therapy,Unrelated
ser1315ter_apc + fluorouracil,Resistant
ser1404ter_brca2 + radiation therapy,Sensitive
ser1487iiefster5_dicer1 + radiation therapy,Unknown
ser15_tp53 + cisplatin,Unrelated
ser15_tp53 + oxaliplatin,Unrelated
ser1637_dicer1 + bortezomib,Sensitive
ser1637_dicer1 + chemotherapy,Unknown
ser187tyr190del_il6st + ruxolitinib,Unknown
ser187tyr190del_il6st + tofacitinib,Unknown
ser1982argfs_brca2 + tamoxifen,Unrelated
ser20_tp53 + cisplatin,Resistant
ser20_tp53 + oxaliplatin,Sensitive
ser341_esr1 + tamoxifen,Unrelated
ser729_braf + dabrafenib,Unknown
ser729_braf + dabrafenib/trametinib regimen,Sensitive
ser729_braf + immunotherapy,Unrelated
ser729_braf + metformin,Unrelated
ser729_braf + trametinib,Unknown
sff416fs_irf8 + venetoclax,Resistant
sfm_trk + entrectinib,Resistant
sfm_trk + larotrectinib,Resistant
sfm_trk + repotrectinib,Sensitive
sfm_trk + selitrectinib,Resistant
sfm_trk + trk inhibitor,Unknown
shp2e76k_ptpn11 + dasatinib,Sensitive
shrna_pten + akt inhibitor mk2206,Resistant
shrna_pten + hormone therapy,Unrelated
snp309_mdm2 + radiation ionizing radiotherapy,Unrelated
snp309_mdm2 + radiation therapy,Unrelated
strnalk_alk + afatinib,Unknown
strnalk_alk + gefitinib,Unknown
strnalk_alk + osimertinib,Unknown
t1010i_met + erlotinib,Unknown
t1010i_met + gefitinib,Unknown
t1010i_met + mtor inhibitor,Unknown
t1010i_met + pictilisib,Resistant
t1010i_met + radiation therapy,Unrelated
t1010i_met + su11274,Resistant
t1022i_jak3 + tofacitinib,Sensitive
t1025s_pik3ca + alpelisib,Sensitive
t1025s_pik3ca + chemotherapy,Unrelated
t1025s_pik3ca + cisplatin,Unrelated
t1025s_pik3ca + letrozole,Unrelated
t1025s_pik3ca + temsirolimus,Sensitive
t1025t_pik3ca + trastuzumab,Unknown
t1030i_palb2 + radiation ionizing radiotherapy,Sensitive
t1030i_palb2 + radiation therapy,Sensitive
t1035a_pik3ca + carboplatin,Unknown
t1035a_pik3ca + chemotherapy,Unknown
t1035a_pik3ca + docetaxel,Unknown
t1150a_nsd2 + ibrutinib,Resistant
t1150a_nsd2 + therapeutic glucocorticoid,Unknown
t1151fs24_spta1 + adjuvant chemotherapy,Unknown
t1151fs24_spta1 + bevacizumab,Unknown
t1151fs24_spta1 + radiation ionizing radiotherapy,Unknown
t1151fs24_spta1 + radiation therapy,Unknown
t1151fs24_spta1 + temozolomide,Unknown
t1151fs24_spta1 + vismodegib,Unknown
t1151ins_alk + alectinib,Unknown
t1151ins_alk + brigatinib,Unknown
t1151ins_alk + ceritinib,Unknown
t1151ins_alk + crizotinib,Unknown
t1151ins_alk + lorlatinib,Unknown
t1151k_alk + alectinib,Sensitive
t1151k_alk + crizotinib,Resistant
t1151k_alk + lorlatinib,Unknown
t1151m_alk + adjuvant chemotherapy,Unrelated
t1151m_alk + chemotherapy,Unrelated
t1151m_alk + ensartinib,Sensitive
t1151m_alk + lorlatinib,Resistant
t1151m_alk + tyrosine kinase inhibitor,Unknown
t115a_pofut1 + chemotherapy,Unrelated
t1219i_msh6 + immunotherapy,Sensitive
t1219i_msh6 + pembrolizumab,Sensitive
t1219i_msh6 + temozolomide,Unrelated
t1237c_tlr9 + adjuvant chemotherapy,Unknown
t123wfs12_tp53 + pan-raf inhibitor ly3009120,Unrelated
t130t_egfr + chemotherapy,Sensitive
t1399i_brca1 + abiraterone,Unrelated
t1399i_brca1 + bicalutamide,Unrelated
t1399i_brca1 + cabazitaxel,Unrelated
t1399i_brca1 + carboplatin,Unrelated
t1399i_brca1 + docetaxel,Unrelated
t1399i_brca1 + rucaparib,Sensitive
t141a_nek1 + bicalutamide,Sensitive
t141i_abraxas + radiation ionizing radiotherapy,Sensitive
t141i_abraxas + radiation therapy,Sensitive
t1486c_tlr9 + adjuvant chemotherapy,Unknown
t165e_hpk1 + sunitinib,Sensitive
t166m_erbb2 + lapatinib,Sensitive
t166m_erbb2 + pertuzumab,Sensitive
t166m_erbb2 + trastuzumab,Sensitive
t1799a_braf + braf inhibitor,Sensitive
t1799a_braf + dabrafenib,Sensitive
t1799a_braf + dabrafenib/trametinib regimen,Sensitive
t1799a_braf + plx4720,Unknown
t1799a_braf + temozolomide,Unrelated
t1799a_braf + vemurafenib,Sensitive
t17a_nras + chemotherapy,Resistant
t1860a_braf + chemotherapy,Unknown
t1860a_braf + cyclophosphamide,Unknown
t1860a_braf + doxorubicin,Unknown
t1860a_braf + prednisolone,Unknown
t1860a_braf + vincristine,Unknown
t19007c_ercc1 + chemotherapy,Unrelated
t19007c_ercc1 + cisplatin,Unrelated
t1977r_mtor + everolimus,Sensitive
t1977r_mtor + exemestane,Unrelated
t1977r_mtor + mtor inhibitor,Sensitive
t1977r_mtor + palbociclib,Unrelated
t1977r_mtor + sirolimus,Sensitive
t1977r_mtor + temsirolimus,Sensitive
t207a_brca2 + radiation therapy,Resistant
t211i_tp53 + adjuvant chemotherapy,Unknown
t211i_tp53 + chemotherapy,Unknown
t236_s1p1 + akt inhibitor mk2206,Sensitive
t236a_s1p1 + akt inhibitor mk2206,Resistant
t241m_xrcc3 + radiation therapy,Resistant
t256r_tacstd2 + sacituzumab govitecan,Resistant
t263p_egfr + capmatinib,Sensitive
t263p_egfr + erlotinib,Sensitive
t263p_egfr + osimertinib,Resistant
t266m_brip1 + cisplatin,Sensitive
t266m_brip1 + mitomycin,Sensitive
t26a_sox2 + everolimus,Unknown
t26a_sox2 + radiation ionizing radiotherapy,Unknown
t26a_sox2 + radiation therapy,Unknown
t273h_tp53 + cetuximab,Unknown
t273h_tp53 + chemotherapy,Unrelated
t278m_pole + adjuvant chemotherapy,Unrelated
t280m_cx3cr1 + radiation ionizing radiotherapy,Unrelated
t280m_cx3cr1 + radiation therapy,Unrelated
t302h_egfr + icotinib,Unknown
t3085fs26_brca2 + olaparib,Sensitive
t310i_braf + dabrafenib,Unknown
t310i_braf + dabrafenib/trametinib regimen,Unknown
t310i_braf + trametinib,Unknown
t311m_esr1 + hormone therapy,Resistant
t311m_esr1 + tamoxifen,Resistant
t315i_abl + ponatinib,Sensitive
t315i_abl + tyrosine kinase inhibitor,Resistant
t315i_abl + u0126,Sensitive
t315i_abl1 + asciminib,Resistant
t315i_abl1 + axitinib,Sensitive
t315i_abl1 + niacinamide,Unrelated
t315i_abl1 + sirolimus,Unrelated
t315i_bcr + axitinib,Sensitive
t315i_bcr + bosutinib,Resistant
t315i_bcr + cytarabine,Unknown
t315i_bcr + dasatinib,Resistant
t315i_bcr + imatinib,Resistant
t315i_bcr + nilotinib,Resistant
t315i_bcr + selinexor,Sensitive
t315i_bcr + vandetanib,Unknown
t315i_etv6 + chemotherapy,Unrelated
t315i_etv6 + dasatinib,Resistant
t315i_etv6 + imatinib,Resistant
t315i_etv6 + prednisolone,Unrelated
t315i_etv6 + tyrosine kinase inhibitor,Resistant
t316a_btk + ibrutinib,Resistant
t320s_msh2 + radioactive iodine,Unrelated
t321fs_pten + imatinib,Resistant
t321fs_pten + regorafenib,Unknown
t321fs_pten + sorafenib,Resistant
t321fs_pten + sorafenib tosylate,Resistant
t321fs_pten + sunitinib,Resistant
t323a_pole + chemotherapy,Resistant
t323a_pole + immune checkpoint inhibitor,Sensitive
t323a_pole + pembrolizumab,Sensitive
t341i_src + dasatinib,Resistant
t347t_esr1 + abemaciclib,Unknown
t347t_esr1 + adjuvant chemotherapy,Unknown
t347t_esr1 + exemestane,Unknown
t347t_esr1 + letrozole,Unknown
t347t_esr1 + palbociclib,Unknown
t347t_esr1 + ribociclib,Unknown
t354k_egfr + icotinib,Unknown
t355i_erbb3 + hormone therapy,Resistant
t355i_erbb3 + sch772984,Sensitive
t355i_erbb3 + tucatinib,Unknown
t355i_erbb3 + tyrosine kinase inhibitor,Unknown
t363n_egfr + icotinib,Unknown
t367fs_chek2 + imatinib,Unknown
t367fs_chek2 + radiation ionizing radiotherapy,Unrelated
t367fs_chek2 + radiation therapy,Unrelated
t369i_pik3r1 + chemotherapy,Unknown
t376fs_chek2 + nivolumab,Unknown
t376fs_chek2 + olaparib,Unknown
t376fs_chek2 + trametinib,Unknown
t393c_gnas + chemotherapy,Unrelated
t393c_gnas + erlotinib,Diagnostic
t393c_gnas + gefitinib,Diagnostic
t393c_gnas + tyrosine kinase inhibitor,Diagnostic
t399i_tlr4 + adjuvant chemotherapy,Unknown
t416d_ezh2 + ezh2 inhibitor,Sensitive
t416d_ezh2 + tamoxifen,Sensitive
t41a_ctnnb1 + adjuvant chemotherapy,Unrelated
t41a_ctnnb1 + atezolizumab,Resistant
t41a_ctnnb1 + carboplatin,Unrelated
t41a_ctnnb1 + celecoxib,Sensitive
t41a_ctnnb1 + cetuximab,Resistant
t41a_ctnnb1 + dasatinib,Sensitive
t41a_ctnnb1 + erlotinib,Resistant
t41a_ctnnb1 + everolimus,Sensitive
t41a_ctnnb1 + fluorouracil,Resistant
t41a_ctnnb1 + hydroxychloroquine,Unrelated
t41a_ctnnb1 + irinotecan,Resistant
t41a_ctnnb1 + mtor inhibitor,Sensitive
t41a_ctnnb1 + nirogacestat,Sensitive
t41a_ctnnb1 + oxaliplatin,Resistant
t41a_ctnnb1 + pemetrexed,Unrelated
t41a_ctnnb1 + sirolimus,Sensitive
t430s_egfr + icotinib,Unknown
t452m_smpdl3b + immunotherapy,Sensitive
t458i_mmp2 + braf inhibitor,Sensitive
t458i_mmp2 + plx4720,Sensitive
t462a_ccdc6 + cisplatin,Resistant
t467fs_ezh2 + ezh2 inhibitor,Sensitive
t467fs_ezh2 + gsk126,Sensitive
t474_btk + ibrutinib,Resistant
t474i_btk + ibrutinib,Resistant
t474i_btk + venetoclax,Unrelated
t474l_btk + ibrutinib,Resistant
t474l_btk + venetoclax,Unrelated
t484a_ercc2 + chemotherapy,Sensitive
t484a_ercc2 + cisplatin,Sensitive
t484a_ercc2 + radiation ionizing radiotherapy,Sensitive
t484a_ercc2 + radiation therapy,Sensitive
t485k_pms2 + immunotherapy,Unknown
t485k_pms2 + nivolumab,Unknown
t50i_kras + cisplatin,Unknown
t50i_kras + panitumumab,Unknown
t537s_esr1 + tamoxifen,Resistant
t566p_hipk2 + doxorubicin,Sensitive
t566p_hipk2 + radiation therapy,Resistant
t570i_esr1 + hormone therapy,Resistant
t582p_brca2 + capecitabine,Unknown
t582p_brca2 + olaparib,Unknown
t582p_brca2 + oxaliplatin,Unknown
t582p_brca2 + radiation ionizing radiotherapy,Unknown
t582p_brca2 + radiation therapy,Unknown
t58_ras + adagrasib,Unknown
t58_ras + sotorasib,Unknown
t58a_myc + sirolimus,Resistant
t599dup_braf + adjuvant chemotherapy,Resistant
t599dup_braf + braf inhibitor,Sensitive
t599dup_braf + chemotherapy,Resistant
t599dup_braf + dabrafenib,Sensitive
t599dup_braf + dabrafenib/trametinib regimen,Sensitive
t599i_braf + braf inhibitor,Sensitive
t599i_braf + vemurafenib,Sensitive
t599v600inst_braf + cobimetinib,Sensitive
t599v600inst_braf + vemurafenib,Sensitive
t618i_csf3r + hematopoietic cell transplantation,Unrelated
t618i_csf3r + ruxolitinib,Sensitive
t652m_erbb2 + afatinib,Unknown
t652m_erbb2 + chemotherapy,Unrelated
t652m_erbb2 + lapatinib,Unknown
t652m_erbb2 + pyrotinib,Unknown
t652m_erbb2 + trastuzumab,Unknown
t652m_erbb2 + trastuzumab emtansine,Unknown
t666i_epha7 + adjuvant chemotherapy,Unrelated
t666i_epha7 + hormone therapy,Resistant
t670_kit + avapritinib,Unknown
t670_kit + imatinib,Resistant
t670_kit + nilotinib,Unknown
t670_kit + pazopanib,Unknown
t670_kit + ponatinib,Unknown
t670_kit + regorafenib,Unknown
t670_kit + ripretinib,Unknown
t670_kit + sunitinib,Unknown
t670i_kit + adjuvant chemotherapy,Unrelated
t670i_kit + afatinib,Unrelated
t670i_kit + chmfl-kit-031,Resistant
t670i_kit + erlotinib,Unrelated
t670i_kit + gefitinib,Unrelated
t670i_kit + lapatinib,Unrelated
t670i_kit + neratinib,Unrelated
t670i_kit + osimertinib,Unrelated
t670i_kit + ponatinib,Sensitive
t670i_kit + the-630,Sensitive
t670i_kit + trastuzumab,Unrelated
t681a_pdgfrb + chemotherapy,Unrelated
t681a_pdgfrb + sunitinib,Resistant
t681f_pdgfrb + chemotherapy,Unrelated
t681f_pdgfrb + sunitinib,Resistant
t681i_ddr2 + dasatinib,Sensitive
t681i_pdgfrb + chemotherapy,Unrelated
t681i_pdgfrb + sunitinib,Resistant
t681m_pdgfrb + chemotherapy,Unrelated
t681m_pdgfrb + sunitinib,Resistant
t709p_ercc2 + radiation therapy,Sensitive
t719r_bard1 + cisplatin,Sensitive
t719r_bard1 + olaparib,Sensitive
t725m_egfr + gefitinib,Unknown
t725m_egfr + osimertinib,Resistant
t725m_egfr + tyrosine kinase inhibitor,Resistant
t74p_kras + cetuximab,Resistant
t74p_kras + irinotecan,Unrelated
t766m_egfr + tyrosine kinase inhibitor,Resistant
t771k_kdr + radiation ionizing radiotherapy,Unrelated
t771k_kdr + radiation therapy,Unrelated
t771r_kdr + cetuximab,Unrelated
t771r_kdr + irinotecan,Unrelated
t771r_kdr + radiation ionizing radiotherapy,Unrelated
t771r_kdr + radiation therapy,Unrelated
t771r_kdr + ramucirumab,Resistant
t787a_ar + abiraterone,Resistant
t787a_ar + cisplatin,Sensitive
t787a_ar + enzalutamide,Resistant
t790_egfr + bevacizumab,Unrelated
t790_egfr + chemotherapy,Unrelated
t790_egfr + dexamethasone,Unrelated
t790_egfr + pemetrexed,Unrelated
t790_egfr + radiation therapy,Unknown
t790i_egfr + gefitinib,Resistant
t790i_egfr + immunotherapy,Unknown
t790i_egfr + osimertinib,Sensitive
t790i_egfr + tyrosine kinase inhibitor,Resistant
t790l_egfr + gefitinib,Resistant
t790l_egfr + icotinib,Resistant
t790l_egfr + osimertinib,Sensitive
t790l_egfr + tyrosine kinase inhibitor,Resistant
t790m_egfr + 7-ethyl-10-hydroxycamptothecin,Sensitive
t790m_egfr + abemaciclib,Unrelated
t790m_egfr + adagrasib,Unrelated
t790m_egfr + akt inhibitor mk2206,Unrelated
t790m_egfr + alpelisib,Unrelated
t790m_egfr + amrubicin,Unknown
t790m_egfr + angiogenesis inhibitor,Unknown
t790m_egfr + barasertib,Resistant
t790m_egfr + binimetinib,Unknown
t790m_egfr + bosutinib,Unknown
t790m_egfr + braf inhibitor,Unrelated
t790m_egfr + buparlisib,Unrelated
t790m_egfr + cabozantinib,Sensitive
t790m_egfr + canertinib,Resistant
t790m_egfr + capecitabine,Unknown
t790m_egfr + capmatinib,Unrelated
t790m_egfr + cdk4/6 inhibition,Sensitive
t790m_egfr + celecoxib,Unrelated
t790m_egfr + chloroquine,Sensitive
t790m_egfr + cytarabine,Unrelated
t790m_egfr + dabrafenib,Unrelated
t790m_egfr + dabrafenib/trametinib regimen,Unrelated
t790m_egfr + dexamethasone,Unrelated
t790m_egfr + egfr tyrosine kinase inhibitor therapy,Resistant
t790m_egfr + ensartinib,Unknown
t790m_egfr + epirubicin,Unrelated
t790m_egfr + erlotinib hydrochloride,Resistant
t790m_egfr + everolimus,Unknown
t790m_egfr + fact complex-targeting curaxin cbl0137,Sensitive
t790m_egfr + foretinib,Sensitive
t790m_egfr + fulvestrant,Unrelated
t790m_egfr + hormone therapy,Unrelated
t790m_egfr + ibrutinib,Unrelated
t790m_egfr + k 252a,Sensitive
t790m_egfr + lenvatinib,Resistant
t790m_egfr + linsitinib,Sensitive
t790m_egfr + met tyrosine kinase inhibitor sgx523,Sensitive
t790m_egfr + metformin,Sensitive
t790m_egfr + methotrexate,Unrelated
t790m_egfr + niacinamide,Unrelated
t790m_egfr + nimotuzumab,Sensitive
t790m_egfr + olaparib,Unknown
t790m_egfr + omacetaxine mepesuccinate,Unknown
t790m_egfr + onartuzumab,Unrelated
t790m_egfr + paclitaxel liposome,Unrelated
t790m_egfr + pacritinib,Unknown
t790m_egfr + palbociclib,Unrelated
t790m_egfr + pan-raf inhibitor ly3009120,Unrelated
t790m_egfr + panitumumab,Resistant
t790m_egfr + pertuzumab,Unrelated
t790m_egfr + pralsetinib,Unrelated
t790m_egfr + prednisolone,Unrelated
t790m_egfr + psi,Unknown
t790m_egfr + regorafenib,Unrelated
t790m_egfr + ribociclib,Unrelated
t790m_egfr + rmc-4550,Unrelated
t790m_egfr + savolitinib,Unrelated
t790m_egfr + sonidegib,Unrelated
t790m_egfr + sorafenib,Unrelated
t790m_egfr + sorafenib tosylate,Unrelated
t790m_egfr + sotorasib,Unrelated
t790m_egfr + staurosporine,Sensitive
t790m_egfr + su11274,Unrelated
t790m_egfr + sunitinib,Unrelated
t790m_egfr + tegafur,Resistant
t790m_egfr + temozolomide,Resistant
t790m_egfr + therapeutic glucocorticoid,Unrelated
t790m_egfr + tipifarnib,Sensitive
t790m_egfr + trastuzumab,Unrelated
t790m_egfr + trastuzumab deruxtecan,Unrelated
t790m_egfr + trastuzumab emtansine,Unrelated
t790m_egfr + tremelimumab,Sensitive
t790m_egfr + tucatinib,Unrelated
t790m_egfr + u0126,Unrelated
t790m_egfr + vemurafenib,Unrelated
t790m_egfr + vismodegib,Unrelated
t790mc797s_egfr + chemotherapy,Unknown
t790mc797s_egfr + gefitinib,Resistant
t790mc797s_egfr + osimertinib,Resistant
t790s_egfr + afatinib,Unknown
t790s_egfr + cetuximab,Unknown
t790s_egfr + erlotinib,Unknown
t790s_egfr + osimertinib,Unknown
t790wildtype_egfr + rociletinib,Resistant
t798i_erbb2 + afatinib,Sensitive
t798i_erbb2 + erlotinib,Unrelated
t798i_erbb2 + gefitinib,Unrelated
t798i_erbb2 + imatinib,Unrelated
t798i_erbb2 + mobocertinib,Sensitive
t798i_erbb2 + osimertinib,Unrelated
t798i_erbb2 + poziotinib,Sensitive
t798m_erbb2 + bosutinib,Resistant
t798m_erbb2 + gefitinib,Resistant
t807l_fgfr2 + chemotherapy,Unknown
t807l_fgfr2 + cisplatin,Unknown
t807l_fgfr2 + erdafitinib,Sensitive
t80k_nfe2l2 + everolimus,Sensitive
t80k_nfe2l2 + mtor inhibitor,Sensitive
t80k_nfe2l2 + sirolimus,Sensitive
t815m_jak3 + tofacitinib,Unknown
t82a_mlh1 + immunotherapy,Diagnostic
t847a_egfr + canertinib,Unknown
t847a_egfr + erlotinib,Unknown
t847a_egfr + lapatinib,Unknown
t854a_egfr + canertinib,Unknown
t854a_egfr + erlotinib,Unknown
t854a_egfr + gefitinib,Sensitive
t854a_egfr + lapatinib,Unknown
t854a_egfr + osimertinib,Sensitive
t862a_erbb2 + fulvestrant,Unrelated
t862a_erbb2 + lapatinib,Resistant
t862a_erbb2 + mobocertinib,Sensitive
t862a_erbb2 + poziotinib,Sensitive
t862a_erbb2 + tucatinib,Resistant
t862a_erbb2 + tyrosine kinase inhibitor,Unknown
t862s_erbb2 + lapatinib,Resistant
t862s_erbb2 + neratinib,Unknown
t862s_erbb2 + tucatinib,Resistant
t869c_tgfbeta1 + chemotherapy,Unrelated
t869c_tgfbeta1 + gefitinib,Unrelated
t869c_tgfbeta1 + radiation ionizing radiotherapy,Diagnostic
t869c_tgfbeta1 + radiation therapy,Diagnostic
t877a_ar + apalutamide,Unknown
t877a_ar + bevacizumab,Unrelated
t877a_ar + cyproterone acetate,Sensitive
t877a_ar + dexamethasone,Sensitive
t877a_ar + docetaxel,Unknown
t877a_ar + everolimus,Unrelated
t877a_ar + galeterone,Sensitive
t877a_ar + leuprolide,Unrelated
t877a_ar + prednisone,Unrelated
t877a_ar + tamoxifen,Unrelated
t877a_ar + therapeutic glucocorticoid,Unrelated
t877s_ar + bicalutamide,Resistant
t877s_ar + chemotherapy,Unrelated
t878a_ar + dexamethasone,Resistant
t878a_ar + galeterone,Sensitive
t878a_ar + prednisone,Unrelated
t878g_ar + apalutamide,Unknown
t878g_ar + enzalutamide,Sensitive
t878s_ar + dexamethasone,Resistant
t878s_ar + prednisone,Unrelated
t878s_ar + therapeutic glucocorticoid,Resistant
t89n_rragc + sirolimus,Sensitive
t910a_parp1 + olaparib,Resistant
t930k_ret + pralsetinib,Unknown
t930k_ret + selpercatinib,Unknown
t930p_ret + pralsetinib,Unknown
t930p_ret + selpercatinib,Unknown
t934m_msh2 + capecitabine,Unknown
t934m_msh2 + immunotherapy,Sensitive
t934m_msh2 + nivolumab,Sensitive
t934m_msh2 + oxaliplatin,Unknown
t940a_egfr + erlotinib,Resistant
t940a_egfr + osimertinib,Unknown
t940a_egfr + sorafenib,Unrelated
t940a_egfr + sorafenib tosylate,Unrelated
t940a_egfr + tyrosine kinase inhibitor,Resistant
t942i_mlh3 + immunotherapy,Unknown
t942i_mlh3 + nivolumab,Unknown
t97s_eif2a + chemotherapy,Resistant
tacc3_fgfr3 + adjuvant chemotherapy,Unknown
tacc3_fgfr3 + atezolizumab,Unrelated
tacc3_fgfr3 + bevacizumab,Unrelated
tacc3_fgfr3 + dabrafenib,Unrelated
tacc3_fgfr3 + dabrafenib/trametinib regimen,Unrelated
tacc3_fgfr3 + enfortumab vedotin,Sensitive
tacc3_fgfr3 + erdafitinib,Sensitive
tacc3_fgfr3 + fgfr inhibitor asp5878,Sensitive
tacc3_fgfr3 + immunotherapy,Unrelated
tacc3_fgfr3 + infigratinib,Sensitive
tacc3_fgfr3 + larotrectinib,Unrelated
tacc3_fgfr3 + pembrolizumab,Unrelated
tacc3_fgfr3 + pemigatinib,Sensitive
tacc3_fgfr3 + radiation therapy,Unrelated
tacc3_fgfr3 + trametinib,Unrelated
tacc3_fgfr3 + tyrosine kinase inhibitor,Sensitive
tdsd_akt1 + radiation ionizing radiotherapy,Resistant
tdsd_akt1 + radiation therapy,Resistant
ter394aspfs28_tp53 + cisplatin,Unknown
thr367argfs_chek2 + chemotherapy,Unknown
thr367metfs15_chek2 + chemotherapy,Unrelated
thr367metfs15_chek2 + imatinib,Resistant
thr367metfs15_chek2 + radiation ionizing radiotherapy,Unrelated
thr367metfs15_chek2 + radioactive iodine,Unrelated
thr367metfs15_chek2 + tisagenlecleucel,Sensitive
thr81asnfs42_tp53 + radiation therapy,Unrelated
thr997argfster61_brip1 + cisplatin,Sensitive
thr997argfster61_brip1 + mitomycin,Sensitive
tjp1ros1 + crizotinib,Sensitive
tkd_flt3 + chemotherapy,Sensitive
tkd_flt3 + cytarabine,Sensitive
tkd_flt3 + palbociclib,Sensitive
tkd_flt3 + ponatinib,Sensitive
tkd_flt3 + venetoclax,Sensitive
tp53pr248w + hematopoietic cell transplantation,Sensitive
trp103_tsc1 + everolimus,Sensitive
trp2638_atm + chemotherapy,Unknown
trp2638_atm + radiation therapy,Unknown
trp53r172h + immunotherapy,Sensitive
trp53r270h + radiation therapy,Resistant
trp559arg560del_pdgfra + imatinib,Sensitive
trp722ter_nbn + adjuvant chemotherapy,Unknown
trp722ter_nbn + lenvatinib,Resistant
trp722ter_nbn + radiation ionizing radiotherapy,Unrelated
trp722ter_nbn + radiation therapy,Sensitive
trp722ter_nbn + zoledronic acid,Unrelated
tyr1068_egfr + osimertinib,Sensitive
tyr1068_egfr + radiation therapy,Unrelated
tyr1068_egfr + tyrosine kinase inhibitor,Sensitive
tyr1173_egfr + osimertinib,Sensitive
tyr1173_egfr + radiation therapy,Unrelated
tyr1173_egfr + tyrosine kinase inhibitor,Sensitive
tyr1316fs_ptch1 + cetuximab,Resistant
tyr1316fs_ptch1 + folfiri regimen,Unrelated
tyr1666terfs_brca1 + hormone therapy,Unknown
tyr186tyr190del_il6st + ruxolitinib,Sensitive
tyr186tyr190del_il6st + tofacitinib,Sensitive
tyr2208fs_atrx + radiation therapy,Unknown
tyr2208fs_atrx + temozolomide,Unknown
tyr2215thrfs14_brca2 + capecitabine,Unknown
tyr2215thrfs14_brca2 + chemotherapy,Sensitive
tyr2215thrfs14_brca2 + docetaxel,Unknown
tyr2215thrfs14_brca2 + gemcitabine,Unknown
tyr542_ptpn11 + braf inhibitor,Sensitive
tyr542_ptpn11 + cetuximab,Unknown
tyr542_ptpn11 + gefitinib,Unrelated
tyr542_ptpn11 + imatinib,Unrelated
tyr542_ptpn11 + trastuzumab,Unrelated
tyr542_ptpn11 + vemurafenib,Sensitive
tyr705_stat3 + ruxolitinib,Sensitive
tyr705_stat3 + tofacitinib,Sensitive
tyr750_mlh1 + immune checkpoint inhibitor,Sensitive
tyr750_mlh1 + pembrolizumab,Sensitive
tyr751_pdgfr + axitinib,Unrelated
tyr751_pdgfr + pazopanib,Unrelated
tyr751_pdgfr + sorafenib,Unrelated
tyr751_pdgfr + sorafenib tosylate,Unrelated
tyr751_pdgfr + sunitinib,Unrelated
tyr772ala775dup_erbb2 + chemotherapy,Resistant
tyr772ala775dup_erbb2 + trastuzumab,Sensitive
tyr772ala775dup_erbb2 + trastuzumab emtansine,Sensitive
ugt1a128_ugt1a1 + adjuvant chemotherapy,Unrelated
ugt1a128_ugt1a1 + aromatase inhibitor,Unrelated
ugt1a128_ugt1a1 + capecitabine,Unrelated
ugt1a128_ugt1a1 + exemestane,Unknown
ugt1a128_ugt1a1 + folfiri regimen,Diagnostic
ugt1a128_ugt1a1 + hormone therapy,Unrelated
ugt1a128_ugt1a1 + letrozole,Unrelated
ugt1a128_ugt1a1 + panitumumab,Unrelated
ugt1a128_ugt1a1 + sorafenib,Unknown
ugt1a128_ugt1a1 + sorafenib tosylate,Unknown
ugt1a128_ugt1a1 + tyrosine kinase inhibitor,Unknown
v1001f1007del_met + cabozantinib,Unknown
v1001f1007del_met + crizotinib,Sensitive
v1002a_met + crizotinib,Unrelated
v1002a_met + tyrosine kinase inhibitor,Resistant
v104l_erbb3 + capivasertib,Unrelated
v104l_erbb3 + everolimus,Unrelated
v104l_erbb3 + mtor inhibitor,Unrelated
v104l_erbb3 + neratinib,Sensitive
v104l_erbb3 + trametinib,Unrelated
v104l_erbb3 + tucatinib,Sensitive
v104l_erbb3 + tyrosine kinase inhibitor,Sensitive
v104m_erbb3 + afatinib,Sensitive
v104m_erbb3 + afimoxifene,Unrelated
v104m_erbb3 + chemotherapy,Unknown
v104m_erbb3 + cisplatin,Resistant
v104m_erbb3 + fulvestrant,Unknown
v104m_erbb3 + lapatinib,Unknown
v1067e_tsc2 + everolimus,Unknown
v1067e_tsc2 + sunitinib,Unknown
v1067e_tsc2 + temsirolimus,Sensitive
v109g_cdkn1b + abemaciclib,Sensitive
v109g_cdkn1b + adjuvant chemotherapy,Unknown
v109g_cdkn1b + hormone therapy,Resistant
v109g_cdkn1b + palbociclib,Sensitive
v109g_p27kip1 + adjuvant chemotherapy,Unrelated
v109g_p27kip1 + hormone therapy,Resistant
v109g_p27kip1 + palbociclib,Sensitive
v1180l_alk + brigatinib,Unknown
v1180l_alk + chemotherapy,Unrelated
v1180l_alk + crizotinib,Unknown
v1180l_alk + ensartinib,Unknown
v1180l_alk + olaparib,Unknown
v1234fs_brca1 + chemotherapy,Unknown
v123lfs39_gprc5a + carboplatin,Unrelated
v123lfs39_gprc5a + radiation therapy,Unrelated
v1255a_erbb2 + chemotherapy,Unknown
v1255a_erbb2 + radiation ionizing radiotherapy,Sensitive
v1255a_erbb2 + radiation therapy,Sensitive
v12_kras + radiation ionizing radiotherapy,Resistant
v12_kras + radiation therapy,Resistant
v12_kras + sorafenib,Sensitive
v12_kras + sorafenib tosylate,Sensitive
v12_rac1 + metformin,Resistant
v12_ras + immunotherapy,Unknown
v12d_kras + mirdametinib,Unknown
v12d_kras + u0126,Sensitive
v1368m_pole + immune checkpoint inhibitor,Sensitive
v1368m_pole + immunotherapy,Sensitive
v1368m_pole + pembrolizumab,Sensitive
v143a_tp53 + cisplatin,Unknown
v147gfs2_tp53 + cabozantinib,Unrelated
v147gfs2_tp53 + chemotherapy,Resistant
v147gfs2_tp53 + pralsetinib,Unrelated
v147gfs2_tp53 + radiation ionizing radiotherapy,Resistant
v147gfs2_tp53 + radiation therapy,Resistant
v147gfs2_tp53 + selpercatinib,Unrelated
v147gfs2_tp53 + vandetanib,Unrelated
v14i_kras + irinotecan,Unrelated
v14i_kras + panitumumab,Unrelated
v14l_kras + cetuximab,Unrelated
v14l_kras + panitumumab,Unrelated
v14m_kras + cetuximab,Unrelated
v14m_kras + panitumumab,Unrelated
v156d_bcl + venetoclax,Resistant
v157_tp53 + therapeutic tumor infiltrating lymphocytes,Unrelated
v157f_tp53 + carboplatin,Unknown
v157f_tp53 + chemotherapy,Sensitive
v157f_tp53 + cisplatin,Sensitive
v157f_tp53 + doxorubicin,Sensitive
v157f_tp53 + eprenetapopt,Unrelated
v157f_tp53 + etoposide,Sensitive
v158f_fcgr3a + anti-egfr monoclonal antibody,Sensitive
v158f_fcgr3a + avelumab,Unrelated
v158f_fcgr3a + doxorubicin,Unrelated
v158f_fcgr3a + fluorouracil,Unknown
v158f_fcgr3a + immunotherapy,Sensitive
v158f_fcgr3a + irinotecan,Unknown
v158f_fcgr3a + oxaliplatin,Unknown
v158f_fcgr3a + panitumumab,Sensitive
v158f_fcgr3a + trastuzumab,Unrelated
v172f_tp53 + carboplatin,Unknown
v172f_tp53 + etoposide,Unknown
v172f_tp53 + gemcitabine,Sensitive
v172f_tp53 + oxaliplatin,Sensitive
v173g_tp53 + adjuvant chemotherapy,Unknown
v173m_tp53 + carboplatin,Unknown
v173m_tp53 + chemotherapy,Unknown
v173m_tp53 + paclitaxel,Unknown
v173m_tp53 + radiation therapy,Unknown
v1754l_notch1 + nirogacestat,Unknown
v1804kfs_brca2 + cisplatin,Unknown
v1804kfs_brca2 + olaparib,Resistant
v197e_tp53 + radiation ionizing radiotherapy,Unrelated
v197e_tp53 + radiation therapy,Unrelated
v2109i_brca2 + olaparib,Unknown
v211d_mek1 + binimetinib,Resistant
v211d_mek1 + panitumumab,Unrelated
v219m_nf2 + hormone therapy,Unrelated
v224m_cbr3 + bortezomib,Unrelated
v224m_cbr3 + cisplatin,Sensitive
v224m_cbr3 + eribulin,Unrelated
v2424g_atm + radiation ionizing radiotherapy,Sensitive
v2424g_atm + radiation therapy,Sensitive
v2439g_atm + immune checkpoint inhibitor,Diagnostic
v2439g_atm + immunotherapy,Diagnostic
v2466a_brca2 + chemotherapy,Unknown
v2466a_brca2 + docetaxel,Unknown
v2466a_brca2 + olaparib,Sensitive
v2466a_brca2 + radiation therapy,Unrelated
v2466a_brca2 + talazoparib,Unknown
v249i_cx3cr1 + radiation ionizing radiotherapy,Sensitive
v249i_cx3cr1 + radiation therapy,Sensitive
v2511i_nf1 + chemotherapy,Unknown
v2716a_atm + cisplatin,Unknown
v2716a_atm + olaparib,Sensitive
v272g_erbb2 + afatinib,Unknown
v272g_erbb2 + trastuzumab,Unknown
v272g_erbb2 + trastuzumab emtansine,Unknown
v272l_tp53 + chemotherapy,Unknown
v274r_tp53 + radiation therapy,Resistant
v274r_tp53 + vorinostat,Unknown
v275fs1_pten + carboplatin,Unrelated
v275fs1_pten + chemotherapy,Unrelated
v275fs1_pten + niraparib,Sensitive
v275fs1_pten + olaparib,Sensitive
v275fs1_pten + rucaparib,Sensitive
v275fs1_pten + talazoparib,Sensitive
v275fs1_pten + veliparib,Sensitive
v289m_axl + erlotinib,Resistant
v291l292del_aip + radiation therapy,Sensitive
v32e_nfe2l2 + alpelisib,Unrelated
v32e_nfe2l2 + mtor inhibitor,Unrelated
v333i_eya2 + immunotherapy,Sensitive
v344g_pik3ca + alpelisib,Unknown
v344m_pi3kca + adjuvant chemotherapy,Unrelated
v344m_pi3kca + buparlisib,Sensitive
v344m_pi3kca + fulvestrant,Sensitive
v344m_pi3kca + lapatinib,Resistant
v344m_pi3kca + taselisib,Sensitive
v355i_esr1 + adjuvant chemotherapy,Unrelated
v355i_esr1 + tamoxifen,Diagnostic
v37m_etv6 + methotrexate,Unknown
v382i_esr1 + aromatase inhibitor,Resistant
v382i_esr1 + fulvestrant,Unknown
v382i_esr1 + hormone therapy,Resistant
v382i_esr1 + letrozole,Resistant
v382i_esr1 + palbociclib,Unknown
v382i_esr1 + tamoxifen,Resistant
v384d_mlh1 + chemotherapy,Diagnostic
v384d_mlh1 + immunotherapy,Diagnostic
v384d_mlh1 + tyrosine kinase inhibitor,Resistant
v392f_esr1 + elacestrant,Sensitive
v392f_esr1 + fulvestrant,Resistant
v392f_esr1 + tamoxifen,Resistant
v392i_esr1 + abemaciclib,Unknown
v392i_esr1 + exemestane,Unknown
v392i_esr1 + fulvestrant,Unknown
v392i_esr1 + immunotherapy,Sensitive
v392i_esr1 + letrozole,Unknown
v392i_esr1 + palbociclib,Unknown
v392i_esr1 + ribociclib,Unknown
v392i_esr1 + tamoxifen,Unknown
v396i_fgfr1 + hormone therapy,Unknown
v3_eml4 + alectinib,Resistant
v3_eml4 + brigatinib,Sensitive
v3_eml4 + ibuprofen,Unrelated
v411l_pole + cisplatin,Resistant
v411l_pole + cytarabine,Sensitive
v411l_pole + fludarabine,Sensitive
v411l_pole + radiation therapy,Resistant
v416l_btk + ibrutinib,Resistant
v422del_esr1 + fulvestrant,Unknown
v422del_esr1 + hormone therapy,Resistant
v43m_slc7a7 + cyclophosphamide,Unrelated
v43m_slc7a7 + doxorubicin,Unrelated
v43m_slc7a7 + prednisone,Unrelated
v43m_slc7a7 + ruxolitinib,Unrelated
v43m_slc7a7 + vincristine,Unrelated
v483m_ptprh + osimertinib,Sensitive
v492m_fgfr1 + erdafitinib,Resistant
v507m_bard1 + chemotherapy,Sensitive
v507m_bard1 + cisplatin,Sensitive
v524e_esr1 + fulvestrant,Unknown
v530i_kit + bevacizumab,Unknown
v530i_kit + dasatinib,Sensitive
v530i_kit + imatinib,Sensitive
v530i_kit + sorafenib,Unknown
v530i_kit + sorafenib tosylate,Unknown
v530i_kit + sunitinib,Unknown
v530i_kit + temsirolimus,Unknown
v534e_esr1 + aromatase inhibitor,Resistant
v534e_esr1 + fulvestrant,Unrelated
v534e_esr1 + pictilisib,Unrelated
v541i_ltk + pazopanib,Sensitive
v548e_braf + vemurafenib,Resistant
v550e_fgfr4 + omipalisib,Sensitive
v550e_fgfr4 + temsirolimus,Sensitive
v550e_fgfr4 + vincristine,Resistant
v550l_fgfr4 + chemotherapy,Unrelated
v550l_fgfr4 + fisogatinib,Unknown
v550l_fgfr4 + immunotherapy,Sensitive
v550l_fgfr4 + monomethyl auristatin e,Sensitive
v553m_fgfr3 + pemigatinib,Resistant
v555l_fgfr2 + chemotherapy,Unknown
v555l_fgfr2 + cisplatin,Unknown
v555l_fgfr2 + erdafitinib,Sensitive
v555l_fgfr3 + pemigatinib,Resistant
v555m_fgfr3 + pembrolizumab,Unknown
v555m_fgfr3 + pemigatinib,Resistant
v557l_fgfr3 + erdafitinib,Resistant
v557m_fgfr3 + erdafitinib,Resistant
v558_kit + cabozantinib,Unknown
v558_kit + imatinib,Sensitive
v558_kit + sunitinib,Sensitive
v558_kit + tamoxifen,Unrelated
v558del_kit + imatinib,Sensitive
v559_kit + imatinib,Unknown
v559a_kit + imatinib,Sensitive
v559d_kit + chmfl-kit-031,Sensitive
v559d_kit + imatinib,Resistant
v559d_kit + ponatinib,Resistant
v559n566delinsd_kit + imatinib,Sensitive
v560d_kit + lonafarnib,Sensitive
v560d_kit + ponatinib,Sensitive
v560d_kit + ripretinib,Unknown
v560d_kit + sunitinib,Unknown
v560d_kit + tipifarnib,Sensitive
v560e_esr1 + hormone therapy,Resistant
v560e_esr1 + tamoxifen,Resistant
v560g_kit + chemotherapy,Resistant
v560g_kit + dasatinib,Sensitive
v560g_kit + ibrutinib,Sensitive
v560g_kit + imatinib,Sensitive
v560g_kit + nu7441,Sensitive
v561d_pdgfra + imatinib,Sensitive
v561m_fgfr1 + fexagratinib,Unknown
v561m_fgfr1 + lucitanib,Resistant
v561m_fgfr1 + ponatinib,Sensitive
v564a_kit + adjuvant chemotherapy,Unrelated
v564a_kit + chemotherapy,Unrelated
v564a_kit + imatinib,Resistant
v564f_fgfr2 + derazantinib,Unknown
v564f_fgfr2 + erdafitinib,Resistant
v564f_fgfr2 + folfox regimen,Unrelated
v564f_fgfr2 + futibatinib,Unknown
v564i_fgfr2 + immunotherapy,Resistant
v564l_fgfr2 + futibatinib,Resistant
v564l_fgfr2 + immunotherapy,Resistant
v565f_fgfr3 + pembrolizumab,Unknown
v565i_fgfr2 + dovitinib,Resistant
v565i_fgfr2 + fexagratinib,Unknown
v565i_fgfr2 + infigratinib,Unknown
v565i_fgfr2 + ponatinib,Resistant
v565i_fgfr3 + fexagratinib,Unknown
v565i_fgfr3 + infigratinib,Unknown
v565i_fgfr3 + pd173074,Resistant
v565i_fgfr3 + ponatinib,Resistant
v567es_ar + chemotherapy,Unrelated
v567es_ar + enzalutamide,Resistant
v567es_ar + galeterone,Sensitive
v569g_kit + vemurafenib,Unrelated
v573_ntrk1 + entrectinib,Sensitive
v573_ntrk1 + larotrectinib,Resistant
v573_ntrk1 + trk inhibitor,Resistant
v582e_ddr2 + dasatinib,Unknown
v592m_fgfr1 + chemotherapy,Unknown
v595e_braf + braf inhibitor,Sensitive
v595e_braf + cobimetinib,Sensitive
v595e_braf + dabrafenib,Sensitive
v595e_braf + immunotherapy,Unrelated
v595e_braf + mirdametinib,Sensitive
v595e_braf + sorafenib,Sensitive
v595e_braf + sorafenib tosylate,Sensitive
v595e_braf + trametinib,Sensitive
v595e_braf + vemurafenib,Sensitive
v596e_braf + chemotherapy,Diagnostic
v599e_braf + adjuvant chemotherapy,Unknown
v599e_braf + vemurafenib,Sensitive
v600_braf + abemaciclib,Unrelated
v600_braf + afatinib,Sensitive
v600_braf + alectinib,Unrelated
v600_braf + anti-ctla-4 monoclonal antibody,Unrelated
v600_braf + avapritinib,Unrelated
v600_braf + avelumab,Unknown
v600_braf + axitinib,Unrelated
v600_braf + az628,Unknown
v600_braf + bevacizumab,Unknown
v600_braf + bptes,Sensitive
v600_braf + buparlisib,Unknown
v600_braf + carboplatin,Sensitive
v600_braf + cisplatin,Unknown
v600_braf + crizotinib,Unrelated
v600_braf + ctla-4 inhibitor,Unrelated
v600_braf + cyclophosphamide,Unrelated
v600_braf + dabrafenib/trametinib regimen,Sensitive
v600_braf + dasatinib,Unrelated
v600_braf + dexamethasone,Unrelated
v600_braf + dordaviprone,Unknown
v600_braf + durvalumab,Unrelated
v600_braf + eribulin,Unrelated
v600_braf + erlotinib,Unrelated
v600_braf + fludarabine,Unrelated
v600_braf + fluorouracil,Unknown
v600_braf + folfiri regimen,Unknown
v600_braf + folfox-6 regimen,Unknown
v600_braf + gemcitabine,Unknown
v600_braf + hormone therapy,Unrelated
v600_braf + hydroxychloroquine,Unknown
v600_braf + imatinib,Unrelated
v600_braf + imatinib mesylate,Unrelated
v600_braf + infigratinib,Unknown
v600_braf + lenvatinib,Unknown
v600_braf + leucovorin,Unknown
v600_braf + metformin,Unrelated
v600_braf + mtor inhibitor,Sensitive
v600_braf + navtemadlin,Unknown
v600_braf + nilotinib,Unknown
v600_braf + nimotuzumab,Unknown
v600_braf + osimertinib,Sensitive
v600_braf + oxaliplatin,Unknown
v600_braf + pan-raf inhibitor ly3009120,Sensitive
v600_braf + panobinostat,Unrelated
v600_braf + pertuzumab,Resistant
v600_braf + pexidartinib,Unrelated
v600_braf + ponatinib,Unknown
v600_braf + regorafenib,Sensitive
v600_braf + samotolisib,Unknown
v600_braf + sch772984,Sensitive
v600_braf + sorafenib,Unknown
v600_braf + sorafenib tosylate,Unknown
v600_braf + taselisib,Unrelated
v600_braf + temozolomide,Unrelated
v600_braf + trastuzumab,Resistant
v600_braf + tunlametinib,Sensitive
v600_braf + vismodegib,Unrelated
v600_braf + vorinostat,Sensitive
v600_braf + zoledronic acid,Sensitive
v600braf_braf + braf inhibitor,Sensitive
v600d_braf + adjuvant chemotherapy,Unrelated
v600d_braf + bevacizumab,Resistant
v600d_braf + chemotherapy,Unknown
v600d_braf + dabrafenib,Sensitive
v600d_braf + dabrafenib/trametinib regimen,Sensitive
v600d_braf + encorafenib,Sensitive
v600d_braf + immunotherapy,Diagnostic
v600d_braf + ipilimumab,Unknown
v600d_braf + pembrolizumab,Unknown
v600d_braf + radiation ionizing radiotherapy,Unrelated
v600d_braf + radiation therapy,Unrelated
v600d_braf + sorafenib,Sensitive
v600d_braf + sorafenib tosylate,Sensitive
v600d_braf + trametinib,Sensitive
v600e2_braf + braf inhibitor,Unknown
v600e_braf + adavosertib,Unrelated
v600e_braf + alvocidib,Unknown
v600e_braf + anti-ctla-4 monoclonal antibody,Sensitive
v600e_braf + anti-egfr antibodies,Sensitive
v600e_braf + anti-vegf monoclonal antibody,Unknown
v600e_braf + avelumab,Unknown
v600e_braf + az628,Sensitive
v600e_braf + azacitidine,Resistant
v600e_braf + b-raf/vegfr-2 inhibitor raf265,Resistant
v600e_braf + bafetinib,Sensitive
v600e_braf + bet inhibitor,Sensitive
v600e_braf + bicalutamide,Unrelated
v600e_braf + brigatinib,Unrelated
v600e_braf + cabazitaxel,Unrelated
v600e_braf + capivasertib,Unrelated
v600e_braf + carboplatin/pemetrexed regimen,Resistant
v600e_braf + carfilzomib,Sensitive
v600e_braf + cediranib,Sensitive
v600e_braf + cetuximab/encorafenib regimen,Sensitive
v600e_braf + copanlisib,Sensitive
v600e_braf + cyproterone acetate,Unrelated
v600e_braf + cytarabine,Unrelated
v600e_braf + decitabine,Sensitive
v600e_braf + dinaciclib,Sensitive
v600e_braf + elimusertib,Unknown
v600e_braf + erbb3 inhibitor,Sensitive
v600e_braf + erdafitinib,Unknown
v600e_braf + erlotinib hydrochloride,Unrelated
v600e_braf + exemestane,Unrelated
v600e_braf + ezh2 inhibitor,Sensitive
v600e_braf + fludarabine,Unrelated
v600e_braf + ganitumab,Unknown
v600e_braf + gdc-0879,Sensitive
v600e_braf + gemtuzumab ozogamicin,Unrelated
v600e_braf + hdac inhibitor obp-801,Unrelated
v600e_braf + ibrutinib,Unrelated
v600e_braf + infigratinib,Unrelated
v600e_braf + ipatasertib,Unknown
v600e_braf + jnj38877605,Unrelated
v600e_braf + leuprolide,Unrelated
v600e_braf + linifanib,Sensitive
v600e_braf + luminespib,Unrelated
v600e_braf + mcl-1 inhibitor mik665,Resistant
v600e_braf + mek inhibitor rec-4881,Unknown
v600e_braf + mercaptopurine,Sensitive
v600e_braf + mitogen-activated protein kinase kinase inhibitor,Sensitive
v600e_braf + mocetinostat,Unknown
v600e_braf + monomethyl auristatin e,Sensitive
v600e_braf + navtemadlin,Unknown
v600e_braf + niacinamide,Unrelated
v600e_braf + nirogacestat,Sensitive
v600e_braf + nutlin-3,Sensitive
v600e_braf + onalespib,Unknown
v600e_braf + panobinostat,Sensitive
v600e_braf + pd173074,Unknown
v600e_braf + pd98059,Sensitive
v600e_braf + pegargiminase,Sensitive
v600e_braf + pemigatinib,Unrelated
v600e_braf + perifosine,Unrelated
v600e_braf + pertuzumab,Unrelated
v600e_braf + pi-103,Sensitive
v600e_braf + pi3k/bet inhibitor ly294002,Sensitive
v600e_braf + pictilisib,Sensitive
v600e_braf + pomalidomide,Unrelated
v600e_braf + ponatinib,Sensitive
v600e_braf + porcupine inhibitor wnt974,Sensitive
v600e_braf + prednisolone,Unrelated
v600e_braf + refametinib,Unrelated
v600e_braf + rigosertib,Sensitive
v600e_braf + rilotumumab,Sensitive
v600e_braf + rindopepimut,Unrelated
v600e_braf + rociletinib,Unrelated
v600e_braf + ruxolitinib,Sensitive
v600e_braf + sacituzumab govitecan,Resistant
v600e_braf + sapanisertib,Unknown
v600e_braf + sb202190,Sensitive
v600e_braf + selinexor,Sensitive
v600e_braf + staurosporine,Resistant
v600e_braf + tanespimycin,Unknown
v600e_braf + taselisib,Sensitive
v600e_braf + tazemetostat,Sensitive
v600e_braf + tegafur,Sensitive
v600e_braf + tepotinib,Unrelated
v600e_braf + therapeutic glucocorticoid,Resistant
v600e_braf + trastuzumab emtansine,Unrelated
v600e_braf + tremelimumab,Unrelated
v600e_braf + trk inhibitor,Unrelated
v600e_braf + tunlametinib,Sensitive
v600e_braf + u0126,Sensitive
v600e_braf + uo126,Sensitive
v600e_braf + volasertib,Sensitive
v600e_braf + vorinostat,Sensitive
v600e_egfr + rociletinib,Sensitive
v600e_kit + imatinib,Unknown
v600e_kit + ponatinib,Sensitive
v600e_kit + regorafenib,Unknown
v600e_kit + sunitinib,Unknown
v600e_kras + chloroquine,Unknown
v600e_nras + chemotherapy,Resistant
v600f_braf + chemotherapy,Unknown
v600g_braf + braf inhibitor,Sensitive
v600g_braf + immunotherapy,Unknown
v600g_braf + pembrolizumab,Unknown
v600k601delinse_braf + adjuvant chemotherapy,Unrelated
v600k601delinse_braf + dabrafenib,Sensitive
v600k601delinse_braf + dabrafenib/trametinib regimen,Sensitive
v600k601delinse_braf + icotinib,Unrelated
v600k601delinse_braf + trametinib,Sensitive
v600k_braf + abemaciclib,Sensitive
v600k_braf + alpelisib,Sensitive
v600k_braf + anti-egfr monoclonal antibody,Resistant
v600k_braf + atezolizumab,Sensitive
v600k_braf + axitinib,Unknown
v600k_braf + buparlisib,Unrelated
v600k_braf + carboplatin/paclitaxel regimen,Unknown
v600k_braf + carmustine,Unknown
v600k_braf + celecoxib,Sensitive
v600k_braf + cetuximab,Unrelated
v600k_braf + crizotinib,Sensitive
v600k_braf + dacarbazine,Unrelated
v600k_braf + dasatinib,Sensitive
v600k_braf + doxorubicin,Unknown
v600k_braf + durvalumab,Unrelated
v600k_braf + encorafenib,Sensitive
v600k_braf + etoposide,Unknown
v600k_braf + everolimus,Sensitive
v600k_braf + ezh2 inhibitor,Unrelated
v600k_braf + gefitinib,Unrelated
v600k_braf + gemcitabine,Unknown
v600k_braf + immune checkpoint inhibitor,Sensitive
v600k_braf + lomustine,Unknown
v600k_braf + mcl-1 inhibitor mik665,Resistant
v600k_braf + mtor inhibitor,Sensitive
v600k_braf + onalespib,Unknown
v600k_braf + oxaliplatin,Unrelated
v600k_braf + pan-raf inhibitor ly3009120,Sensitive
v600k_braf + pazopanib,Unknown
v600k_braf + perifosine,Unrelated
v600k_braf + plx4720,Resistant
v600k_braf + prednisone,Unknown
v600k_braf + regorafenib,Unrelated
v600k_braf + sch772984,Resistant
v600k_braf + sirolimus,Sensitive
v600k_braf + sunitinib,Unknown
v600k_braf + taselisib,Sensitive
v600k_braf + temozolomide,Unknown
v600k_braf + venetoclax,Resistant
v600l_braf + binimetinib,Unknown
v600l_braf + chemotherapy,Resistant
v600l_braf + cisplatin,Resistant
v600l_braf + dabrafenib,Resistant
v600l_braf + trametinib,Unknown
v600m_braf + braf inhibitor,Sensitive
v600m_braf + cetuximab,Sensitive
v600m_braf + dabrafenib,Sensitive
v600m_braf + dabrafenib/trametinib regimen,Sensitive
v600m_braf + immunotherapy,Diagnostic
v600m_braf + nivolumab,Unrelated
v600m_braf + pembrolizumab,Unknown
v600m_braf + trametinib,Sensitive
v600m_braf + vemurafenib,Sensitive
v600r_braf + adjuvant chemotherapy,Unknown
v600r_braf + dabrafenib/trametinib regimen,Sensitive
v600r_braf + encorafenib,Sensitive
v600r_braf + nivolumab,Unrelated
v600r_braf + radiation ionizing radiotherapy,Unrelated
v600r_braf + radiation therapy,Unrelated
v600r_braf + sorafenib,Sensitive
v600r_braf + sorafenib tosylate,Sensitive
v600v_braf + braf inhibitor,Resistant
v600v_braf + vemurafenib,Resistant
v600wt_braf + immune checkpoint inhibitor,Unknown
v600wt_braf + navtemadlin,Unknown
v600x_braf + cetuximab,Sensitive
v600x_braf + dabrafenib,Sensitive
v600x_braf + dabrafenib/trametinib regimen,Resistant
v600x_braf + encorafenib,Sensitive
v600x_braf + immunotherapy,Resistant
v600x_braf + trametinib,Sensitive
v600x_braf + vemurafenib,Sensitive
v606i_msh2 + chemotherapy,Sensitive
v612del_mlh1 + hormone therapy,Resistant
v612del_mlh1 + pembrolizumab,Sensitive
v617_jak2 + chemotherapy,Unrelated
v617f_jak2 + adjuvant chemotherapy,Unknown
v617f_jak2 + azacitidine,Unrelated
v617f_jak2 + bet inhibitor,Sensitive
v617f_jak2 + chz868,Sensitive
v617f_jak2 + cytarabine,Unrelated
v617f_jak2 + cytoreductive surgery,Unrelated
v617f_jak2 + dasatinib,Unrelated
v617f_jak2 + decitabine,Sensitive
v617f_jak2 + enzalutamide,Resistant
v617f_jak2 + ezh2 inhibitor,Resistant
v617f_jak2 + hematopoietic cell transplantation,Unrelated
v617f_jak2 + hormone therapy,Unrelated
v617f_jak2 + hydroxychloroquine,Unrelated
v617f_jak2 + immune checkpoint inhibitor,Resistant
v617f_jak2 + immunotherapy,Unknown
v617f_jak2 + jq1,Sensitive
v617f_jak2 + methotrexate,Sensitive
v617f_jak2 + paclitaxel,Unrelated
v617f_jak2 + pacritinib,Sensitive
v617f_jak2 + prednisolone,Sensitive
v617f_jak2 + sirolimus,Unknown
v617f_jak2 + tamoxifen,Unrelated
v617w_jak2 + ruxolitinib,Unknown
v618e_braf + afimoxifene,Unknown
v618e_braf + plx4720,Sensitive
v637e_braf + afatinib,Unknown
v637e_braf + afimoxifene,Unrelated
v637e_braf + aspirin,Sensitive
v637e_braf + canertinib,Unknown
v637e_braf + cetuximab,Unknown
v637e_braf + cyproterone acetate,Unknown
v637e_braf + dabrafenib,Unknown
v637e_braf + encorafenib,Unknown
v637e_braf + lapatinib,Unknown
v637e_braf + panitumumab,Unknown
v637e_braf + tamoxifen,Unrelated
v63i_mospd1 + immunotherapy,Sensitive
v653a_kit + cabozantinib,Sensitive
v653a_kit + imatinib,Resistant
v653a_kit + sunitinib,Sensitive
v653a_kit + tamoxifen,Unrelated
v654_kit + avapritinib,Unknown
v654_kit + imatinib,Resistant
v654_kit + nilotinib,Unknown
v654_kit + pazopanib,Unknown
v654_kit + ponatinib,Unknown
v654_kit + regorafenib,Unknown
v654_kit + ripretinib,Unknown
v654_kit + sunitinib,Sensitive
v654a_kit + cabazitaxel,Unrelated
v654a_kit + cabozantinib,Sensitive
v654a_kit + chmfl-kit-031,Resistant
v654a_kit + lonafarnib,Sensitive
v654a_kit + nintedanib,Sensitive
v654a_kit + tamoxifen,Unrelated
v654a_kit + the-630,Sensitive
v654a_kit + tipifarnib,Sensitive
v655i_erbb2 + adjuvant chemotherapy,Unrelated
v655i_erbb2 + doxorubicin,Unrelated
v655i_erbb2 + trastuzumab,Unrelated
v659d_erbb2 + afatinib,Unknown
v659d_erbb2 + capecitabine,Unknown
v659d_erbb2 + lapatinib,Unknown
v659e_erbb2 + capecitabine,Sensitive
v659e_erbb2 + chemotherapy,Unrelated
v659e_erbb2 + erlotinib,Resistant
v659e_erbb2 + gefitinib,Resistant
v659e_erbb2 + lapatinib,Sensitive
v659e_erbb2 + neratinib,Sensitive
v659e_erbb2 + pyrotinib,Sensitive
v659e_erbb2 + radiation therapy,Unknown
v659e_erbb2 + trastuzumab deruxtecan,Sensitive
v660e_braf + chemotherapy,Sensitive
v660e_braf + cisplatin,Sensitive
v660e_braf + immunotherapy,Sensitive
v660e_braf + paclitaxel,Sensitive
v660e_braf + radiation therapy,Unrelated
v660l_pgr + chemotherapy,Unrelated
v660l_pgr + cisplatin,Unrelated
v660l_pgr + paclitaxel,Unrelated
v660r_braf + adjuvant chemotherapy,Unrelated
v660r_braf + immunotherapy,Sensitive
v664f_erbb2 + afatinib,Unknown
v664f_erbb2 + chemotherapy,Unrelated
v664f_erbb2 + lapatinib,Unknown
v664f_erbb2 + pyrotinib,Unknown
v664f_erbb2 + trastuzumab,Unknown
v664f_erbb2 + trastuzumab emtansine,Unknown
v66m_bdnf + chemotherapy,Unrelated
v66m_bdnf + paclitaxel,Unrelated
v684i_fgfr3 + pazopanib,Sensitive
v689i_egfr + afatinib,Resistant
v689i_egfr + chemotherapy,Resistant
v689i_egfr + cisplatin,Resistant
v689l_egfr + afatinib,Sensitive
v689l_egfr + osimertinib,Resistant
v689l_egfr + tyrosine kinase inhibitor,Resistant
v697f_wrn + carboplatin,Unrelated
v697f_wrn + chemotherapy,Unrelated
v697f_wrn + cisplatin,Unrelated
v697f_wrn + crizotinib,Unrelated
v697f_wrn + docetaxel,Unrelated
v697f_wrn + gemcitabine,Unrelated
v697f_wrn + tegafur,Unrelated
v697l_erbb2 + trastuzumab,Unknown
v697l_erbb2 + trastuzumab deruxtecan,Sensitive
v701f_sf3b1 + sotrastaurin acetate,Unknown
v716m_ar + chemotherapy,Unrelated
v716m_ar + dexamethasone,Resistant
v716m_ar + docetaxel,Unrelated
v716m_ar + enzalutamide,Resistant
v716m_ar + therapeutic glucocorticoid,Resistant
v718l_jak3 + tofacitinib,Unknown
v721i_erbb4 + adjuvant chemotherapy,Unknown
v721i_erbb4 + afatinib,Resistant
v721i_erbb4 + copanlisib,Sensitive
v721i_erbb4 + lapatinib,Unknown
v721i_erbb4 + trastuzumab,Unknown
v722i_jak3 + tofacitinib,Sensitive
v728a_ret + cabozantinib,Unknown
v728a_ret + pralsetinib,Resistant
v728a_ret + selpercatinib,Resistant
v738a_ret + cabozantinib,Resistant
v738a_ret + lenvatinib,Resistant
v738a_ret + nintedanib,Resistant
v738a_ret + vandetanib,Resistant
v738l_exo1 + chemotherapy,Sensitive
v73fs76_tp53 + afatinib,Unknown
v73fs76_tp53 + chemotherapy,Resistant
v73fs76_tp53 + gefitinib,Unknown
v73fs76_tp53 + paclitaxel,Unknown
v73fs76_tp53 + radiation therapy,Unrelated
v742a_egfr + canertinib,Unknown
v742a_egfr + erlotinib,Unknown
v742a_egfr + lapatinib,Unknown
v742i_egfr + afatinib,Unknown
v742i_egfr + erlotinib,Unknown
v742i_egfr + gefitinib,Unknown
v742i_egfr + lapatinib,Unknown
v742r_egfr + gefitinib,Sensitive
v762a_parp1 + chemotherapy,Unknown
v762a_parp1 + docetaxel,Unknown
v762a_parp1 + olaparib,Sensitive
v762a_parp1 + talazoparib,Unknown
v769d770insasv_egfr + afatinib,Unknown
v769d770insasv_egfr + chemotherapy,Sensitive
v769d770insasv_egfr + mobocertinib,Unknown
v769d770insasv_egfr + osimertinib,Resistant
v769d770insasv_egfr + pemetrexed,Sensitive
v769d770insasv_egfr + radiation therapy,Sensitive
v769d770inssfl_egfr + afatinib,Resistant
v769d770inssfl_egfr + cetuximab,Unknown
v769d770inssfl_egfr + erlotinib,Unknown
v769d770inssfl_egfr + osimertinib,Resistant
v769insasv_egfr + afatinib,Resistant
v769insasv_egfr + osimertinib,Resistant
v769insasv_egfr + poziotinib,Sensitive
v769l_egfr + tyrosine kinase inhibitor,Unknown
v774m_egfr + afatinib,Resistant
v774m_egfr + dabrafenib,Sensitive
v774m_egfr + epidermal growth factor receptor tyrosine kinase inhibitor,Resistant
v774m_egfr + osimertinib,Unknown
v777g778insgsp_erbb2 + afatinib,Unknown
v777g778insgsp_erbb2 + hormone therapy,Unrelated
v777l_erbb2 + abemaciclib,Sensitive
v777l_erbb2 + akt inhibitor mk2206,Unrelated
v777l_erbb2 + aromatase inhibitor,Unrelated
v777l_erbb2 + buparlisib,Unrelated
v777l_erbb2 + cetuximab,Resistant
v777l_erbb2 + erlotinib,Unrelated
v777l_erbb2 + exemestane,Resistant
v777l_erbb2 + gemcitabine,Unrelated
v777l_erbb2 + immunotherapy,Unrelated
v777l_erbb2 + ivosidenib,Unrelated
v777l_erbb2 + panitumumab,Resistant
v777l_erbb2 + selumetinib,Unrelated
v777l_erbb2 + tamoxifen,Unrelated
v777l_erbb2 + trametinib,Unrelated
v786m_egfr + chemotherapy,Resistant
v786m_egfr + immune checkpoint inhibitor,Resistant
v786m_egfr + tyrosine kinase inhibitor,Sensitive
v7_ar + abiraterone,Resistant
v7_ar + cdk4/6 inhibition,Sensitive
v7_ar + chemotherapy,Unrelated
v7_ar + docetaxel,Unknown
v7_ar + enzalutamide,Resistant
v7_ar + galeterone,Sensitive
v7_ar + therapeutic glucocorticoid,Unrelated
v802f_egfr + afatinib,Sensitive
v802f_egfr + gefitinib,Unknown
v802f_egfr + osimertinib,Resistant
v802f_egfr + tyrosine kinase inhibitor,Resistant
v804_ret + cabozantinib,Resistant
v804_ret + capmatinib,Unrelated
v804_ret + pralsetinib,Sensitive
v804_ret + selpercatinib,Sensitive
v804_ret + vandetanib,Resistant
v804e_ret + alectinib,Resistant
v804e_ret + chemotherapy,Unrelated
v804e_ret + ponatinib,Unknown
v804e_ret + vandetanib,Resistant
v804l_ret + chemotherapy,Unrelated
v804l_ret + immunotherapy,Unrelated
v804l_ret + nintedanib,Resistant
v804l_ret + pazopanib,Sensitive
v804l_ret + ponatinib,Sensitive
v804l_ret + sorafenib,Sensitive
v804l_ret + sorafenib tosylate,Sensitive
v804l_ret + sunitinib,Sensitive
v804m_ret + aspirin,Unrelated
v804m_ret + chemotherapy,Unrelated
v804m_ret + everolimus,Unknown
v804m_ret + imatinib,Unknown
v804m_ret + immunotherapy,Unrelated
v804m_ret + mtor inhibitor,Unknown
v804m_ret + nintedanib,Resistant
v804m_ret + pazopanib,Sensitive
v804m_ret + sorafenib,Sensitive
v804m_ret + sorafenib tosylate,Sensitive
v804m_ret + sunitinib,Sensitive
v804m_ret + tyrosine kinase inhibitor,Resistant
v804x_ret + capmatinib,Unrelated
v804x_ret + pralsetinib,Sensitive
v804x_ret + selpercatinib,Sensitive
v824v_pdgfra + avapritinib,Unrelated
v824v_pdgfra + imatinib,Unrelated
v831m_kit + immunotherapy,Sensitive
v831m_kit + radiation ionizing radiotherapy,Unrelated
v831m_kit + radiation therapy,Unrelated
v834i_egfr + afatinib,Resistant
v834i_egfr + crizotinib,Unrelated
v834l_egfr + bevacizumab,Unrelated
v834l_egfr + carboplatin,Unrelated
v834l_egfr + chemotherapy,Unrelated
v834l_egfr + icotinib,Sensitive
v834l_egfr + pembrolizumab,Sensitive
v834l_egfr + pemetrexed,Unrelated
v834l_egfr + radiation ionizing radiotherapy,Unrelated
v834l_egfr + radiation therapy,Unrelated
v840i_erbb4 + neratinib,Unknown
v840i_erbb4 + tyrosine kinase inhibitor,Unknown
v842i_erbb2 + adjuvant chemotherapy,Unknown
v842i_erbb2 + alpelisib,Unrelated
v842i_erbb2 + buparlisib,Unrelated
v842i_erbb2 + capecitabine,Unknown
v842i_erbb2 + chemotherapy,Unrelated
v842i_erbb2 + gemcitabine,Unrelated
v842i_erbb2 + hormone therapy,Unrelated
v842i_erbb2 + ivosidenib,Unrelated
v842i_erbb2 + mtor inhibitor,Unrelated
v842i_erbb2 + panitumumab,Resistant
v842i_erbb2 + pyrotinib,Unknown
v842i_erbb2 + selumetinib,Unrelated
v842i_erbb2 + trametinib,Unrelated
v843a_egfr + erlotinib,Unknown
v851d_egfr + afatinib,Resistant
v851d_egfr + osimertinib,Resistant
v855a_erbb3 + chemotherapy,Resistant
v85m_bard1 + cisplatin,Sensitive
v85m_bard1 + olaparib,Sensitive
v871i_ret + cabozantinib,Resistant
v871i_ret + lenvatinib,Resistant
v871i_ret + nintedanib,Sensitive
v871i_ret + vandetanib,Resistant
v897a_egfr + erlotinib,Resistant
v897a_egfr + osimertinib,Unknown
v897a_egfr + sorafenib,Unrelated
v897a_egfr + sorafenib tosylate,Unrelated
v897a_egfr + tyrosine kinase inhibitor,Resistant
v948r_egfr + chemotherapy,Unrelated
v948r_egfr + gefitinib,Unknown
v948r_egfr + radiation ionizing radiotherapy,Unrelated
v948r_egfr + radiation therapy,Unrelated
v955g_pik3ca + cetuximab,Resistant
v955i_pik3ca + cetuximab,Resistant
val220fs_brca2 + adjuvant chemotherapy,Sensitive
val220fs_brca2 + carboplatin,Sensitive
val220fs_brca2 + chemotherapy,Sensitive
val220fs_brca2 + paclitaxel,Sensitive
val220ilefs4_brca2 + olaparib,Sensitive
val463del_stat3 + hormone therapy,Unrelated
val501trpfster94_pms2 + aspirin,Sensitive
val73argfsx76_tp53 + radiation ionizing radiotherapy,Sensitive
val73argfsx76_tp53 + radiation therapy,Sensitive
val769asp770insmet_egfr + chemotherapy,Unrelated
val769asp770insmet_egfr + erlotinib,Sensitive
val769asp770insmet_egfr + gemcitabine,Unrelated
ve_braf + immunotherapy,Resistant
viii_egfr + alpelisib,Unknown
viii_egfr + cetuximab,Unknown
viii_egfr + chemotherapy,Unknown
viii_egfr + dacomitinib,Sensitive
viii_egfr + gefitinib,Resistant
viii_egfr + lapatinib,Resistant
viii_egfr + osimertinib,Resistant
viii_egfr + panitumumab,Sensitive
viii_egfr + temozolomide,Unknown
viii_egfr + trametinib,Resistant
vk600601e_braf + cetuximab,Resistant
vk600601e_braf + fluorouracil,Resistant
vk600601e_braf + folfiri regimen,Resistant
vk600601e_braf + folfox-6 regimen,Resistant
vk600601e_braf + immunomodulatory oligonucleotide,Unknown
vk600601e_braf + irinotecan,Resistant
vk600601e_braf + leucovorin,Resistant
vk600601e_braf + oxaliplatin,Resistant
vk600601e_braf + radiation ionizing radiotherapy,Unknown
vk600601e_braf + radiation therapy,Unknown
vus_brca2 + pembrolizumab,Sensitive
w113c_ezh2 + tazemetostat,Resistant
w1314_nf1 + pembrolizumab,Resistant
w1348nfs13_col2a1 + ivosidenib,Unrelated
w1348nfs13_col2a1 + olaparib,Unrelated
w1348nfs13_col2a1 + pembrolizumab,Unrelated
w165_pik3r2 + adjuvant chemotherapy,Unknown
w165_pik3r2 + chemotherapy,Unknown
w165_pik3r2 + cisplatin,Unknown
w165_pik3r2 + cyclophosphamide,Unknown
w165_pik3r2 + doxorubicin,Unknown
w165_pik3r2 + etoposide,Unknown
w165_pik3r2 + radiation therapy,Unknown
w165_pik3r2 + temsirolimus,Unknown
w165_pik3r2 + vincristine,Unknown
w1692fs3_brca2 + cabazitaxel,Unknown
w1692fs3_brca2 + carboplatin,Sensitive
w1692fs3_brca2 + chemotherapy,Sensitive
w1692fs3_brca2 + cisplatin,Unknown
w1692fs3_brca2 + docetaxel,Resistant
w1692fs3_brca2 + etoposide,Sensitive
w1692fs3_brca2 + olaparib,Sensitive
w1692mfsx3_brca2 + sunitinib,Unrelated
w1712x_brca1 + chemotherapy,Unknown
w218ter_sdhb + avapritinib,Unknown
w218ter_sdhb + dasatinib,Sensitive
w218ter_sdhb + imatinib,Resistant
w218ter_sdhb + infigratinib,Sensitive
w218ter_sdhb + pazopanib,Unknown
w218ter_sdhb + pemigatinib,Sensitive
w218ter_sdhb + ponatinib,Sensitive
w218ter_sdhb + regorafenib,Unknown
w218ter_sdhb + ripretinib,Sensitive
w218ter_sdhb + rogaratinib,Unknown
w218ter_sdhb + sorafenib,Unknown
w218ter_sdhb + sorafenib tosylate,Unknown
w218ter_sdhb + sunitinib,Sensitive
w219_hnf1a + chemotherapy,Unknown
w219_hnf1a + radiation therapy,Unknown
w290c_fgfr2 + pemigatinib,Resistant
w2990_brca2 + chemotherapy,Unknown
w2990_brca2 + olaparib,Sensitive
w2990x_brca2 + capecitabine,Resistant
w2990x_brca2 + chemotherapy,Resistant
w2990x_brca2 + exemestane,Unknown
w2990x_brca2 + olaparib,Sensitive
w2990x_brca2 + paclitaxel,Resistant
w308c_stk11 + immunotherapy,Unknown
w341c_csf3r + azacitidine,Sensitive
w356c_csf3r + azacitidine,Unknown
w386l_pik3ca + afatinib,Unrelated
w386l_pik3ca + alvocidib,Unrelated
w386l_pik3ca + apitolisib,Unrelated
w386l_pik3ca + belinostat,Sensitive
w386l_pik3ca + lapatinib,Unrelated
w386l_pik3ca + lucitanib,Sensitive
w386l_pik3ca + pictilisib,Unrelated
w386l_pik3ca + vorinostat,Sensitive
w39r_cyp19a1 + hormone therapy,Unrelated
w39r_cyp19a1 + letrozole,Unrelated
w401c_top1 + sacituzumab govitecan,Resistant
w401c_top1 + trastuzumab,Unrelated
w401c_top1 + trastuzumab deruxtecan,Resistant
w452c_erbb2 + pertuzumab,Sensitive
w452c_erbb2 + trastuzumab,Resistant
w4c_fgfr1 + hormone therapy,Unknown
w505l_slc17a6 + carboplatin,Unknown
w505l_slc17a6 + chemotherapy,Unknown
w505l_slc17a6 + etoposide,Unknown
w505l_slc17a6 + pemetrexed,Unknown
w515l_mpl + chz868,Sensitive
w515l_mpl + ruxolitinib,Resistant
w557_v559delinsf_kit + sunitinib,Sensitive
w557g_kit + avapritinib,Unknown
w557g_kit + imatinib,Sensitive
w557g_kit + immunotherapy,Unrelated
w557g_kit + ipilimumab,Unrelated
w557g_kit + midostaurin,Unknown
w557g_kit + nivolumab,Unrelated
w557g_kit + pembrolizumab,Unrelated
w557g_kit + radiation therapy,Unrelated
w557g_kit + tyrosine kinase inhibitor,Unknown
w557k558del_kit + imatinib,Sensitive
w557k558del_kit + lonafarnib,Sensitive
w557k558del_kit + tipifarnib,Sensitive
w557lfsx5_kit + avapritinib,Unknown
w557lfsx5_kit + chemotherapy,Unrelated
w557lfsx5_kit + dovitinib,Sensitive
w557r_kit + imatinib,Sensitive
w557r_kit + ponatinib,Unknown
w557v559delinsf_kit + avapritinib,Unknown
w557v559delinsf_kit + chemotherapy,Unrelated
w557v559delinsf_kit + imatinib,Sensitive
w557v559delinsf_kit + regorafenib,Unknown
w557v559delinsf_kit + sunitinib,Unknown
w624r_pik3r1 + buparlisib,Sensitive
w624r_pik3r1 + carboplatin,Unknown
w624r_pik3r1 + cisplatin,Resistant
w64r_adrb3 + bevacizumab,Unrelated
w696_nf1 + chemotherapy,Unknown
w696_nf1 + immunotherapy,Sensitive
w731r_egfr + erlotinib,Resistant
w731r_egfr + osimertinib,Resistant
w741c_ar + abiraterone,Unknown
w741c_ar + apalutamide,Unknown
w741c_ar + bicalutamide,Resistant
w741c_ar + flutamide,Unrelated
w741l_ar + abiraterone,Unknown
w741l_ar + apalutamide,Unknown
w741l_ar + galeterone,Sensitive
w741l_ar + leuprolide,Unrelated
w742c_ar + bicalutamide,Resistant
w742c_ar + dexamethasone,Resistant
w742c_ar + docetaxel,Unrelated
w742c_ar + therapeutic glucocorticoid,Resistant
w742l_ar + abiraterone acetate,Unknown
w742l_ar + apalutamide,Unknown
w742l_ar + bicalutamide,Resistant
w742l_ar + dexamethasone,Resistant
w742l_ar + docetaxel,Unrelated
w742l_ar + enzalutamide,Resistant
w742l_ar + hormone therapy,Resistant
w742l_ar + prednisone,Unrelated
w742l_ar + therapeutic glucocorticoid,Resistant
w780r_pik3ca + alpelisib,Resistant
w780r_pik3ca + fulvestrant,Unrelated
w791x_csf3r + azacitidine,Sensitive
w88l_vhl + temsirolimus,Unknown
w89r_aldh9a1 + therapeutic glucocorticoid,Unrelated
wk557558del_kit + adjuvant chemotherapy,Unknown
wk557558del_kit + imatinib,Sensitive
wt_braf + dabrafenib,Unrelated
wt_idh1 + temozolomide,Unknown
wt_kras + 7-ethyl-10-hydroxycamptothecin,Unknown
wt_kras + adagrasib,Unknown
wt_kras + capecitabine,Sensitive
wt_kras + erlotinib,Resistant
wt_kras + gemcitabine,Resistant
wt_kras + irinotecan,Sensitive
wt_kras + oxaliplatin,Sensitive
wt_kras + sotorasib,Unknown
wt_tp53 + chemotherapy,Unrelated
wt_tp53 + immunotherapy,Unrelated
wt_tp53 + radiation ionizing radiotherapy,Sensitive
wt_tp53 + radiation therapy,Sensitive
y1003f_met + cabozantinib,Sensitive
y1003f_met + crizotinib,Sensitive
y1003f_met + savolitinib,Sensitive
y1003n_met + tepotinib,Sensitive
y1003n_met + tyrosine kinase inhibitor,Sensitive
y1003s_met + crizotinib,Sensitive
y103_tp53 + radiation therapy,Unknown
y103_tp53 + temozolomide,Unknown
y105c_fgfr2 + sirolimus,Unknown
y107h_tp53 + cisplatin,Unknown
y1101f_egfr + cetuximab,Sensitive
y110f_egfr + cetuximab,Sensitive
y111_ezh2 + gsk126,Resistant
y111_ezh2 + tazemetostat,Unknown
y111d_ezh2 + ezh2 inhibitor,Resistant
y111d_ezh2 + tazemetostat,Unknown
y111h_ezh2 + ezh2 inhibitor,Resistant
y111h_ezh2 + tazemetostat,Resistant
y111l_ezh2 + ezh2 inhibitor,Resistant
y111l_ezh2 + tazemetostat,Unknown
y1150c_erbb4 + neratinib,Sensitive
y1150c_erbb4 + tyrosine kinase inhibitor,Sensitive
y1197_egfr + osimertinib,Sensitive
y1230c_met + bevacizumab,Unrelated
y1230c_met + cabozantinib,Sensitive
y1230c_met + capmatinib,Resistant
y1230c_met + crizotinib,Resistant
y1230c_met + osimertinib,Resistant
y1230c_met + savolitinib,Resistant
y1230c_met + tepotinib,Resistant
y1230c_met + tyrosine kinase inhibitor,Resistant
y1230h_met + crizotinib,Resistant
y1230h_met + tepotinib,Resistant
y1230n_met + cabozantinib,Sensitive
y1230n_met + capmatinib,Unknown
y1230n_met + savolitinib,Unknown
y1230x_met + cabozantinib,Sensitive
y1230x_met + capmatinib,Resistant
y1230x_met + crizotinib,Resistant
y1230x_met + osimertinib,Resistant
y1230x_met + savolitinib,Resistant
y1230x_met + tepotinib,Resistant
y1230x_met + tyrosine kinase inhibitor,Resistant
y1248h_met + cabozantinib,Unknown
y1248h_met + capmatinib,Unknown
y1248h_met + crizotinib,Resistant
y1248h_met + ganetespib,Sensitive
y126_tp53 + adjuvant chemotherapy,Unrelated
y126_tp53 + carboplatin,Unrelated
y126_tp53 + carboplatin/pemetrexed regimen,Unrelated
y126_tp53 + chemotherapy,Unrelated
y126_tp53 + pemetrexed,Unrelated
y126_tp53 + pertuzumab,Unrelated
y126_tp53 + radiation ionizing radiotherapy,Unrelated
y126_tp53 + radiation therapy,Unrelated
y126_tp53 + trastuzumab,Unrelated
y1289_erbb3 + neratinib,Unknown
y1289_erbb3 + pertuzumab,Unknown
y1289_erbb3 + trastuzumab,Unknown
y1289_erbb3 + tyrosine kinase inhibitor,Unknown
y1417ter_dicer1 + chemotherapy,Unknown
y1417ter_dicer1 + radiation ionizing radiotherapy,Unknown
y1417ter_dicer1 + radiation therapy,Unknown
y1442h_atm + radiation therapy,Unrelated
y1442h_atm + talazoparib,Sensitive
y1455f_cic + dasatinib,Resistant
y163c_tp53 + doxorubicin,Unknown
y163n_tp53 + cytarabine,Unrelated
y163n_tp53 + decitabine,Unrelated
y163n_tp53 + idarubicin,Unrelated
y163n_tp53 + venetoclax,Unrelated
y1650c_tsc2 + everolimus,Sensitive
y1650c_tsc2 + sirolimus,Unknown
y1655_brca2 + carboplatin,Sensitive
y1655_brca2 + cisplatin,Unknown
y1655_brca2 + eprenetapopt,Unknown
y1655_brca2 + olaparib,Sensitive
y177f_bcr + futibatinib,Sensitive
y180_pten + apitolisib,Sensitive
y180_pten + carboplatin,Sensitive
y180_pten + olaparib,Sensitive
y180_pten + talazoparib,Sensitive
y192h_gna11 + radiation ionizing radiotherapy,Unrelated
y192h_gna11 + radiation therapy,Unrelated
y195e_smad4 + imatinib,Resistant
y195f_smad4 + imatinib,Sensitive
y195h_cd79b + ibrutinib,Sensitive
y1974h_mtor + everolimus,Unknown
y1974h_mtor + mtor inhibitor,Unknown
y220c_tp53 + adjuvant chemotherapy,Resistant
y220c_tp53 + arsenic trioxide,Unknown
y220c_tp53 + bortezomib,Sensitive
y220c_tp53 + crizotinib,Sensitive
y220c_tp53 + eprenetapopt,Unrelated
y220c_tp53 + eribulin,Unrelated
y220c_tp53 + gemcitabine,Resistant
y220c_tp53 + immunotherapy,Unknown
y220c_tp53 + nutlin-3,Unrelated
y220c_tp53 + paclitaxel,Unknown
y220c_tp53 + radiation ionizing radiotherapy,Resistant
y220c_tp53 + radiation therapy,Resistant
y220c_tp53 + selinexor,Resistant
y220c_tp53 + sorafenib,Sensitive
y220c_tp53 + sorafenib tosylate,Sensitive
y220c_tp53 + staurosporine,Unrelated
y220c_tp53 + temozolomide,Sensitive
y220c_tp53 + therapeutic tumor infiltrating lymphocytes,Sensitive
y234c_tp53 + doxorubicin,Resistant
y234h_tp53 + chemotherapy,Unknown
y2424_mga + imatinib,Unknown
y2660_brca2 + abemaciclib,Sensitive
y2660_brca2 + capecitabine,Unrelated
y2660_brca2 + chemotherapy,Unrelated
y2660_brca2 + cisplatin,Resistant
y2660_brca2 + cyclophosphamide,Unrelated
y2660_brca2 + docetaxel,Resistant
y2660_brca2 + doxorubicin,Unrelated
y2660_brca2 + fulvestrant,Sensitive
y2660_brca2 + letrozole,Unrelated
y2660_brca2 + niraparib,Sensitive
y2660_brca2 + olaparib,Sensitive
y2660_brca2 + paclitaxel,Unrelated
y2660_brca2 + palbociclib,Resistant
y2660_brca2 + radiation ionizing radiotherapy,Unrelated
y2660_brca2 + radiation therapy,Unrelated
y2660_brca2 + tamoxifen,Unrelated
y279c_ptpn11 + imatinib,Resistant
y279c_ptpn11 + nilotinib,Unknown
y279c_ptpn11 + tyrosine kinase inhibitor,Resistant
y27c_pten + alectinib,Resistant
y27c_pten + osimertinib,Resistant
y301e_smad4 + imatinib,Resistant
y301f_smad4 + imatinib,Sensitive
y322e_smad4 + imatinib,Resistant
y322f_smad4 + imatinib,Sensitive
y327f_tp53 + radiation ionizing radiotherapy,Sensitive
y327f_tp53 + radiation therapy,Sensitive
y328s329del_esr1 + hormone therapy,Resistant
y342_ptk6 + vemurafenib,Sensitive
y344f_hsd3b1 + abiraterone,Sensitive
y344f_hsd3b1 + enzalutamide,Sensitive
y344f_hsd3b1 + prednisone,Unrelated
y373c_fgfr + atezolizumab,Unrelated
y373c_fgfr + chemotherapy,Unrelated
y373c_fgfr + cisplatin,Unrelated
y373c_fgfr + erdafitinib,Sensitive
y373c_fgfr + gemcitabine,Unrelated
y373c_fgfr + immunotherapy,Unrelated
y373c_fgfr + pembrolizumab,Unrelated
y373c_fgfr2 + chemotherapy,Unknown
y373c_fgfr2 + cisplatin,Unknown
y373c_fgfr2 + erdafitinib,Sensitive
y373c_fgfr3 + akt inhibitor mk2206,Unrelated
y373c_fgfr3 + capivasertib,Unknown
y373c_fgfr3 + chemotherapy,Unrelated
y373c_fgfr3 + cisplatin,Unrelated
y373c_fgfr3 + erdafitinib,Sensitive
y373c_fgfr3 + fexagratinib,Unknown
y373c_fgfr3 + pemigatinib,Sensitive
y375c_fgfr2 + chemotherapy,Unknown
y375c_fgfr2 + cisplatin,Unknown
y375c_fgfr2 + crizotinib,Unrelated
y375c_fgfr2 + erdafitinib,Sensitive
y375c_fgfr2 + futibatinib,Sensitive
y375c_fgfr2 + immunotherapy,Unknown
y375c_fgfr2 + pembrolizumab,Unrelated
y375c_fgfr2 + pemigatinib,Resistant
y375c_fgfr2 + ponatinib,Sensitive
y375c_fgfr2 + veliparib,Unrelated
y375c_fgfr3 + abemaciclib,Unrelated
y375c_fgfr3 + alpelisib,Sensitive
y390c_chek2 + cisplatin,Resistant
y402f_pyk2 + doxorubicin,Resistant
y4046_prkdc + ivosidenib,Unrelated
y4046_prkdc + olaparib,Unrelated
y4046_prkdc + pembrolizumab,Unrelated
y447_ptk6 + vemurafenib,Unrelated
y469h_abl1 + asciminib,Resistant
y49_nf1 + radiation therapy,Unrelated
y503f504insay_kit + imatinib,Sensitive
y503s_ikzf1 + decitabine,Unknown
y503s_ikzf1 + hypercvad regimen,Unknown
y503s_ikzf1 + venetoclax,Unknown
y526c_esr1 + hormone therapy,Resistant
y526c_esr1 + tamoxifen,Resistant
y537_esr1 + afimoxifene,Unknown
y537_esr1 + elacestrant,Sensitive
y537_esr1 + exemestane,Resistant
y537_esr1 + hormone therapy,Resistant
y537_esr1 + letrozole,Resistant
y537_esr1 + palbociclib,Resistant
y537c_esr1 + abiraterone,Unknown
y537c_esr1 + alpelisib,Unrelated
y537c_esr1 + alvocidib,Unknown
y537c_esr1 + buparlisib,Sensitive
y537c_esr1 + docetaxel,Unknown
y537c_esr1 + exemestane,Resistant
y537c_esr1 + omipalisib,Sensitive
y537c_esr1 + pictilisib,Unrelated
y537c_esr1 + ribociclib,Resistant
y537c_esr1 + sapanisertib,Unknown
y537c_esr1 + sirolimus,Unknown
y537d_esr1 + aromatase inhibitor,Resistant
y537d_esr1 + palbociclib,Unrelated
y537f_esr1 + tamoxifen,Resistant
y537n_esr1 + abiraterone,Unknown
y537n_esr1 + avelumab,Unknown
y537n_esr1 + bazedoxifene,Sensitive
y537n_esr1 + buparlisib,Sensitive
y537n_esr1 + cdk4/6 inhibition,Resistant
y537n_esr1 + docetaxel,Unknown
y537n_esr1 + exemestane,Resistant
y537n_esr1 + letrozole,Resistant
y537n_esr1 + mtor inhibitor,Sensitive
y537n_esr1 + pictilisib,Unrelated
y537n_esr1 + sirolimus,Unknown
y537s_esr1 + abiraterone,Unknown
y537s_esr1 + afimoxifene,Unknown
y537s_esr1 + avelumab,Unknown
y537s_esr1 + bazedoxifene,Sensitive
y537s_esr1 + bet inhibitor,Sensitive
y537s_esr1 + birabresib,Unknown
y537s_esr1 + buparlisib,Sensitive
y537s_esr1 + capecitabine,Sensitive
y537s_esr1 + dinaciclib,Sensitive
y537s_esr1 + doxorubicin,Resistant
y537s_esr1 + erdafitinib,Unrelated
y537s_esr1 + fluorouracil,Sensitive
y537s_esr1 + letrozole,Resistant
y537s_esr1 + linsitinib,Unrelated
y537s_esr1 + mtor inhibitor,Sensitive
y537s_esr1 + omipalisib,Sensitive
y537s_esr1 + panobinostat,Sensitive
y537s_esr1 + pertuzumab,Unrelated
y537s_esr1 + pictilisib,Unrelated
y537s_esr1 + pralsetinib,Sensitive
y537s_esr1 + radiation ionizing radiotherapy,Resistant
y537s_esr1 + salirasib,Unknown
y537s_esr1 + sapanisertib,Unknown
y537s_esr1 + selinexor,Unknown
y537s_esr1 + taselisib,Unrelated
y537s_esr1 + trastuzumab emtansine,Unrelated
y537ser_esr1 + fulvestrant,Resistant
y537ser_esr1 + hormone therapy,Resistant
y537x_esr1 + aromatase inhibitor,Resistant
y537x_esr1 + fulvestrant,Resistant
y537x_esr1 + hormone therapy,Unknown
y548fs_mlh1 + cisplatin,Sensitive
y550fs1_notch1 + chemotherapy,Unknown
y558v590delinscafs5_fat4 + ivosidenib,Unrelated
y558v590delinscafs5_fat4 + olaparib,Unrelated
y558v590delinscafs5_fat4 + pembrolizumab,Unrelated
y566n_fgfr2 + erdafitinib,Resistant
y570l576del_kit + imatinib,Resistant
y570l576del_kit + sorafenib,Resistant
y570l576del_kit + sorafenib tosylate,Resistant
y570l576del_kit + sunitinib,Resistant
y578h_kit + bevacizumab,Unrelated
y578h_kit + chemotherapy,Unrelated
y578h_kit + ctla-4 inhibitor,Unrelated
y578h_kit + immunotherapy,Resistant
y578h_kit + ipilimumab,Unrelated
y578h_kit + nivolumab,Resistant
y578h_kit + radiation ionizing radiotherapy,Unrelated
y578h_kit + radiation therapy,Unrelated
y578h_kit + trametinib,Unrelated
y60_stk11 + immunotherapy,Unknown
y634c_ret + chemotherapy,Unknown
y634c_ret + vandetanib,Unrelated
y641c_ezh2 + ezh2 inhibitor,Sensitive
y641c_ezh2 + gsk126,Sensitive
y641f_ezh2 + gsk126,Sensitive
y641h_ezh2 + ezh2 inhibitor,Sensitive
y641h_ezh2 + gsk126,Sensitive
y641n_ezh2 + immunotherapy,Sensitive
y641s_ezh2 + ezh2 inhibitor,Sensitive
y641s_ezh2 + gsk126,Sensitive
y641x_ezh2 + immunotherapy,Sensitive
y641x_ezh2 + tazemetostat,Sensitive
y646_ezh2 + tazemetostat,Unknown
y646n_ezh2 + atezolizumab,Unknown
y646n_ezh2 + chemotherapy,Unknown
y646n_ezh2 + ezh2 inhibitor,Unknown
y646n_ezh2 + gsk126,Unknown
y646n_ezh2 + tazemetostat,Sensitive
y646x_ezh2 + ezh2 inhibitor,Sensitive
y646x_ezh2 + hematopoietic cell transplantation,Unrelated
y646x_ezh2 + prednisolone,Unrelated
y64c_kras + cetuximab,Unrelated
y64c_kras + panitumumab,Unrelated
y64d_kras + cetuximab,Unrelated
y64d_kras + panitumumab,Unrelated
y64h_kras + cetuximab,Unrelated
y64h_kras + panitumumab,Unrelated
y661d_ezh2 + ezh2 inhibitor,Resistant
y661d_ezh2 + tazemetostat,Unknown
y661n_ezh2 + ezh2 inhibitor,Resistant
y661n_ezh2 + tazemetostat,Resistant
y68c_pten + apitolisib,Sensitive
y68c_pten + carboplatin,Sensitive
y68c_pten + olaparib,Sensitive
y68c_pten + talazoparib,Sensitive
y705_stat3 + osimertinib,Unrelated
y732ter_smarca4 + immune checkpoint inhibitor,Sensitive
y732ter_smarca4 + immunotherapy,Sensitive
y73c_pofut1 + chemotherapy,Unrelated
y73x_tp53 + hormone therapy,Unknown
y766f_fgfr1 + futibatinib,Sensitive
y772a755dup_erbb2 + immune checkpoint inhibitor,Diagnostic
y772a755dup_erbb2 + immunotherapy,Diagnostic
y772a775dup_erbb2 + chemotherapy,Unrelated
y772a775dup_erbb2 + immunotherapy,Resistant
y772a775dup_erbb2 + lapatinib,Resistant
y772a775dup_erbb2 + neratinib,Sensitive
y772a775dup_erbb2 + trastuzumab emtansine,Sensitive
y772dupyvma_erbb2 + afatinib,Sensitive
y772dupyvma_erbb2 + poziotinib,Sensitive
y772dupyvma_erbb2 + topotecan,Resistant
y772dupyvma_erbb2 + trastuzumab,Unknown
y772dupyvma_erbb2 + trastuzumab emtansine,Sensitive
y772dupyvma_erbb2 + tyrosine kinase inhibitor,Sensitive
y779_fgfr2 + hormone therapy,Unknown
y791f_ret + vandetanib,Unknown
y791n_ret + cobimetinib,Unrelated
y791n_ret + crizotinib,Unrelated
y791n_ret + methotrexate,Sensitive
y791n_ret + selpercatinib,Sensitive
y791n_ret + trametinib,Unrelated
y806c_ret + cabozantinib,Unknown
y806c_ret + pralsetinib,Resistant
y806c_ret + selpercatinib,Resistant
y806n_ret + lenvatinib,Resistant
y806n_ret + nintedanib,Resistant
y806n_ret + pralsetinib,Resistant
y806n_ret + selpercatinib,Resistant
y806n_ret + vandetanib,Resistant
y821f_axl + cetuximab,Sensitive
y821f_axl + cisplatin,Unknown
y821f_axl + radiation ionizing radiotherapy,Unknown
y821f_axl + radiation therapy,Unknown
y823_kit + avapritinib,Unknown
y823_kit + imatinib,Resistant
y823_kit + nilotinib,Unknown
y823_kit + pazopanib,Unknown
y823_kit + regorafenib,Sensitive
y823_kit + ripretinib,Unknown
y823_kit + sunitinib,Unknown
y823_kit + tyrosine kinase inhibitor,Resistant
y823d_kit + chemotherapy,Unrelated
y823d_kit + imatinib,Resistant
y823d_kit + regorafenib,Resistant
y823d_kit + sunitinib,Resistant
y823d_kit + the-630,Sensitive
y842c_flt3 + midostaurin,Resistant
y842c_flt3 + quizartinib,Resistant
y842c_flt3 + sorafenib,Resistant
y842c_flt3 + sorafenib tosylate,Resistant
y842d_flt3 + gilteritinib,Unknown
y842d_flt3 + quizartinib,Unknown
y842d_flt3 + sorafenib,Unknown
y842d_flt3 + sorafenib tosylate,Unknown
y842f_flt3 + midostaurin,Resistant
y842f_flt3 + quizartinib,Resistant
y842f_flt3 + sorafenib,Resistant
y842f_flt3 + sorafenib tosylate,Resistant
y87n_spop + radiation ionizing radiotherapy,Sensitive
y87n_spop + radiation therapy,Sensitive
y96c_kras + adagrasib,Resistant
y96c_kras + sotorasib,Resistant
y96d_kras + adagrasib,Resistant
y96d_kras + sotorasib,Resistant
yaps127a_yap1 + durvalumab,Unknown
yaps127a_yap1 + immunotherapy,Resistant
yaps127a_yap1 + nivolumab,Unknown
yvma_erbb2 + alpelisib,Sensitive
yvma_erbb2 + neratinib,Resistant
yvma_erbb2 + tyrosine kinase inhibitor,Resistant
znf384_ep300 + chemotherapy,Unknown
znf384_ep300 + hematopoietic cell transplantation,Unrelated
znf384_ep300 + venetoclax,Sensitive
5382insc_brca1 + chemotherapy,Sensitive
5382insc_brca1 + cisplatin,Sensitive
6174delt_brca2 + chemotherapy,Sensitive
6174delt_brca2 + cisplatin,Sensitive
a146t_kras + cetuximab,Resistant
a146t_kras + panitumumab,Resistant
a222v_mthfr + fluorouracil,Resistant
a502y503dup_kit + imatinib,Sensitive
a682g_ezh2 + ezh2 inhibitor,Sensitive
a682g_ezh2 + tazemetostat,Sensitive
a692v_ezh2 + ezh2 inhibitor,Sensitive
a692v_ezh2 + tazemetostat,Sensitive
a829p_kit + ripretinib,Resistant
c1156y_alk + crizotinib,Resistant
c1156y_alk + tyrosine kinase inhibitor,Resistant
c134w_foxl2 + paclitaxel,Resistant
c420r_pik3ca + alpelisib,Sensitive
c61g_brca1 + chemotherapy,Sensitive
c634w_ret + pralsetinib,Sensitive
c634w_ret + selpercatinib,Sensitive
c797_egfr + gefitinib,Resistant
c797_egfr + osimertinib,Resistant
c797s_egfr + brigatinib,Sensitive
c797s_egfr + dacomitinib,Resistant
c797s_egfr + erlotinib,Resistant
c797s_egfr + gefitinib,Resistant
c797s_egfr + lazertinib,Resistant
c797s_egfr + osimertinib,Resistant
c797s_egfr + tyrosine kinase inhibitor,Resistant
chek21100delc_chek2 + radiation ionizing radiotherapy,Sensitive
chek21100delc_chek2 + radiation therapy,Sensitive
d1010h_met + crizotinib,Sensitive
d1203n_alk + crizotinib,Resistant
d1228h_met + crizotinib,Resistant
d1228h_met + savolitinib,Resistant
d1228n_met + cabozantinib,Sensitive
d1228n_met + crizotinib,Resistant
d1228n_met + tepotinib,Resistant
d538g_esr1 + aromatase inhibitor,Resistant
d538g_esr1 + elacestrant,Sensitive
d538g_esr1 + exemestane,Resistant
d538g_esr1 + hormone therapy,Resistant
d538g_esr1 + mtor inhibitor,Sensitive
d538g_esr1 + radiation ionizing radiotherapy,Resistant
d538g_esr1 + radiation therapy,Resistant
d538g_esr1 + tamoxifen,Resistant
d594e_braf + dabrafenib,Resistant
d816v_kit + imatinib,Resistant
d816v_kit + ripretinib,Sensitive
d820g_kit + imatinib,Resistant
d820g_kit + sunitinib,Resistant
d820y_kit + imatinib,Resistant
d835y_flt3 + gilteritinib,Resistant
d835y_flt3 + quizartinib,Resistant
d835y_flt3 + sorafenib,Resistant
d835y_flt3 + sorafenib tosylate,Resistant
d835y_flt3 + tyrosine kinase inhibitor,Sensitive
d842v_pdgfr + avapritinib,Sensitive
d842v_pdgfra + avapritinib,Sensitive
d842v_pdgfra + crenolanib,Sensitive
d842v_pdgfra + imatinib,Resistant
d842v_pdgfra + regorafenib,Resistant
d842v_pdgfra + tyrosine kinase inhibitor,Resistant
e1210k_alk + crizotinib,Resistant
e17k_akt1 + akt inhibitor mk2206,Sensitive
e17k_akt1 + everolimus,Sensitive
e17k_akt1 + paclitaxel,Sensitive
e380q_esr1 + aromatase inhibitor,Resistant
e380q_esr1 + exemestane,Resistant
e380q_esr1 + hormone therapy,Resistant
e380q_esr1 + letrozole,Resistant
e453k_pik3ca + alpelisib,Sensitive
e542k_pik3ca + alpelisib,Sensitive
e542k_pik3ca + everolimus,Sensitive
e542k_pik3ca + exemestane,Resistant
e542k_pik3ca + immunotherapy,Sensitive
e542k_pik3ca + sirolimus,Sensitive
e545_pik3ca + alpelisib,Sensitive
e545a_pik3ca + alpelisib,Sensitive
e545g_pik3ca + alpelisib,Sensitive
e545k_pik3ca + abemaciclib,Sensitive
e545k_pik3ca + alpelisib,Sensitive
e545k_pik3ca + aspirin,Sensitive
e545k_pik3ca + bevacizumab,Sensitive
e545k_pik3ca + buparlisib,Sensitive
e545k_pik3ca + docetaxel,Sensitive
e545k_pik3ca + everolimus,Sensitive
e545k_pik3ca + immunotherapy,Sensitive
e545k_pik3ca + letrozole,Resistant
e545k_pik3ca + mtor inhibitor,Sensitive
e545k_pik3ca + osimertinib,Resistant
e545k_pik3ca + pictilisib,Sensitive
e545k_pik3ca + radiation therapy,Resistant
e545k_pik3ca + sirolimus,Sensitive
e545x_pik3ca + hormone therapy,Resistant
e566a_fgfr2 + ponatinib,Sensitive
e709k_egfr + osimertinib,Resistant
e709x_egfr + afatinib,Sensitive
e709x_egfr + erlotinib,Sensitive
e709x_egfr + gefitinib,Sensitive
e726k_pik3ca + alpelisib,Sensitive
e746a750del_egfr + erlotinib,Sensitive
e746a750del_egfr + gefitinib,Sensitive
e746a750del_egfr + osimertinib,Resistant
exon19del_egfr + afatinib,Sensitive
exon19del_egfr + cetuximab,Sensitive
exon19del_egfr + dacomitinib,Sensitive
exon19del_egfr + erlotinib,Sensitive
exon19del_egfr + gefitinib,Sensitive
exon19del_egfr + icotinib,Sensitive
exon19del_egfr + lazertinib,Sensitive
exon19del_egfr + osimertinib,Sensitive
exon19del_egfr + pemetrexed,Resistant
exon19del_egfr + tyrosine kinase inhibitor,Sensitive
f1174c_alk + crizotinib,Resistant
f1174l_alk + alk inhibitor tae684,Resistant
f1174l_alk + lorlatinib,Resistant
f1174l_alk + tyrosine kinase inhibitor,Resistant
f1174v_alk + crizotinib,Resistant
f404l_esr1 + fulvestrant,Resistant
f691l_flt3 + gilteritinib,Resistant
f691l_flt3 + midostaurin,Resistant
f691l_flt3 + quizartinib,Resistant
f691l_flt3 + sorafenib,Resistant
f691l_flt3 + sorafenib tosylate,Resistant
f876l_ar + enzalutamide,Resistant
f876l_ar + hormone therapy,Resistant
f877l_ar + apalutamide,Resistant
f877l_ar + bicalutamide,Resistant
f877l_ar + enzalutamide,Resistant
g1202r_alk + alectinib,Resistant
g1202r_alk + ceritinib,Resistant
g1202r_alk + crizotinib,Resistant
g1202r_alk + tyrosine kinase inhibitor,Resistant
g1269a_alk + alectinib,Sensitive
g1269a_alk + brigatinib,Sensitive
g1269a_alk + crizotinib,Resistant
g12_kras + bevacizumab,Sensitive
g12a_kras + cetuximab,Resistant
g12a_kras + ipilimumab,Sensitive
g12a_kras + irinotecan,Sensitive
g12a_kras + nivolumab,Sensitive
g12a_kras + panitumumab,Resistant
g12c_kras + adagrasib,Sensitive
g12c_kras + anti-egfr monoclonal antibody,Resistant
g12c_kras + ars-1620,Sensitive
g12c_kras + immune checkpoint inhibitor,Sensitive
g12c_kras + metformin,Sensitive
g12c_kras + nivolumab,Sensitive
g12c_kras + panitumumab,Sensitive
g12c_kras + pembrolizumab,Sensitive
g12c_kras + ribociclib,Sensitive
g12c_kras + rmc-4550,Sensitive
g12c_kras + sotorasib,Sensitive
g12c_kras + vemurafenib,Resistant
g12d_kras + afatinib,Resistant
g12d_kras + alpelisib,Sensitive
g12d_kras + atezolizumab,Resistant
g12d_kras + braf inhibitor,Resistant
g12d_kras + buparlisib,Sensitive
g12d_kras + cetuximab,Resistant
g12d_kras + chloroquine,Sensitive
g12d_kras + cobimetinib,Sensitive
g12d_kras + cyclophosphamide,Sensitive
g12d_kras + dabrafenib,Resistant
g12d_kras + everolimus,Sensitive
g12d_kras + mtor inhibitor,Sensitive
g12d_kras + nivolumab,Sensitive
g12d_kras + palbociclib,Sensitive
g12d_kras + panitumumab,Resistant
g12d_kras + sirolimus,Sensitive
g12d_kras + sorafenib,Sensitive
g12d_kras + sorafenib tosylate,Sensitive
g12d_kras + trametinib,Sensitive
g12d_nras + immunotherapy,Sensitive
g12r_kras + cetuximab,Resistant
g12r_kras + cobimetinib,Sensitive
g12r_kras + immunotherapy,Sensitive
g12r_kras + refametinib,Sensitive
g12s_kras + cetuximab,Resistant
g12s_kras + metformin,Sensitive
g12s_kras + panitumumab,Resistant
g12v_hras + radiation ionizing radiotherapy,Resistant
g12v_hras + radiation therapy,Resistant
g12v_hras + selumetinib,Sensitive
g12v_kras + atezolizumab,Sensitive
g12v_kras + cetuximab,Resistant
g12v_kras + cobimetinib,Sensitive
g12v_kras + everolimus,Sensitive
g12v_kras + hormone therapy,Resistant
g12v_kras + immune checkpoint inhibitor,Sensitive
g12v_kras + ipilimumab,Sensitive
g12v_kras + nivolumab,Sensitive
g12v_kras + panitumumab,Resistant
g12v_kras + pembrolizumab,Sensitive
g12v_kras + refametinib,Sensitive
g12v_kras + sorafenib,Sensitive
g12v_kras + sorafenib tosylate,Sensitive
g12v_kras + vemurafenib,Resistant
g13d_kras + anti-egfr monoclonal antibody,Resistant
g13d_kras + bevacizumab,Resistant
g13d_kras + fluorouracil,Sensitive
g13d_kras + nivolumab,Sensitive
g13d_kras + panitumumab,Resistant
g13d_kras + trametinib,Sensitive
g13r_hras + tipifarnib,Sensitive
g2032r_ros1 + ceritinib,Resistant
g2032r_ros1 + crizotinib,Resistant
g2032r_ros1 + entrectinib,Resistant
g2032r_ros1 + lorlatinib,Resistant
g2032r_ros1 + repotrectinib,Sensitive
g2032r_ros1 + tyrosine kinase inhibitor,Resistant
g34r_h3 + immunotherapy,Sensitive
g388r_fgfr4 + chemotherapy,Sensitive
g388r_fgfr4 + docetaxel,Sensitive
g388r_fgfr4 + fluorouracil,Sensitive
g465r_egfr + panitumumab,Resistant
g466v_braf + braf inhibitor,Resistant
g466v_braf + dabrafenib/trametinib regimen,Sensitive
g595r_ntrk1 + larotrectinib,Resistant
g598v_egfr + erlotinib,Resistant
g623r_trkc + trk inhibitor,Resistant
g660d_erbb2 + afatinib,Sensitive
g667c_ntrk1 + larotrectinib,Resistant
g667c_trka + entrectinib,Resistant
g667c_trka + larotrectinib,Resistant
g719_egfr + afatinib,Sensitive
g719_egfr + gefitinib,Sensitive
g719_egfr + tyrosine kinase inhibitor,Sensitive
g719a_egfr + afatinib,Sensitive
g719a_egfr + erlotinib,Sensitive
g719a_egfr + gefitinib,Sensitive
g719a_egfr + icotinib,Sensitive
g719a_egfr + tyrosine kinase inhibitor,Sensitive
g719c_egfr + afatinib,Sensitive
g719s_egfr + tyrosine kinase inhibitor,Sensitive
g724s_egfr + afatinib,Sensitive
g724s_egfr + osimertinib,Resistant
g776v_erbb2 + neratinib,Resistant
g796s_egfr + gefitinib,Sensitive
g796s_egfr + tyrosine kinase inhibitor,Resistant
g810s_ret + cabozantinib,Resistant
g879v_cdk12 + chemotherapy,Sensitive
h1047l_pik3ca + alpelisib,Sensitive
h1047l_pik3ca + immunotherapy,Sensitive
h1047r_pi3k + alpelisib,Sensitive
h1047r_pi3k + fulvestrant,Sensitive
h1047r_pi3kca + anti-egfr monoclonal antibody,Sensitive
h1047r_pi3kca + buparlisib,Sensitive
h1047r_pik3ca + abemaciclib,Sensitive
h1047r_pik3ca + alpelisib,Sensitive
h1047r_pik3ca + aspirin,Sensitive
h1047r_pik3ca + dasatinib,Sensitive
h1047r_pik3ca + docetaxel,Sensitive
h1047r_pik3ca + doxorubicin,Resistant
h1047r_pik3ca + everolimus,Sensitive
h1047r_pik3ca + immunotherapy,Sensitive
h1047r_pik3ca + letrozole,Resistant
h1047r_pik3ca + mtor inhibitor,Sensitive
h1047r_pik3ca + neratinib,Resistant
h1047r_pik3ca + palbociclib,Sensitive
h1047r_pik3ca + pertuzumab,Resistant
h1047r_pik3ca + ribociclib,Sensitive
h1047r_pik3ca + trastuzumab,Resistant
h1047r_pik3ca + tyrosine kinase inhibitor,Resistant
h1047x_pik3ca + alpelisib,Sensitive
h875y_ar + enzalutamide,Resistant
i1171n_alk + alectinib,Resistant
i1171t_alk + ceritinib,Sensitive
i1171t_alk + crizotinib,Resistant
i491m_egfr + panitumumab,Resistant
itd_flt3 + gilteritinib,Sensitive
itd_flt3 + midostaurin,Resistant
k28m_h3 + ezh2 inhibitor,Resistant
k28m_h3 + tazemetostat,Resistant
k467t_egfr + panitumumab,Resistant
k601e_braf + cobimetinib,Sensitive
k656e_fgfr1 + infigratinib,Sensitive
kiaa1549_braf + selumetinib,Sensitive
kiaa1549braf_braf + trametinib,Sensitive
l1122v_alk + crizotinib,Resistant
l1152r_alk + crizotinib,Resistant
l1196m_alk + crizotinib,Resistant
l1196m_alk + lorlatinib,Resistant
l1780p_brca1 + olaparib,Sensitive
l2026m_ros1 + entrectinib,Resistant
l2086f_ros1 + crizotinib,Resistant
l265p_myd88 + ibrutinib,Sensitive
l536h_esr1 + tamoxifen,Resistant
l536p_esr1 + hormone therapy,Resistant
l536q_esr1 + hormone therapy,Resistant
l536r_esr1 + aromatase inhibitor,Resistant
l536r_esr1 + hormone therapy,Resistant
l576p_kit + imatinib,Sensitive
l597r_braf + trametinib,Sensitive
l597s_braf + dabrafenib,Sensitive
l597s_braf + trametinib,Sensitive
l597s_braf + vemurafenib,Sensitive
l702h_ar + abiraterone,Resistant
l702h_ar + enzalutamide,Resistant
l718q_egfr + afatinib,Sensitive
l718q_egfr + osimertinib,Resistant
l718q_egfr + tyrosine kinase inhibitor,Resistant
l747p_egfr + afatinib,Sensitive
l747p_egfr + gefitinib,Resistant
l755s_erbb2 + cetuximab,Resistant
l755s_erbb2 + everolimus,Sensitive
l755s_erbb2 + lapatinib,Resistant
l755s_erbb2 + neratinib,Sensitive
l755s_erbb2 + trastuzumab emtansine,Sensitive
l755s_erbb2 + tyrosine kinase inhibitor,Sensitive
l858r_egfr + afatinib,Sensitive
l858r_egfr + amivantamab,Sensitive
l858r_egfr + dacomitinib,Sensitive
l858r_egfr + egfr tyrosine kinase inhibitor therapy,Sensitive
l858r_egfr + epidermal growth factor receptor tyrosine kinase inhibitor,Sensitive
l858r_egfr + erlotinib,Sensitive
l858r_egfr + gefitinib,Sensitive
l858r_egfr + icotinib,Sensitive
l858r_egfr + irinotecan,Sensitive
l858r_egfr + lazertinib,Sensitive
l858r_egfr + osimertinib,Sensitive
l858r_egfr + panitumumab,Sensitive
l858r_egfr + poziotinib,Sensitive
l858r_egfr + rociletinib,Sensitive
l858r_egfr + savolitinib,Sensitive
l858r_egfr + tyrosine kinase inhibitor,Sensitive
l861q_egfr + afatinib,Sensitive
l861q_egfr + crizotinib,Sensitive
l861q_egfr + erlotinib,Sensitive
l861q_egfr + gefitinib,Sensitive
l861q_egfr + icotinib,Sensitive
l861q_egfr + poziotinib,Sensitive
l861q_egfr + tyrosine kinase inhibitor,Sensitive
l861r_egfr + afatinib,Sensitive
l869r_erbb2 + lapatinib,Resistant
l869r_erbb2 + neratinib,Sensitive
l869r_erbb2 + tyrosine kinase inhibitor,Sensitive
m541l_kit + imatinib,Sensitive
m918t_ret + lenvatinib,Resistant
m918t_ret + selpercatinib,Sensitive
m918t_ret + tyrosine kinase inhibitor,Sensitive
n345k_pik3ca + alpelisib,Sensitive
n486p490del_braf + dabrafenib/trametinib regimen,Sensitive
n486p490del_braf + trametinib,Sensitive
n549h_fgfr2 + pemigatinib,Resistant
n550k_fgfr2 + fulvestrant,Resistant
n550k_fgfr2 + pemigatinib,Resistant
n581i_braf + chemotherapy,Resistant
n822k_kit + imatinib,Resistant
n822k_kit + regorafenib,Resistant
n822k_kit + sunitinib,Resistant
p2213s_mtor + pi3k/bet inhibitor ly294002,Sensitive
p286r_pole + immunotherapy,Sensitive
p535h_esr1 + hormone therapy,Resistant
p577del_kit + imatinib,Resistant
p577del_kit + sunitinib,Resistant
p72r_tp53 + cisplatin,Resistant
p72r_tp53 + paclitaxel,Resistant
p72r_tp53 + radiation ionizing radiotherapy,Sensitive
q209l_gna11 + immunotherapy,Sensitive
q209l_gnaq + immunotherapy,Sensitive
q22k_kras + cetuximab,Resistant
q61h_kras + adagrasib,Resistant
q61k_nras + braf inhibitor,Resistant
q61k_nras + cetuximab,Resistant
q61k_nras + encorafenib,Resistant
q61k_nras + sorafenib,Sensitive
q61k_nras + sorafenib tosylate,Sensitive
q61k_nras + trametinib,Sensitive
q61k_nras + vemurafenib,Resistant
q61l_kras + chemotherapy,Resistant
q61r_nras + sorafenib,Sensitive
q61r_nras + sorafenib tosylate,Sensitive
q61r_nras + trametinib,Sensitive
r108h_pik3ca + alpelisib,Sensitive
r1275q_alk + crizotinib,Sensitive
r132c_idh1 + agi-5198,Sensitive
r132c_idh1 + immunotherapy,Sensitive
r132c_idh1 + ivosidenib,Sensitive
r132h_idh1 + agi-5198,Sensitive
r132h_idh1 + azacitidine,Sensitive
r132h_idh1 + cytarabine,Sensitive
r132h_idh1 + gefitinib,Resistant
r132h_idh1 + immunotherapy,Sensitive
r132h_idh1 + ivosidenib,Sensitive
r132h_idh1 + olaparib,Sensitive
r132h_idh1 + vorasidenib,Sensitive
r140q_idh2 + enasidenib,Sensitive
r172h_tp53 + olaparib,Sensitive
r172h_tp53 + paclitaxel,Sensitive
r175h_tp53 + etoposide,Resistant
r175h_tp53 + temozolomide,Sensitive
r248c_fgfr3 + erdafitinib,Sensitive
r248w_tp53 + immunotherapy,Sensitive
r248w_tp53 + radiation ionizing radiotherapy,Resistant
r270h_tp53 + chemotherapy,Resistant
r273c_tp53 + cisplatin,Sensitive
r273h_tp53 + etoposide,Resistant
r273h_tp53 + temozolomide,Sensitive
r282w_tp53 + doxorubicin,Sensitive
r361h_smad4 + chemotherapy,Resistant
r451c_egfr + panitumumab,Resistant
r521k_egfr + cetuximab,Resistant
r678q_erbb2 + lapatinib,Resistant
r678q_erbb2 + neratinib,Sensitive
r678q_erbb2 + trastuzumab,Sensitive
r88q_pik3ca + immunotherapy,Sensitive
rs1045642_abcb1 + fluorouracil,Resistant
rs1801516_atm + radiation ionizing radiotherapy,Sensitive
rs1801516_atm + radiation therapy,Sensitive
rs2295080_mtor + sirolimus,Sensitive
rs61764370_kras + cetuximab,Sensitive
s1206y_alk + crizotinib,Resistant
s1986f_ros1 + lorlatinib,Resistant
s1986f_ros1 + tyrosine kinase inhibitor,Resistant
s249c_fgfr3 + erdafitinib,Sensitive
s310f_erbb2 + cetuximab,Resistant
s310f_erbb2 + everolimus,Sensitive
s310f_erbb2 + neratinib,Sensitive
s310f_erbb2 + tyrosine kinase inhibitor,Sensitive
s310y_erbb2 + tyrosine kinase inhibitor,Sensitive
s459f_pole + immunotherapy,Sensitive
s45f_ctnnb1 + meloxicam,Resistant
s45y_ctnnb1 + sirolimus,Sensitive
s463p_esr1 + aromatase inhibitor,Resistant
s464l_egfr + panitumumab,Resistant
s492r_egfr + cetuximab,Resistant
s492r_egfr + panitumumab,Resistant
s768d770dup_egfr + afatinib,Sensitive
s768d770dup_egfr + osimertinib,Resistant
s768i_egfr + afatinib,Sensitive
t315i_abl1 + ponatinib,Sensitive
t315i_bcr + ponatinib,Sensitive
t355i_erbb3 + lapatinib,Sensitive
t41a_ctnnb1 + immunotherapy,Sensitive
t41a_ctnnb1 + meloxicam,Sensitive
t599dup_braf + trametinib,Sensitive
t670i_kit + imatinib,Resistant
t670i_kit + sunitinib,Resistant
t790m_egfr + afatinib,Resistant
t790m_egfr + brigatinib,Sensitive
t790m_egfr + c-met inhibitor,Sensitive
t790m_egfr + dacomitinib,Resistant
t790m_egfr + epidermal growth factor receptor tyrosine kinase inhibitor,Resistant
t790m_egfr + erlotinib,Resistant
t790m_egfr + gefitinib,Resistant
t790m_egfr + icotinib,Resistant
t790m_egfr + irinotecan,Sensitive
t790m_egfr + lapatinib,Resistant
t790m_egfr + lazertinib,Sensitive
t790m_egfr + mtor inhibitor,Sensitive
t790m_egfr + osimertinib,Sensitive
t790m_egfr + rociletinib,Sensitive
t790m_egfr + tyrosine kinase inhibitor,Resistant
t790m_egfr + wz4002,Sensitive
t798i_erbb2 + neratinib,Resistant
t854a_egfr + afatinib,Sensitive
t862a_erbb2 + neratinib,Resistant
t877a_ar + enzalutamide,Resistant
t877a_ar + flutamide,Resistant
t878a_ar + abiraterone,Resistant
t878a_ar + bicalutamide,Resistant
t878a_ar + enzalutamide,Resistant
t878s_ar + abiraterone,Resistant
t878s_ar + enzalutamide,Resistant
t878s_ar + hormone therapy,Resistant
v1180l_alk + alectinib,Resistant
v158f_fcgr3a + cetuximab,Sensitive
v172f_tp53 + cisplatin,Resistant
v392i_esr1 + hormone therapy,Resistant
v411l_pole + immunotherapy,Sensitive
v561m_fgfr1 + tyrosine kinase inhibitor,Resistant
v564f_fgfr2 + pemigatinib,Resistant
v600_braf + atezolizumab,Sensitive
v600_braf + binimetinib,Sensitive
v600_braf + braf inhibitor,Sensitive
v600_braf + cobimetinib,Sensitive
v600_braf + dabrafenib,Sensitive
v600_braf + encorafenib,Sensitive
v600_braf + immune checkpoint inhibitor,Sensitive
v600_braf + therapeutic tumor infiltrating lymphocytes,Sensitive
v600_braf + trametinib,Sensitive
v600_braf + vemurafenib,Sensitive
v600d_braf + vemurafenib,Sensitive
v600e_braf + anti-egfr monoclonal antibody,Resistant
v600e_braf + binimetinib,Sensitive
v600e_braf + braf inhibitor,Sensitive
v600e_braf + c-met inhibitor,Sensitive
v600e_braf + cdk4/6 inhibition,Sensitive
v600e_braf + chloroquine,Sensitive
v600e_braf + cobimetinib,Sensitive
v600e_braf + dabrafenib,Sensitive
v600e_braf + dabrafenib/trametinib regimen,Sensitive
v600e_braf + dasatinib,Sensitive
v600e_braf + encorafenib,Sensitive
v600e_braf + iodine i-131,Resistant
v600e_braf + linsitinib,Sensitive
v600e_braf + pan-raf inhibitor ly3009120,Sensitive
v600e_braf + plx4720,Sensitive
v600e_braf + sch772984,Resistant
v600e_braf + therapeutic tumor infiltrating lymphocytes,Sensitive
v600e_braf + tovorafenib,Sensitive
v600e_braf + trametinib,Sensitive
v600e_braf + veliparib,Resistant
v600e_braf + vemurafenib,Sensitive
v600e_braf + verteporfin,Sensitive
v600k_braf + binimetinib,Sensitive
v600k_braf + braf inhibitor,Sensitive
v600k_braf + cobimetinib,Sensitive
v600k_braf + dabrafenib,Sensitive
v600k_braf + dabrafenib/trametinib regimen,Sensitive
v600k_braf + trametinib,Sensitive
v600k_braf + vemurafenib,Sensitive
v600r_braf + braf inhibitor,Sensitive
v600r_braf + dabrafenib,Sensitive
v600r_braf + vemurafenib,Sensitive
v617f_jak2 + ruxolitinib,Sensitive
v654a_kit + avapritinib,Resistant
v654a_kit + ponatinib,Sensitive
v659e_erbb2 + afatinib,Sensitive
v659e_erbb2 + trastuzumab emtansine,Sensitive
v777l_erbb2 + everolimus,Sensitive
v777l_erbb2 + fulvestrant,Resistant
v777l_erbb2 + hormone therapy,Resistant
v777l_erbb2 + neratinib,Sensitive
v777l_erbb2 + palbociclib,Sensitive
v777l_erbb2 + trastuzumab deruxtecan,Sensitive
v777l_erbb2 + trastuzumab emtansine,Resistant
v777l_erbb2 + tyrosine kinase inhibitor,Sensitive
v804e_ret + pralsetinib,Sensitive
v804e_ret + selpercatinib,Resistant
v804l_ret + cabozantinib,Resistant
v804l_ret + pralsetinib,Sensitive
v804l_ret + selpercatinib,Sensitive
v804m_ret + pralsetinib,Sensitive
v804m_ret + selpercatinib,Sensitive
v804m_ret + vandetanib,Resistant
v834l_egfr + osimertinib,Sensitive
v834l_egfr + tyrosine kinase inhibitor,Sensitive
v842i_erbb2 + afatinib,Sensitive
v842i_erbb2 + cetuximab,Resistant
v842i_erbb2 + lapatinib,Sensitive
v842i_erbb2 + neratinib,Sensitive
v842i_erbb2 + pertuzumab,Sensitive
v842i_erbb2 + trastuzumab,Sensitive
v842i_erbb2 + tyrosine kinase inhibitor,Sensitive
v843i_egfr + afatinib,Sensitive
w557lfsx5_kit + imatinib,Resistant
w557lfsx5_kit + sunitinib,Resistant
w742c_ar + abiraterone,Resistant
w742c_ar + enzalutamide,Resistant
w742c_ar + hormone therapy,Resistant
w742l_ar + abiraterone,Resistant
y220c_tp53 + doxorubicin,Sensitive
y537c_esr1 + aromatase inhibitor,Resistant
y537c_esr1 + hormone therapy,Resistant
y537c_esr1 + letrozole,Resistant
y537c_esr1 + tamoxifen,Resistant
y537n_esr1 + abemaciclib,Sensitive
y537n_esr1 + aromatase inhibitor,Resistant
y537n_esr1 + elacestrant,Sensitive
y537n_esr1 + fulvestrant,Resistant
y537n_esr1 + hormone therapy,Resistant
y537n_esr1 + tamoxifen,Resistant
y537s_esr1 + aromatase inhibitor,Resistant
y537s_esr1 + elacestrant,Sensitive
y537s_esr1 + exemestane,Resistant
y537s_esr1 + fulvestrant,Resistant
y537s_esr1 + hormone therapy,Resistant
y537s_esr1 + immunotherapy,Sensitive
y537s_esr1 + paclitaxel,Resistant
y537s_esr1 + radiation therapy,Resistant
y537s_esr1 + tamoxifen,Resistant
y641f_ezh2 + immunotherapy,Sensitive
y646x_ezh2 + tazemetostat,Sensitive
1100delc_chek2 + adjuvant chemotherapy,Unrelated
1100delc_chek2 + chemotherapy,Resistant
1100delc_chek2 + radiation ionizing radiotherapy,Unrelated
1100delc_chek2 + radiation therapy,Unrelated
1100delc_chek2 + trastuzumab,Unknown
1245c_hsd3b1 + enzalutamide,No consensus
1479delag_brca1 + gemcitabine,Unknown
185delag_brca1 + adjuvant chemotherapy,Unknown
185delag_brca1 + chemotherapy,Sensitive
185delag_brca1 + cisplatin,No consensus
185delag_brca1 + radiation ionizing radiotherapy,Sensitive
185delag_brca1 + radiation therapy,Sensitive
19del_egfr + chemotherapy,Unknown
291292delct_sdhb + sunitinib,No consensus
3k27m_h3 + radiation therapy,Resistant
4153dela_brca1 + chemotherapy,Resistant
5266dupc_brca1 + chemotherapy,Sensitive
5266dupc_brca1 + olaparib,Sensitive
5382insc_brca1 + adjuvant chemotherapy,Sensitive
5382insc_brca1 + radiation ionizing radiotherapy,Sensitive
5382insc_brca1 + radiation therapy,Sensitive
6174delt_brca2 + radiation ionizing radiotherapy,Sensitive
6174delt_brca2 + radiation therapy,Sensitive
a146_kras + bevacizumab,Resistant
a146_kras + chemotherapy,Resistant
a146t_kras + chemotherapy,Resistant
a146t_kras + selumetinib,Sensitive
a146v_kras + cetuximab,Resistant
a222v_mthfr + chemotherapy,Resistant
a222v_mthfr + folfox regimen,Resistant
a222v_mthfr + hormone therapy,Unknown
a289t_egfr + radiation therapy,No consensus
a289v_egfr + radiation therapy,Diagnostic
a289v_egfr + temozolomide,Diagnostic
a502y503dup_kit + sunitinib,Sensitive
a59t_kras + cetuximab,Resistant
a59t_kras + chemotherapy,Sensitive
a59t_kras + immunotherapy,Sensitive
a59t_kras + panitumumab,No consensus
a682g_ezh2 + chemotherapy,Unknown
a692v_ezh2 + chemotherapy,Unknown
a763y764insfqea_egfr + osimertinib,Sensitive
a767v769dup_egfr + osimertinib,No consensus
a775g776insyvma_erbb2 + afatinib,Sensitive
a775g776insyvma_erbb2 + mobocertinib,Sensitive
a775g776insyvma_erbb2 + trastuzumab,Sensitive
a775g776insyvma_erbb2 + trastuzumab emtansine,Sensitive
a775insyvma_erbb2 + afatinib,Sensitive
a829p_kit + sunitinib,No consensus
alk_eml4 + tyrosine kinase inhibitor,Sensitive
arg388_fgfr4 + adjuvant chemotherapy,Sensitive
arg388_fgfr4 + chemotherapy,Sensitive
arg388_fgfr4 + folfox regimen,Sensitive
c1156y_alk + alectinib,Sensitive
c1156y_alk + ceritinib,Sensitive
c1156y_alk + immunotherapy,Unknown
c1156y_alk + lorlatinib,Resistant
c118s_kras + oxaliplatin,Resistant
c121s_map2k1 + trametinib,Sensitive
c134w_foxl2 + hormone therapy,Sensitive
c134w_foxl2 + therapeutic glucocorticoid,No consensus
c228_tert + temozolomide,Unknown
c228t_tert + adjuvant chemotherapy,Unknown
c228t_tert + chemotherapy,Sensitive
c228t_tert + radiation therapy,Resistant
c228t_tert + radioactive iodine,Diagnostic
c228t_tert + temozolomide,Sensitive
c228t_tert + trametinib,Unknown
c250_tert + temozolomide,Unknown
c250t_tert + adjuvant chemotherapy,Unknown
c250t_tert + chemotherapy,Unknown
c250t_tert + radiation therapy,Resistant
c250t_tert + temozolomide,Resistant
c383r_fgfr2 + infigratinib,Sensitive
c402g_foxl2 + dexamethasone,No consensus
c402g_foxl2 + therapeutic glucocorticoid,No consensus
c420r_pik3ca + aromatase inhibitor,Unknown
c420r_pik3ca + fulvestrant,Sensitive
c420r_pik3ca + hormone therapy,Sensitive
c481s_btk + venetoclax,Sensitive
c61g_brca1 + olaparib,No consensus
c61g_brca1 + radiation therapy,Sensitive
c634r_ret + cabozantinib,Resistant
c634r_ret + vandetanib,Sensitive
c634w_ret + cabozantinib,Sensitive
c634w_ret + vandetanib,Resistant
c634y_ret + chemotherapy,Resistant
c634y_ret + vandetanib,Sensitive
c797_egfr + tyrosine kinase inhibitor,No consensus
c797g_egfr + afatinib,No consensus
c797g_egfr + crizotinib,Resistant
c797g_egfr + gefitinib,Resistant
c797s_egfr + afatinib,Resistant
c797s_egfr + amivantamab,Resistant
c797s_egfr + bevacizumab,Sensitive
c797s_egfr + chemotherapy,Sensitive
c797s_egfr + cisplatin,Sensitive
c797s_egfr + crizotinib,Resistant
c797s_egfr + etoposide,Sensitive
c797s_egfr + icotinib,Sensitive
c797s_egfr + immunotherapy,Unrelated
c797s_egfr + pemetrexed,Sensitive
c8092a_ercc1 + chemotherapy,Sensitive
c8092a_ercc1 + cisplatin,Sensitive
d1010n_met + crizotinib,Sensitive
d1010y_met + crizotinib,Sensitive
d1203n_alk + alectinib,Resistant
d1203n_alk + brigatinib,Resistant
d1203n_alk + ceritinib,Resistant
d1203n_alk + ensartinib,Resistant
d1228h_met + cabozantinib,Sensitive
d1228x_met + cabozantinib,No consensus
d1228y_met + cabozantinib,No consensus
d1246h_met + crizotinib,No consensus
d2033n_ros1 + cabozantinib,Sensitive
d2033n_ros1 + lorlatinib,Resistant
d277y_erbb2 + afatinib,Resistant
d277y_erbb2 + trastuzumab emtansine,Sensitive
d297y_erbb3 + afimoxifene,Unrelated
d297y_erbb3 + fulvestrant,Resistant
d297y_erbb3 + lapatinib,Resistant
d297y_erbb3 + neratinib,Resistant
d297y_erbb3 + sch772984,Sensitive
d313h_erbb3 + afimoxifene,Unrelated
d313h_erbb3 + fulvestrant,Resistant
d313h_erbb3 + lapatinib,Resistant
d313h_erbb3 + sch772984,Sensitive
d538g_esr1 + abemaciclib,Sensitive
d538g_esr1 + adjuvant chemotherapy,Resistant
d538g_esr1 + alpelisib,Sensitive
d538g_esr1 + chemotherapy,Resistant
d538g_esr1 + everolimus,Sensitive
d538g_esr1 + fulvestrant,Resistant
d538g_esr1 + neratinib,Unknown
d538g_esr1 + paclitaxel,Resistant
d538g_esr1 + palbociclib,Sensitive
d538g_esr1 + ribociclib,Sensitive
d538g_esr1 + sirolimus,Sensitive
d538g_esr1 + taselisib,Unknown
d538g_esr1 + trastuzumab,Unknown
d545d_esr1 + hormone therapy,Resistant
d582n_erbb2 + afatinib,Sensitive
d582n_erbb2 + trastuzumab,Resistant
d594e_braf + trametinib,Sensitive
d594g_braf + braf inhibitor,Resistant
d594g_braf + chemotherapy,Sensitive
d594g_braf + dabrafenib,Sensitive
d594g_braf + dabrafenib/trametinib regimen,No consensus
d594g_braf + trametinib,Sensitive
d594g_braf + vemurafenib,Sensitive
d594n_braf + dabrafenib,Resistant
d594n_braf + trametinib,Sensitive
d770n771insg_egfr + afatinib,Sensitive
d770n771insg_egfr + osimertinib,Resistant
d770n771inssvd_egfr + osimertinib,No consensus
d816_kit + avapritinib,Sensitive
d816_kit + regorafenib,Sensitive
d816_kit + ripretinib,Sensitive
d816_kit + sunitinib,Unknown
d816e_kit + regorafenib,Resistant
d816h_kit + ripretinib,Resistant
d816v_kit + chemotherapy,Resistant
d816v_kit + midostaurin,No consensus
d816v_kit + regorafenib,Resistant
d816v_kit + sunitinib,Resistant
d816y_kit + avapritinib,Sensitive
d820_kit + avapritinib,Sensitive
d820_kit + ponatinib,Sensitive
d820_kit + regorafenib,Sensitive
d820_kit + ripretinib,Sensitive
d820_kit + sunitinib,Unknown
d820a_kit + ripretinib,Resistant
d820g_kit + regorafenib,Resistant
d835_flt3 + gilteritinib,Resistant
d835_flt3 + quizartinib,Resistant
d835g_flt3 + quizartinib,Resistant
d835h_flt3 + quizartinib,Resistant
d835h_flt3 + sorafenib,Resistant
d835h_flt3 + sorafenib tosylate,Resistant
d835y_flt3 + chemotherapy,Resistant
d835y_flt3 + midostaurin,Resistant
d835y_flt3 + palbociclib,Sensitive
d842v_kit + crenolanib,Sensitive
d842v_kit + immunotherapy,Sensitive
d842v_pdgfr + immunotherapy,Unknown
d842v_pdgfra + adjuvant chemotherapy,Unknown
d842v_pdgfra + chemotherapy,Resistant
d842v_pdgfra + dasatinib,No consensus
d842v_pdgfra + ripretinib,Sensitive
d842v_pdgfra + sunitinib,Resistant
d842y_pdgfra + imatinib,No consensus
del18_egfr + erlotinib,Resistant
dele746a750_egfr + afatinib,Sensitive
dele746a750_egfr + osimertinib,Sensitive
e1210k_alk + alectinib,Resistant
e1210k_alk + brigatinib,Resistant
e1210k_alk + ceritinib,Resistant
e1261a_erbb3 + afimoxifene,Unrelated
e1261a_erbb3 + fulvestrant,Resistant
e1261a_erbb3 + lapatinib,Resistant
e1261a_erbb3 + sch772984,Sensitive
e17k_akt1 + adjuvant chemotherapy,Sensitive
e17k_akt1 + capivasertib,Sensitive
e17k_akt1 + chemotherapy,Resistant
e17k_akt1 + exemestane,Sensitive
e17k_akt1 + fulvestrant,Sensitive
e17k_akt1 + hormone therapy,Resistant
e17k_akt1 + oxaliplatin,Resistant
e17k_akt1 + palbociclib,Sensitive
e17k_akt1 + radiation ionizing radiotherapy,Resistant
e17k_akt1 + radiation therapy,Resistant
e17k_akt1 + temsirolimus,Unknown
e285k_tp53 + chemotherapy,Unknown
e380q_esr1 + adjuvant chemotherapy,Unrelated
e380q_esr1 + chemotherapy,Unrelated
e380q_esr1 + everolimus,Resistant
e380q_esr1 + fulvestrant,Resistant
e380q_esr1 + palbociclib,Resistant
e380q_esr1 + tamoxifen,Resistant
e542_pik3ca + fulvestrant,Sensitive
e542_pik3ca + hormone therapy,Unknown
e542_pik3ca + immunotherapy,Sensitive
e542k_pik3ca + adjuvant chemotherapy,Diagnostic
e542k_pik3ca + aromatase inhibitor,Resistant
e542k_pik3ca + chemotherapy,Resistant
e542k_pik3ca + cisplatin,Resistant
e542k_pik3ca + doxorubicin,Resistant
e542k_pik3ca + fulvestrant,Sensitive
e542k_pik3ca + hormone therapy,Resistant
e542k_pik3ca + lapatinib,Resistant
e542k_pik3ca + letrozole,Resistant
e542k_pik3ca + mtor inhibitor,Sensitive
e542k_pik3ca + palbociclib,Sensitive
e542k_pik3ca + pictilisib,Unknown
e542k_pik3ca + radiation therapy,Resistant
e542k_pik3ca + samotolisib,Resistant
e542k_pik3ca + tamoxifen,Resistant
e542k_pik3ca + temsirolimus,Sensitive
e542k_pik3ca + trametinib,Sensitive
e542k_pik3ca + trastuzumab,Resistant
e545_pik3ca + fulvestrant,Unknown
e545_pik3ca + hormone therapy,Unknown
e545a_pik3ca + chemotherapy,Resistant
e545a_pik3ca + fulvestrant,Sensitive
e545a_pik3ca + hormone therapy,No consensus
e545d_pik3ca + adjuvant chemotherapy,Unknown
e545d_pik3ca + fulvestrant,Sensitive
e545d_pik3ca + hormone therapy,Sensitive
e545d_pik3ca + trastuzumab,Resistant
e545g_pik3ca + aromatase inhibitor,Unrelated
e545g_pik3ca + fulvestrant,Sensitive
e545g_pik3ca + hormone therapy,No consensus
e545k_pik3ca + adjuvant chemotherapy,Sensitive
e545k_pik3ca + aromatase inhibitor,Resistant
e545k_pik3ca + carboplatin,Sensitive
e545k_pik3ca + chemotherapy,Resistant
e545k_pik3ca + cisplatin,Resistant
e545k_pik3ca + doxorubicin,No consensus
e545k_pik3ca + epirubicin,No consensus
e545k_pik3ca + exemestane,Resistant
e545k_pik3ca + fulvestrant,Sensitive
e545k_pik3ca + hormone therapy,Resistant
e545k_pik3ca + lapatinib,Sensitive
e545k_pik3ca + neratinib,No consensus
e545k_pik3ca + paclitaxel,Sensitive
e545k_pik3ca + palbociclib,Sensitive
e545k_pik3ca + pertuzumab,Unknown
e545k_pik3ca + radiation ionizing radiotherapy,Resistant
e545k_pik3ca + ribociclib,No consensus
e545k_pik3ca + samotolisib,Sensitive
e545k_pik3ca + talazoparib,Sensitive
e545k_pik3ca + tamoxifen,Resistant
e545k_pik3ca + trametinib,Resistant
e545k_pik3ca + trastuzumab,Resistant
e545k_pik3ca + trastuzumab emtansine,Resistant
e545k_pik3ca + tyrosine kinase inhibitor,No consensus
e545x_pik3ca + chemotherapy,Resistant
e565a_fgfr2 + erdafitinib,No consensus
e565a_fgfr2 + infigratinib,Resistant
e709a_egfr + afatinib,Resistant
e709a_egfr + gefitinib,Resistant
e709a_egfr + osimertinib,Sensitive
e709k_egfr + afatinib,Sensitive
e709k_egfr + chemotherapy,Resistant
e709k_egfr + erlotinib,Resistant
e709k_egfr + tyrosine kinase inhibitor,Resistant
e709t710delinsd_egfr + afatinib,Sensitive
e709t710delinsd_egfr + erlotinib,Resistant
e709t710delinsd_egfr + osimertinib,Resistant
e709x_egfr + chemotherapy,Resistant
e709x_egfr + osimertinib,Resistant
e709x_egfr + tyrosine kinase inhibitor,Sensitive
e726k_pik3ca + fulvestrant,Unrelated
e732k_ret + cabozantinib,Resistant
e746a750_egfr + gefitinib,No consensus
e746a750del_egfr + carboplatin,Sensitive
e746a750del_egfr + chemotherapy,Sensitive
e746a750del_egfr + cisplatin,Unknown
e746a750del_egfr + tyrosine kinase inhibitor,No consensus
e928g_erbb3 + neratinib,Resistant
e928g_erbb3 + pertuzumab,Sensitive
e928g_erbb3 + trastuzumab,Sensitive
e928g_erbb3 + tyrosine kinase inhibitor,Sensitive
exon19del_brca1 + cisplatin,Unknown
exon19del_egfr + adjuvant chemotherapy,Sensitive
exon19del_egfr + amivantamab,Sensitive
exon19del_egfr + bevacizumab,Sensitive
exon19del_egfr + carboplatin,Sensitive
exon19del_egfr + chemotherapy,Sensitive
exon19del_egfr + cisplatin,Resistant
exon19del_egfr + crizotinib,Sensitive
exon19del_egfr + docetaxel,Sensitive
exon19del_egfr + immunotherapy,Sensitive
exon19del_egfr + poziotinib,Sensitive
exon19del_egfr + radiation ionizing radiotherapy,Sensitive
exon19del_egfr + radiation therapy,Sensitive
exon19del_egfr + trametinib,Sensitive
f1174c_alk + alectinib,No consensus
f1174l_alk + alectinib,Resistant
f1174l_alk + brigatinib,Resistant
f1174l_alk + ceritinib,Resistant
f1174l_alk + chemotherapy,Resistant
f1174l_alk + crizotinib,Resistant
f1174l_alk + ensartinib,Sensitive
f1174l_alk + immunotherapy,Unknown
f1174l_alk + trametinib,Sensitive
f1174v_alk + alectinib,Sensitive
f1174v_alk + brigatinib,Resistant
f1174v_alk + lorlatinib,Sensitive
f461i_esr1 + hormone therapy,Resistant
f691_flt3 + gilteritinib,No consensus
f691l_flt3 + chemotherapy,Resistant
f876l_ar + abiraterone,Resistant
f876l_ar + apalutamide,Resistant
f876l_ar + bicalutamide,Resistant
f876l_ar + docetaxel,Unknown
f876l_ar + flutamide,Resistant
f876lt877a_ar + enzalutamide,Resistant
f877l_ar + abiraterone,Resistant
f877l_ar + chemotherapy,Resistant
f877l_ar + hormone therapy,Resistant
f90fs9_pten + pictilisib,Unknown
f90fs9_pten + taselisib,Unknown
f94l_erbb3 + afimoxifene,Unrelated
f94l_erbb3 + fulvestrant,Resistant
f94l_erbb3 + lapatinib,Resistant
f94l_erbb3 + neratinib,Resistant
f94l_erbb3 + sch772984,Sensitive
fl_tp53 + chemotherapy,Unknown
g1007r_pik3ca + chemotherapy,Sensitive
g1049r_pik3ca + chemotherapy,Resistant
g1202r_alk + brigatinib,Resistant
g1202r_alk + ensartinib,Resistant
g1202r_alk + erlotinib,Sensitive
g1202r_alk + lorlatinib,Resistant
g1269a_alk + ceritinib,Sensitive
g1269a_alk + lorlatinib,Resistant
g12_kras + chemotherapy,Resistant
g12a_kras + adjuvant chemotherapy,Resistant
g12a_kras + bevacizumab,Resistant
g12a_kras + chemotherapy,Resistant
g12a_kras + folfiri regimen,Sensitive
g12a_kras + folfox regimen,No consensus
g12a_kras + immunotherapy,Sensitive
g12a_kras + oxaliplatin,Sensitive
g12a_kras + sotorasib,Unknown
g12c_kras + adjuvant chemotherapy,Resistant
g12c_kras + afatinib,Sensitive
g12c_kras + alpelisib,Sensitive
g12c_kras + atezolizumab,Sensitive
g12c_kras + bevacizumab,Resistant
g12c_kras + binimetinib,Sensitive
g12c_kras + braf inhibitor,Resistant
g12c_kras + capecitabine,Sensitive
g12c_kras + ceritinib,Unknown
g12c_kras + cetuximab,Sensitive
g12c_kras + cetuximab/encorafenib regimen,No consensus
g12c_kras + chemotherapy,Resistant
g12c_kras + chloroquine,Sensitive
g12c_kras + cisplatin,Resistant
g12c_kras + cobimetinib,Sensitive
g12c_kras + crizotinib,Unrelated
g12c_kras + dabrafenib,Unrelated
g12c_kras + dabrafenib/trametinib regimen,Unknown
g12c_kras + divarasib,Resistant
g12c_kras + docetaxel,Resistant
g12c_kras + doxorubicin,No consensus
g12c_kras + encorafenib,No consensus
g12c_kras + erdafitinib,Resistant
g12c_kras + erlotinib,Resistant
g12c_kras + everolimus,No consensus
g12c_kras + fluorouracil,Sensitive
g12c_kras + folfiri regimen,Resistant
g12c_kras + folfox regimen,Resistant
g12c_kras + gefitinib,Resistant
g12c_kras + gemcitabine,Sensitive
g12c_kras + hydroxychloroquine,Sensitive
g12c_kras + immunotherapy,Sensitive
g12c_kras + irinotecan,Sensitive
g12c_kras + osimertinib,Sensitive
g12c_kras + oxaliplatin,Sensitive
g12c_kras + paclitaxel,Sensitive
g12c_kras + pemetrexed,Sensitive
g12c_kras + pemigatinib,Sensitive
g12c_kras + pictilisib,No consensus
g12c_kras + poziotinib,Sensitive
g12c_kras + radiation ionizing radiotherapy,Resistant
g12c_kras + radiation therapy,Resistant
g12c_kras + selumetinib,Sensitive
g12c_kras + sirolimus,Sensitive
g12c_kras + tipifarnib,Sensitive
g12c_kras + trametinib,Sensitive
g12c_kras + trastuzumab,Resistant
g12c_kras + tyrosine kinase inhibitor,Sensitive
g12c_ras + adagrasib,No consensus
g12d_kras + adagrasib,Resistant
g12d_kras + adjuvant chemotherapy,Resistant
g12d_kras + ars-1620,Resistant
g12d_kras + bevacizumab,Resistant
g12d_kras + binimetinib,Sensitive
g12d_kras + bortezomib,Sensitive
g12d_kras + capecitabine,Sensitive
g12d_kras + chemotherapy,Resistant
g12d_kras + cisplatin,Sensitive
g12d_kras + crizotinib,Resistant
g12d_kras + dactolisib,Sensitive
g12d_kras + docetaxel,Resistant
g12d_kras + doxorubicin,Sensitive
g12d_kras + durvalumab,Sensitive
g12d_kras + encorafenib,Sensitive
g12d_kras + erlotinib,Resistant
g12d_kras + fluorouracil,Sensitive
g12d_kras + folfiri regimen,Resistant
g12d_kras + folfox regimen,Resistant
g12d_kras + fulvestrant,Unknown
g12d_kras + gemcitabine,Sensitive
g12d_kras + hormone therapy,Resistant
g12d_kras + immunomodulatory oligonucleotide,Unknown
g12d_kras + immunotherapy,Sensitive
g12d_kras + irinotecan,Sensitive
g12d_kras + metformin,Sensitive
g12d_kras + molibresib,Sensitive
g12d_kras + neratinib,Resistant
g12d_kras + olaparib,Unknown
g12d_kras + osimertinib,Resistant
g12d_kras + oxaliplatin,Sensitive
g12d_kras + paclitaxel,Sensitive
g12d_kras + pemetrexed,Sensitive
g12d_kras + radiation ionizing radiotherapy,Resistant
g12d_kras + radiation therapy,Resistant
g12d_kras + refametinib,No consensus
g12d_kras + regorafenib,Resistant
g12d_kras + rmc-4550,Resistant
g12d_kras + selumetinib,Sensitive
g12d_kras + sotorasib,Resistant
g12d_kras + tamoxifen,Sensitive
g12d_kras + therapeutic tumor infiltrating lymphocytes,Resistant
g12d_kras + trastuzumab,Resistant
g12d_kras + tretinoin,Sensitive
g12d_nras + chemotherapy,Sensitive
g12d_nras + gilteritinib,No consensus
g12d_nras + radiation therapy,Sensitive
g12r_kras + adagrasib,Resistant
g12r_kras + adjuvant chemotherapy,Resistant
g12r_kras + chemotherapy,Resistant
g12r_kras + cisplatin,Resistant
g12r_kras + erlotinib,Resistant
g12r_kras + folfox regimen,Resistant
g12r_kras + gemcitabine,Resistant
g12r_kras + olaparib,Unknown
g12r_kras + oxaliplatin,No consensus
g12r_kras + paclitaxel,Resistant
g12r_kras + panitumumab,Resistant
g12r_kras + selumetinib,Resistant
g12r_kras + sotorasib,Resistant
g12r_kras + trametinib,Sensitive
g12s_hras + chemotherapy,Resistant
g12s_hras + dabrafenib,Resistant
g12s_kras + abemaciclib,Sensitive
g12s_kras + adagrasib,Resistant
g12s_kras + adjuvant chemotherapy,Resistant
g12s_kras + chemotherapy,Resistant
g12s_kras + immunotherapy,Sensitive
g12s_kras + sotorasib,Sensitive
g12v_hras + chemotherapy,Resistant
g12v_hras + immunotherapy,Resistant
g12v_kras + abemaciclib,Sensitive
g12v_kras + adagrasib,Resistant
g12v_kras + adjuvant chemotherapy,Resistant
g12v_kras + bevacizumab,Resistant
g12v_kras + binimetinib,Sensitive
g12v_kras + braf inhibitor,Resistant
g12v_kras + capecitabine,Resistant
g12v_kras + carboplatin,Resistant
g12v_kras + chemotherapy,Resistant
g12v_kras + cisplatin,Resistant
g12v_kras + dabrafenib,Resistant
g12v_kras + docetaxel,Sensitive
g12v_kras + fluorouracil,Sensitive
g12v_kras + folfiri regimen,Resistant
g12v_kras + folfox regimen,Resistant
g12v_kras + gemcitabine,Resistant
g12v_kras + immunomodulatory oligonucleotide,Unknown
g12v_kras + immunotherapy,Sensitive
g12v_kras + irinotecan,Sensitive
g12v_kras + metformin,Sensitive
g12v_kras + olaparib,Resistant
g12v_kras + oxaliplatin,Sensitive
g12v_kras + paclitaxel,Sensitive
g12v_kras + pemetrexed,Sensitive
g12v_kras + radiation ionizing radiotherapy,Resistant
g12v_kras + radiation therapy,Resistant
g12v_kras + regorafenib,Resistant
g12v_kras + selumetinib,Sensitive
g12v_kras + sirolimus,Unrelated
g12v_kras + sotorasib,Resistant
g12v_kras + sunitinib,Resistant
g12v_kras + tamoxifen,Sensitive
g12v_kras + trametinib,Sensitive
g12v_kras + trastuzumab,Resistant
g13_kras + chemotherapy,Sensitive
g13_kras + sotorasib,Resistant
g13c_kras + cetuximab,Resistant
g13c_kras + chemotherapy,Resistant
g13c_kras + panitumumab,Resistant
g13d_kras + adagrasib,Resistant
g13d_kras + adjuvant chemotherapy,Resistant
g13d_kras + afatinib,No consensus
g13d_kras + cetuximab,Resistant
g13d_kras + chemotherapy,Resistant
g13d_kras + cisplatin,Resistant
g13d_kras + cobimetinib,Sensitive
g13d_kras + dabrafenib,No consensus
g13d_kras + gemcitabine,Diagnostic
g13d_kras + immunotherapy,Sensitive
g13d_kras + irinotecan,Sensitive
g13d_kras + lapatinib,Resistant
g13d_kras + neratinib,Resistant
g13d_kras + oxaliplatin,Sensitive
g13d_kras + paclitaxel,Diagnostic
g13d_kras + radiation ionizing radiotherapy,Unknown
g13d_kras + radiation therapy,Resistant
g13d_kras + selumetinib,Sensitive
g13d_kras + sotorasib,Resistant
g13d_kras + trastuzumab,Resistant
g13r_hras + trametinib,Sensitive
g13r_kras + cetuximab,Resistant
g13r_kras + chemotherapy,Resistant
g13s_kras + chemotherapy,Resistant
g2032r_ros1 + cabozantinib,Sensitive
g2032r_ros1 + chemotherapy,Resistant
g2032r_ros1 + cisplatin,Resistant
g2032r_ros1 + taletrectinib,Sensitive
g245s_tp53 + chemotherapy,Sensitive
g245s_tp53 + gemcitabine,Unknown
g245s_tp53 + paclitaxel,Unknown
g284r_erbb3 + afimoxifene,Unrelated
g284r_erbb3 + chemotherapy,Resistant
g284r_erbb3 + fulvestrant,Resistant
g284r_erbb3 + hormone therapy,Unknown
g284r_erbb3 + lapatinib,Sensitive
g284r_erbb3 + neratinib,Resistant
g284r_erbb3 + sch772984,Sensitive
g309a_erbb2 + fulvestrant,No consensus
g31a_nfe2l2 + sirolimus,Sensitive
g34r_h3 + chemotherapy,Resistant
g34r_h3 + radiation ionizing radiotherapy,Resistant
g34r_h3 + radiation therapy,Resistant
g34r_h3 + temozolomide,Sensitive
g34r_h3f3a + radiation therapy,Resistant
g34v_h3 + chemotherapy,Resistant
g34v_h3 + immunotherapy,Sensitive
g34v_h3 + radiation ionizing radiotherapy,Resistant
g34v_h3 + radiation therapy,Resistant
g34v_h3 + temozolomide,Sensitive
g388r_fgfr4 + adjuvant chemotherapy,Sensitive
g442r_esr1 + hormone therapy,Resistant
g442r_esr1 + letrozole,Resistant
g465r_egfr + futuximab/modotuximab mixture,Sensitive
g466a_braf + dabrafenib,Sensitive
g466a_braf + trametinib,Sensitive
g466a_braf + vemurafenib,Resistant
g466r_braf + dabrafenib,Resistant
g466r_braf + trametinib,Resistant
g466v_braf + chemotherapy,Resistant
g466v_braf + dabrafenib,Resistant
g466v_braf + trametinib,Sensitive
g466v_braf + vemurafenib,Resistant
g469_braf + chemotherapy,Unknown
g469a_braf + braf inhibitor,Resistant
g469a_braf + chemotherapy,Sensitive
g469a_braf + dabrafenib,Resistant
g469a_braf + trametinib,Sensitive
g469a_braf + vemurafenib,Sensitive
g469e_braf + dabrafenib,Resistant
g469e_braf + trametinib,Sensitive
g469l_braf + dabrafenib,Resistant
g469r_braf + chemotherapy,Unknown
g469r_braf + dabrafenib,Sensitive
g469r_braf + trametinib,Sensitive
g469v_braf + binimetinib,Sensitive
g469v_braf + chemotherapy,Unknown
g469v_braf + dabrafenib,Resistant
g469v_braf + dabrafenib/trametinib regimen,Sensitive
g469v_braf + trametinib,Sensitive
g469v_braf + vemurafenib,Sensitive
g595r_ntrk1 + cabozantinib,Resistant
g595r_ntrk1 + linsitinib,Unknown
g595r_ntrk1 + trk inhibitor,No consensus
g595r_trka + selitrectinib,Sensitive
g595r_trka + trk inhibitor,Resistant
g596r_braf + imatinib,Unknown
g596r_braf + temozolomide,Resistant
g596v_braf + braf inhibitor,No consensus
g596v_braf + dabrafenib,Resistant
g596v_braf + vemurafenib,No consensus
g623r_trkc + selitrectinib,Sensitive
g667c_ntrk1 + cabozantinib,Sensitive
g667c_ntrk1 + linsitinib,Unknown
g667c_ntrk1 + trk inhibitor,No consensus
g667c_trka + repotrectinib,No consensus
g667c_trka + selitrectinib,Sensitive
g667c_trka + trk inhibitor,Sensitive
g719_egfr + adjuvant chemotherapy,Sensitive
g719_egfr + amivantamab,Sensitive
g719_egfr + carboplatin,Unrelated
g719_egfr + chemotherapy,Resistant
g719_egfr + erlotinib,Sensitive
g719_egfr + immunotherapy,Unknown
g719_egfr + lazertinib,Resistant
g719_egfr + osimertinib,Sensitive
g719_egfr + radiation therapy,Unrelated
g719a_egfr + adjuvant chemotherapy,Unrelated
g719a_egfr + chemotherapy,Sensitive
g719a_egfr + dacomitinib,Sensitive
g719a_egfr + nivolumab,Unknown
g719a_egfr + osimertinib,Resistant
g719a_egfr + pemetrexed,Sensitive
g719c_egfr + chemotherapy,Resistant
g719c_egfr + cisplatin,Sensitive
g719c_egfr + gefitinib,Sensitive
g719c_egfr + osimertinib,Sensitive
g719s_egfr + adjuvant chemotherapy,Unknown
g719s_egfr + afatinib,Sensitive
g719s_egfr + chemotherapy,Unrelated
g719s_egfr + erlotinib,Resistant
g719s_egfr + gefitinib,Resistant
g719s_egfr + icotinib,Sensitive
g719s_egfr + osimertinib,Resistant
g724s_egfr + chemotherapy,Resistant
g724s_egfr + gefitinib,Sensitive
g776delinsvc_erbb2 + afatinib,Resistant
g776delinsvc_erbb2 + trastuzumab,Sensitive
g776delinsvc_erbb2 + trastuzumab emtansine,Sensitive
g776lc_erbb2 + afatinib,Sensitive
g776v_erbb2 + afatinib,No consensus
g776vc_erbb2 + afatinib,Sensitive
g810_ret + selpercatinib,No consensus
g810_ret + vandetanib,Resistant
g810a_ret + cabozantinib,Resistant
g810a_ret + lenvatinib,No consensus
g810v_ret + pralsetinib,Resistant
g810v_ret + selpercatinib,Resistant
g810x_ret + selpercatinib,No consensus
glu143_brca1 + cisplatin,Sensitive
h1047_pik3ca + adjuvant chemotherapy,Sensitive
h1047_pik3ca + hormone therapy,Sensitive
h1047l_pik3ca + abemaciclib,No consensus
h1047l_pik3ca + adjuvant chemotherapy,Unknown
h1047l_pik3ca + apitolisib,Sensitive
h1047l_pik3ca + aromatase inhibitor,Resistant
h1047l_pik3ca + chemotherapy,Sensitive
h1047l_pik3ca + exemestane,No consensus
h1047l_pik3ca + fulvestrant,Sensitive
h1047l_pik3ca + hormone therapy,Resistant
h1047l_pik3ca + letrozole,No consensus
h1047l_pik3ca + palbociclib,Resistant
h1047l_pik3ca + trastuzumab,No consensus
h1047r_pi3kca + pictilisib,No consensus
h1047r_pi3kca + radiation therapy,Sensitive
h1047r_pik3ca + adjuvant chemotherapy,Resistant
h1047r_pik3ca + afatinib,Resistant
h1047r_pik3ca + akt inhibitor mk2206,No consensus
h1047r_pik3ca + apitolisib,Sensitive
h1047r_pik3ca + aromatase inhibitor,Resistant
h1047r_pik3ca + bevacizumab,Sensitive
h1047r_pik3ca + buparlisib,Sensitive
h1047r_pik3ca + carboplatin,Sensitive
h1047r_pik3ca + cetuximab,Resistant
h1047r_pik3ca + chemotherapy,Resistant
h1047r_pik3ca + cisplatin,Sensitive
h1047r_pik3ca + cobimetinib,Sensitive
h1047r_pik3ca + dactolisib,Sensitive
h1047r_pik3ca + epirubicin,No consensus
h1047r_pik3ca + eribulin,Sensitive
h1047r_pik3ca + exemestane,Resistant
h1047r_pik3ca + fulvestrant,Sensitive
h1047r_pik3ca + hormone therapy,Resistant
h1047r_pik3ca + ipatasertib,Sensitive
h1047r_pik3ca + lapatinib,Resistant
h1047r_pik3ca + nivolumab,Unknown
h1047r_pik3ca + olaparib,Resistant
h1047r_pik3ca + paclitaxel,Sensitive
h1047r_pik3ca + pictilisib,Sensitive
h1047r_pik3ca + radiation ionizing radiotherapy,Diagnostic
h1047r_pik3ca + radiation therapy,Diagnostic
h1047r_pik3ca + sirolimus,Sensitive
h1047r_pik3ca + tamoxifen,Resistant
h1047r_pik3ca + trametinib,Sensitive
h1047r_pik3ca + veliparib,Sensitive
h1047x_pik3ca + chemotherapy,Resistant
h1047x_pik3ca + everolimus,Unknown
h1047x_pik3ca + fulvestrant,Sensitive
h1047x_pik3ca + hormone therapy,Resistant
h1047x_pik3ca + palbociclib,Sensitive
h1047y_pik3ca + aromatase inhibitor,Unknown
h1047y_pik3ca + chemotherapy,Resistant
h1047y_pik3ca + fulvestrant,Sensitive
h1074r_pik3ca + chemotherapy,Resistant
h131r_fcgr2a + cetuximab,Sensitive
h131r_fcgr2a + chemotherapy,Unknown
h33k27m_h3f3a + dasatinib,Unknown
h33k27m_h3f3a + everolimus,Unknown
h33k27m_h3f3a + radiation ionizing radiotherapy,Unknown
h33k27m_h3f3a + radiation therapy,Unknown
h33k27m_h3f3a + trametinib,Sensitive
h3k27m_h3f3a + chemotherapy,Sensitive
h3k27m_h3f3a + dasatinib,Sensitive
h3k27m_h3f3a + dordaviprone,Unknown
h3k27m_h3f3a + everolimus,Sensitive
h3k27m_h3f3a + radiation ionizing radiotherapy,Sensitive
h3k27m_h3f3a + radiation therapy,Sensitive
h3k27m_h3f3a + temozolomide,Unknown
h3k27m_h3f3a + trametinib,Unknown
h3k27m_h3f3a + vemurafenib,Unknown
h773dup_egfr + afatinib,Sensitive
h773l_egfr + bevacizumab,Unknown
h773l_egfr + chemotherapy,Resistant
h773l_egfr + cisplatin,Resistant
h773l_egfr + pemetrexed,Resistant
h773l_egfr + tyrosine kinase inhibitor,No consensus
h773y_egfr + afatinib,No consensus
h773y_egfr + akt inhibitor mk2206,No consensus
h874y_ar + abiraterone,Resistant
h874y_ar + abiraterone acetate,Resistant
h875y_ar + abiraterone,Resistant
h875y_ar + apalutamide,Resistant
h875y_ar + chemotherapy,Resistant
h875y_ar + hormone therapy,Resistant
h875y_ar + therapeutic glucocorticoid,Resistant
i1171n_alk + brigatinib,Resistant
i1171n_alk + ceritinib,Resistant
i1171n_alk + crizotinib,Resistant
i1171n_alk + ensartinib,No consensus
i1171n_alk + lorlatinib,Resistant
i1171t_alk + alectinib,Resistant
i1171t_alk + brigatinib,Sensitive
i1171t_alk + chemotherapy,Resistant
i1171t_alk + lorlatinib,Resistant
i1307k_apc + chemotherapy,Unknown
i157t_chek2 + adjuvant chemotherapy,Unknown
i157t_chek2 + chemotherapy,Resistant
i157t_chek2 + hormone therapy,Unknown
i157t_chek2 + radiation therapy,Sensitive
i487m_esr1 + hormone therapy,Resistant
i655v_erbb2 + trastuzumab,Resistant
i97mfs21_sdhb + sunitinib,No consensus
itd_flt3 + azacitidine,Sensitive
itd_flt3 + chemotherapy,Resistant
itd_flt3 + crenolanib,Resistant
itd_flt3 + cytarabine,Sensitive
itd_flt3 + hematopoietic cell transplantation,Sensitive
itd_flt3 + quizartinib,Sensitive
itd_flt3 + sorafenib,Sensitive
itd_flt3 + sorafenib tosylate,Sensitive
itd_flt3 + tamoxifen,Unknown
itd_flt3 + venetoclax,Sensitive
k111n_pik3ca + immunotherapy,Sensitive
k27m_h3f3a + adjuvant chemotherapy,Unknown
k27m_h3f3a + radiation therapy,Diagnostic
k27m_hist1h3b + chemotherapy,Unknown
k28m_h3 + chemotherapy,Resistant
k28m_h3 + dordaviprone,Unknown
k28m_h3 + radiation ionizing radiotherapy,Resistant
k28m_h3 + radiation therapy,Resistant
k28m_h3 + temozolomide,Resistant
k28m_h3f3a + radiation therapy,Unknown
k303r_esr1 + fulvestrant,Sensitive
k303r_esr1 + hormone therapy,Resistant
k329t_erbb3 + afimoxifene,Unrelated
k329t_erbb3 + fulvestrant,Resistant
k329t_erbb3 + lapatinib,Resistant
k329t_erbb3 + sch772984,Sensitive
k362n_esr1 + hormone therapy,Resistant
k373e_chk2 + radiation ionizing radiotherapy,No consensus
k373e_chk2 + radiation therapy,No consensus
k520k_esr1 + hormone therapy,Resistant
k601_braf + chemotherapy,Unrelated
k601e_braf + abiraterone,Resistant
k601e_braf + braf inhibitor,Resistant
k601e_braf + cabazitaxel,Sensitive
k601e_braf + carboplatin,Sensitive
k601e_braf + chemotherapy,Resistant
k601e_braf + dabrafenib,Resistant
k601e_braf + dabrafenib/trametinib regimen,Sensitive
k601e_braf + immunotherapy,Sensitive
k601e_braf + panitumumab,Unknown
k601e_braf + trametinib,Sensitive
k601e_braf + vemurafenib,Sensitive
k601n_braf + dabrafenib,Resistant
k601n_braf + trametinib,Resistant
k642e_kit + avapritinib,Sensitive
k642e_kit + imatinib,Resistant
k642e_kit + sunitinib,Sensitive
k656e_fgfr1 + pemigatinib,No consensus
k656e_fgfr1 + trametinib,Sensitive
k659e_fgfr2 + fulvestrant,Resistant
k660n_fgfr2 + pd173074,No consensus
k751q_ercc2 + chemotherapy,Resistant
k751q_ercc2 + fluorouracil,Resistant
l1122v_alk + alectinib,Resistant
l1122v_alk + brigatinib,Resistant
l1122v_alk + ceritinib,Resistant
l1152r_alk + alectinib,Sensitive
l1152r_alk + ceritinib,Sensitive
l1152r_alk + gefitinib,Resistant
l1152r_alk + osimertinib,Resistant
l1196m_alk + alectinib,Sensitive
l1196m_alk + brigatinib,Sensitive
l1196m_alk + ceritinib,Sensitive
l1196m_alk + ensartinib,Resistant
l1198f_alk + crizotinib,Sensitive
l1780p_brca1 + chemotherapy,Unknown
l2026m_ros1 + cabozantinib,Sensitive
l2026m_ros1 + lorlatinib,Unknown
l2307f_atm + radiation therapy,Sensitive
l265p_myd88 + chemotherapy,Unrelated
l265p_myd88 + radiation ionizing radiotherapy,Unknown
l265p_myd88 + radiation therapy,Unrelated
l536_esr1 + fulvestrant,Sensitive
l536h_esr1 + adjuvant chemotherapy,Unknown
l536h_esr1 + fulvestrant,Resistant
l536h_esr1 + palbociclib,Resistant
l536p_esr1 + fulvestrant,Sensitive
l536p_esr1 + palbociclib,Resistant
l536r_esr1 + adjuvant chemotherapy,Unrelated
l536r_esr1 + fulvestrant,Resistant
l536r_esr1 + palbociclib,Resistant
l597q_braf + braf inhibitor,Resistant
l702h_ar + apalutamide,Resistant
l702h_ar + chemotherapy,Resistant
l702h_ar + docetaxel,Resistant
l702h_ar + hormone therapy,Resistant
l702h_ar + therapeutic glucocorticoid,Resistant
l718q_egfr + erlotinib,Resistant
l718q_egfr + gefitinib,Sensitive
l718v_egfr + erlotinib,Sensitive
l718v_egfr + gefitinib,Unknown
l718v_egfr + tyrosine kinase inhibitor,Resistant
l730i_ret + cabozantinib,Resistant
l730v_ret + cabozantinib,Resistant
l747p_egfr + chemotherapy,No consensus
l747p_egfr + osimertinib,Resistant
l755p_erbb2 + afatinib,No consensus
l755s_erbb2 + afatinib,Sensitive
l755s_erbb2 + alpelisib,Sensitive
l755s_erbb2 + chemotherapy,Resistant
l755s_erbb2 + fulvestrant,Resistant
l755s_erbb2 + hormone therapy,Resistant
l755s_erbb2 + pertuzumab,Sensitive
l755s_erbb2 + selumetinib,Resistant
l755s_erbb2 + trastuzumab,Resistant
l783v_kit + sunitinib,No consensus
l790f_ret + vandetanib,Resistant
l792v_erbb3 + afimoxifene,Unrelated
l792v_erbb3 + fulvestrant,Resistant
l792v_erbb3 + lapatinib,Resistant
l792v_erbb3 + sch772984,Sensitive
l833v_egfr + tyrosine kinase inhibitor,Sensitive
l858r_egfr + adjuvant chemotherapy,Sensitive
l858r_egfr + alectinib,Unrelated
l858r_egfr + atezolizumab,Sensitive
l858r_egfr + bevacizumab,Sensitive
l858r_egfr + capmatinib,Sensitive
l858r_egfr + carboplatin,Sensitive
l858r_egfr + ceritinib,Unknown
l858r_egfr + cetuximab,Sensitive
l858r_egfr + chemotherapy,Resistant
l858r_egfr + cisplatin,Resistant
l858r_egfr + crizotinib,Sensitive
l858r_egfr + dasatinib,Sensitive
l858r_egfr + docetaxel,Resistant
l858r_egfr + entrectinib,Unrelated
l858r_egfr + etoposide,Sensitive
l858r_egfr + gemcitabine,Unknown
l858r_egfr + immune checkpoint inhibitor,Resistant
l858r_egfr + immunotherapy,Resistant
l858r_egfr + lapatinib,Resistant
l858r_egfr + mobocertinib,Sensitive
l858r_egfr + mtor inhibitor,Sensitive
l858r_egfr + naquotinib,Sensitive
l858r_egfr + nivolumab,Resistant
l858r_egfr + paclitaxel,Resistant
l858r_egfr + pembrolizumab,Resistant
l858r_egfr + pemetrexed,Sensitive
l858r_egfr + radiation ionizing radiotherapy,Sensitive
l858r_egfr + radiation therapy,Sensitive
l858r_egfr + ramucirumab,Sensitive
l858r_egfr + sirolimus,Unrelated
l858r_egfr + tegafur,Resistant
l858r_egfr + temozolomide,Sensitive
l858r_egfr + trametinib,Sensitive
l858r_egfr + vemurafenib,Unrelated
l858r_egfr + vinorelbine,Resistant
l858rt790m_egfr + chemotherapy,Resistant
l861q_egfr + adjuvant chemotherapy,Sensitive
l861q_egfr + bevacizumab,Unknown
l861q_egfr + carboplatin,Unknown
l861q_egfr + chemotherapy,Sensitive
l861q_egfr + neratinib,Sensitive
l861q_egfr + osimertinib,Sensitive
l861q_egfr + radiation ionizing radiotherapy,Sensitive
l861q_egfr + radiation therapy,Sensitive
l861r_egfr + osimertinib,No consensus
l869r_erbb2 + fulvestrant,Unknown
l869r_erbb2 + trastuzumab,Resistant
l869r_erbb2 + trastuzumab emtansine,No consensus
m1043i_pik3ca + alpelisib,Diagnostic
m528v_esr1 + hormone therapy,Resistant
m538i_fgfr2 + pd173074,No consensus
m918t_ret + cabozantinib,Sensitive
m918t_ret + chemotherapy,Resistant
m918t_ret + cyclophosphamide,Unknown
m918t_ret + dacarbazine,Unknown
m918t_ret + ponatinib,Sensitive
m918t_ret + pralsetinib,Sensitive
m918t_ret + radiation ionizing radiotherapy,Resistant
m918t_ret + radiation therapy,Resistant
m918t_ret + radioactive iodine,Diagnostic
m918t_ret + sorafenib,Sensitive
m918t_ret + sorafenib tosylate,Sensitive
m918t_ret + sunitinib,Resistant
m918t_ret + vandetanib,Sensitive
m918t_ret + vincristine,Unknown
midh1r132h_idh1 + vorasidenib,Sensitive
n345k_pik3ca + hormone therapy,Sensitive
n359i_esr1 + hormone therapy,Resistant
n372h_brca2 + cisplatin,No consensus
n486p490del_braf + chemotherapy,No consensus
n486p490del_braf + dabrafenib,Sensitive
n546k_fgfr1 + chemotherapy,Unknown
n546k_fgfr1 + erdafitinib,Sensitive
n546k_fgfr1 + everolimus,Unknown
n546k_fgfr1 + fulvestrant,Resistant
n546k_fgfr1 + infigratinib,Sensitive
n546k_fgfr1 + pemigatinib,No consensus
n546k_fgfr1 + trametinib,Sensitive
n549h_fgfr2 + infigratinib,Resistant
n550k_fgfr2 + derazantinib,Resistant
n550k_fgfr2 + erdafitinib,Resistant
n550k_fgfr2 + futibatinib,Sensitive
n550k_fgfr2 + infigratinib,Resistant
n550k_fgfr2 + pd173074,Sensitive
n550k_fgfr2 + ponatinib,Resistant
n581i_braf + trametinib,Sensitive
n581i_braf + vemurafenib,Sensitive
n581s_braf + immunotherapy,Unknown
n581s_braf + trametinib,Sensitive
n655k_kit + imatinib,No consensus
n771h773dup_egfr + afatinib,Sensitive
n771h773dup_egfr + chemotherapy,Resistant
n771h773dup_egfr + erlotinib,Sensitive
n771h773dup_egfr + osimertinib,Resistant
n822_kit + ponatinib,Sensitive
n822k_kit + ripretinib,Sensitive
n822k_kit + tyrosine kinase inhibitor,No consensus
p124l_mek1 + cobimetinib,No consensus
p124l_mek1 + vemurafenib,Unknown
p124s_mek1 + trametinib,Resistant
p286r_pole + adjuvant chemotherapy,Unrelated
p286r_pole + bevacizumab,Sensitive
p286r_pole + chemotherapy,Resistant
p286r_pole + cisplatin,Resistant
p286r_pole + pembrolizumab,No consensus
p47s_tp53 + cisplatin,No consensus
p535h_esr1 + aromatase inhibitor,Resistant
p535h_esr1 + fulvestrant,Unknown
p577del_kit + regorafenib,Resistant
p72r_tp53 + aspirin,Sensitive
p72r_tp53 + chemotherapy,Resistant
p72r_tp53 + radiation therapy,Sensitive
p780insgsp_erbb2 + afatinib,Sensitive
p79a_esr1 + hormone therapy,Resistant
p98l_tp53 + doxorubicin,Sensitive
p98l_tp53 + temozolomide,Sensitive
pg469a_braf + entrectinib,Unknown
pg469a_braf + pembrolizumab,Unknown
pk601e_braf + entrectinib,Unknown
pk601e_braf + pembrolizumab,Unknown
q209l_gnaq + tamoxifen,Sensitive
q209p_gna11 + immunotherapy,Sensitive
q209p_gnaq + immunotherapy,Sensitive
q22k_kras + panitumumab,Resistant
q314_esr1 + hormone therapy,Resistant
q399r_xrcc1 + chemotherapy,Sensitive
q399r_xrcc1 + cisplatin,Resistant
q399r_xrcc1 + paclitaxel,Sensitive
q399r_xrcc1 + radiation ionizing radiotherapy,Unknown
q399r_xrcc1 + radiation therapy,Unrelated
q546_pik3ca + alpelisib,Sensitive
q546_pik3ca + fulvestrant,Unknown
q546e_pik3ca + fulvestrant,Sensitive
q546e_pik3ca + hormone therapy,No consensus
q546k_pik3ca + chemotherapy,Unrelated
q546r_pik3ca + fulvestrant,Sensitive
q546r_pik3ca + hormone therapy,Sensitive
q565_esr1 + hormone therapy,Resistant
q61_kras + chemotherapy,Resistant
q61_kras + sotorasib,Resistant
q61_nras + braf inhibitor,Resistant
q61_nras + chemotherapy,Resistant
q61_nras + immunotherapy,Resistant
q61_nras + ipilimumab,Unknown
q61_nras + nivolumab,Unknown
q61_nras + radiation ionizing radiotherapy,Unknown
q61_nras + radiation therapy,Unknown
q61h_kras + chemotherapy,Resistant
q61h_kras + cisplatin,Resistant
q61h_kras + erlotinib,Sensitive
q61h_kras + folfox regimen,Sensitive
q61h_kras + gemcitabine,Sensitive
q61h_kras + irinotecan,Sensitive
q61h_kras + oxaliplatin,Resistant
q61h_kras + panitumumab,No consensus
q61h_kras + sotorasib,Resistant
q61k_kras + trametinib,No consensus
q61k_nras + chemotherapy,Resistant
q61k_nras + crizotinib,Unknown
q61k_nras + dabrafenib,Resistant
q61k_nras + immunotherapy,Sensitive
q61k_nras + ipilimumab,Sensitive
q61k_nras + nivolumab,Sensitive
q61k_nras + radiation ionizing radiotherapy,Resistant
q61k_nras + radiation therapy,Resistant
q61l_nras + bevacizumab,Resistant
q61l_nras + chemotherapy,Sensitive
q61l_nras + immunotherapy,Sensitive
q61l_nras + ipilimumab,No consensus
q61l_nras + irinotecan,Resistant
q61l_nras + nivolumab,No consensus
q61r_kras + cetuximab,Resistant
q61r_kras + chemotherapy,Resistant
q61r_kras + gemcitabine,Resistant
q61r_kras + paclitaxel,Resistant
q61r_kras + sotorasib,Unknown
q61r_nras + belvarafenib,Resistant
q61r_nras + binimetinib,Sensitive
q61r_nras + braf inhibitor,Resistant
q61r_nras + chemotherapy,Resistant
q61r_nras + dabrafenib,Sensitive
q61r_nras + immunotherapy,Sensitive
q61r_nras + ipilimumab,Sensitive
q61r_nras + nivolumab,No consensus
q61r_nras + tamoxifen,Unrelated
q61r_nras + vemurafenib,Resistant
q67l_arf6 + vemurafenib,No consensus
q787q_egfr + chemotherapy,Unknown
q787q_egfr + tyrosine kinase inhibitor,Sensitive
q79k_akt1 + hormone therapy,Unknown
r106c_erbb4 + neratinib,Sensitive
r106c_erbb4 + tyrosine kinase inhibitor,Sensitive
r1192p_alk + alectinib,No consensus
r1275q_alk + chemotherapy,Unknown
r1275q_alk + ensartinib,Sensitive
r1275q_alk + tyrosine kinase inhibitor,Sensitive
r132_idh1 + adjuvant chemotherapy,Sensitive
r132_idh1 + chemotherapy,Resistant
r132_idh1 + radiation ionizing radiotherapy,Sensitive
r132_idh1 + radiation therapy,Sensitive
r132_idh1 + temozolomide,Sensitive
r132c_idh1 + azacitidine,Sensitive
r132c_idh1 + chemotherapy,Sensitive
r132c_idh1 + everolimus,Sensitive
r132c_idh1 + gemcitabine,Sensitive
r132c_idh1 + radiation ionizing radiotherapy,Sensitive
r132c_idh1 + radiation therapy,Sensitive
r132c_idh1 + temozolomide,Sensitive
r132g_idh1 + agi-5198,Sensitive
r132g_idh1 + chemotherapy,Resistant
r132g_idh1 + radiation ionizing radiotherapy,Unknown
r132g_idh1 + radiation therapy,Sensitive
r132h_idh + radiation ionizing radiotherapy,Sensitive
r132h_idh + radiation therapy,Sensitive
r132h_idh + temozolomide,Sensitive
r132h_idh1 + adjuvant chemotherapy,Sensitive
r132h_idh1 + bevacizumab,Unknown
r132h_idh1 + chemotherapy,Sensitive
r132h_idh1 + enasidenib,Resistant
r132h_idh1 + larotrectinib,Unknown
r132h_idh1 + niacinamide,Unknown
r132h_idh1 + radiation ionizing radiotherapy,Sensitive
r132h_idh1 + radiation therapy,Sensitive
r132h_idh1 + sirolimus,Sensitive
r132h_idh1 + temozolomide,Sensitive
r132h_idh1 + trk inhibitor,Unknown
r132h_idh1 + vincristine,Resistant
r132l_idh1 + gemcitabine,Sensitive
r140q_idh2 + azacitidine,Sensitive
r140q_idh2 + chemotherapy,Sensitive
r1450_apc + immunotherapy,Unknown
r1699q_brca1 + chemotherapy,No consensus
r172_idh2 + adjuvant chemotherapy,Sensitive
r172_idh2 + chemotherapy,Sensitive
r172_idh2 + radiation ionizing radiotherapy,Sensitive
r172_idh2 + radiation therapy,Sensitive
r172_idh2 + temozolomide,Sensitive
r172h_tp53 + chemotherapy,Sensitive
r172h_tp53 + cisplatin,No consensus
r172h_tp53 + cyclophosphamide,Unknown
r172h_tp53 + gemcitabine,Sensitive
r172h_tp53 + immune checkpoint inhibitor,Sensitive
r172h_tp53 + immunotherapy,Sensitive
r172h_tp53 + irinotecan,Sensitive
r172h_tp53 + radiation ionizing radiotherapy,Sensitive
r172h_tp53 + radiation therapy,Resistant
r172h_tp53 + tamoxifen,Unrelated
r172h_tp53 + trametinib,Resistant
r172k_idh2 + chemotherapy,Sensitive
r172k_idh2 + enasidenib,Sensitive
r172k_idh2 + ivosidenib,Resistant
r172k_idh2 + radiation therapy,Unrelated
r175h_tp53 + adjuvant chemotherapy,Resistant
r175h_tp53 + chemotherapy,Resistant
r175h_tp53 + cisplatin,Sensitive
r175h_tp53 + doxorubicin,No consensus
r175h_tp53 + eprenetapopt,Unknown
r175h_tp53 + fluorouracil,Resistant
r175h_tp53 + gemcitabine,Sensitive
r175h_tp53 + hormone therapy,Unknown
r175h_tp53 + immunotherapy,Sensitive
r175h_tp53 + olaparib,Resistant
r175h_tp53 + oxaliplatin,Unknown
r175h_tp53 + paclitaxel,Sensitive
r175h_tp53 + radiation ionizing radiotherapy,Resistant
r175h_tp53 + radiation therapy,Resistant
r175h_tp53 + trastuzumab,Unknown
r201c_gnas + hormone therapy,Diagnostic
r233h_fh + chemotherapy,Sensitive
r248q_tp53 + adjuvant chemotherapy,Resistant
r248q_tp53 + chemotherapy,Resistant
r248q_tp53 + cisplatin,Resistant
r248q_tp53 + cytarabine,Resistant
r248q_tp53 + doxorubicin,Resistant
r248q_tp53 + eprenetapopt,Sensitive
r248q_tp53 + etoposide,Sensitive
r248q_tp53 + ganetespib,Sensitive
r248q_tp53 + gemcitabine,Resistant
r248q_tp53 + hormone therapy,Unknown
r248q_tp53 + radiation ionizing radiotherapy,Sensitive
r248q_tp53 + radiation therapy,Sensitive
r248w_tp53 + adjuvant chemotherapy,Resistant
r248w_tp53 + chemotherapy,Resistant
r248w_tp53 + cisplatin,Unknown
r248w_tp53 + doxorubicin,Resistant
r248w_tp53 + eprenetapopt,Unknown
r248w_tp53 + radiation therapy,Resistant
r248w_tp53 + temozolomide,Sensitive
r248w_tp53 + vincristine,Sensitive
r249s_tp53 + chemotherapy,Resistant
r270h_tp53 + cisplatin,Resistant
r270h_tp53 + radiation ionizing radiotherapy,Resistant
r270h_tp53 + radiation therapy,Resistant
r273c_tp53 + chemotherapy,Sensitive
r273c_tp53 + doxorubicin,Resistant
r273c_tp53 + radiation ionizing radiotherapy,Resistant
r273c_tp53 + radiation therapy,Resistant
r273h_tp53 + cetuximab,Sensitive
r273h_tp53 + chemotherapy,Resistant
r273h_tp53 + doxorubicin,Resistant
r273h_tp53 + eprenetapopt,Sensitive
r273h_tp53 + hormone therapy,Sensitive
r273h_tp53 + paclitaxel,Resistant
r273h_tp53 + radiation ionizing radiotherapy,Resistant
r273h_tp53 + radiation therapy,Resistant
r273h_tp53 + sirolimus,Sensitive
r273l_tp53 + chemotherapy,Sensitive
r282w_tp53 + chemotherapy,Resistant
r337h_tp53 + adjuvant chemotherapy,Resistant
r337h_tp53 + chemotherapy,Sensitive
r337h_tp53 + gemcitabine,Sensitive
r337h_tp53 + radiation therapy,Sensitive
r38c_pik3ca + alpelisib,Sensitive
r399q_xrcc1 + radiation therapy,Resistant
r497k_egfr + chemotherapy,Sensitive
r675q_egfr + erlotinib,Sensitive
r678q_erbb2 + afatinib,No consensus
r678q_erbb2 + tyrosine kinase inhibitor,No consensus
r711c_erbb4 + neratinib,Sensitive
r711c_erbb4 + tyrosine kinase inhibitor,Sensitive
r72p_tp53 + chemotherapy,Diagnostic
r72p_tp53 + cisplatin,Sensitive
r72p_tp53 + radiation therapy,Resistant
r831h_egfr + afatinib,Sensitive
r844h_gnas + chemotherapy,Sensitive
r844h_gnas + gemcitabine,Sensitive
r88q_pik3ca + alpelisib,Sensitive
ras_nras + radiation ionizing radiotherapy,Unknown
ras_nras + radiation therapy,Unknown
rs10046_cyp19a1 + exemestane,Diagnostic
rs10046_cyp19a1 + hormone therapy,Sensitive
rs10069690_tert + hormone therapy,Sensitive
rs1045642_abcb1 + capox regimen,No consensus
rs1045642_abcb1 + chemotherapy,Resistant
rs1045642_abcb1 + oxaliplatin,Sensitive
rs1053004_stat + folfiri regimen,No consensus
rs1053004_stat + irinotecan,No consensus
rs11045585_slco1b3 + chemotherapy,Sensitive
rs11045585_slco1b3 + docetaxel,Sensitive
rs11212570_atm + radiation therapy,Sensitive
rs1128503_abcb1 + adjuvant chemotherapy,Sensitive
rs1128503_abcb1 + chemotherapy,Sensitive
rs1128503_abcb1 + cisplatin,Unknown
rs11615_ercc1 + adjuvant chemotherapy,Sensitive
rs11615_ercc1 + carboplatin,Sensitive
rs11615_ercc1 + carboplatin/paclitaxel regimen,Sensitive
rs11615_ercc1 + chemotherapy,Sensitive
rs11615_ercc1 + cisplatin,Sensitive
rs11615_ercc1 + fluorouracil,Diagnostic
rs11615_ercc1 + oxaliplatin,Resistant
rs11615_ercc1 + paclitaxel,Sensitive
rs11849538_tcl1a + aromatase inhibitor,Sensitive
rs12569998_pten + cetuximab,Resistant
rs13181_ercc2 + chemotherapy,Resistant
rs13181_ercc2 + cisplatin,Resistant
rs13181_ercc2 + fluorouracil,Unknown
rs13181_ercc2 + oxaliplatin,Unknown
rs13181_ercc2 + radiation ionizing radiotherapy,Resistant
rs13181_ercc2 + radiation therapy,Resistant
rs13181_xpd + radiation ionizing radiotherapy,Sensitive
rs13181_xpd + radiation therapy,Sensitive
rs1695_gstp1 + chemotherapy,Diagnostic
rs1695_gstp1 + fluorouracil,Diagnostic
rs1695_gstp1 + oxaliplatin,Diagnostic
rs1799793_ercc2 + chemotherapy,Sensitive
rs1799793_ercc2 + cisplatin,Sensitive
rs1799793_ercc2 + paclitaxel,Sensitive
rs1799793_ercc2 + radiation therapy,Diagnostic
rs1800566_nqo1 + adjuvant chemotherapy,Resistant
rs1800566_nqo1 + chemotherapy,Resistant
rs1800734_mlh1 + adjuvant chemotherapy,Sensitive
rs1801131_mthfr + chemotherapy,Sensitive
rs1801274_fcgr2a + chemotherapy,Unknown
rs1870377_kdr + sorafenib,Sensitive
rs1870377_kdr + sorafenib tosylate,Sensitive
rs2010963_vegf + chemotherapy,Unknown
rs2010963_vegf + regorafenib,No consensus
rs2046210_esr1 + hormone therapy,Sensitive
rs2071559_kdr + sorafenib,Sensitive
rs2071559_kdr + sorafenib tosylate,Sensitive
rs2073618_opg + hormone therapy,Sensitive
rs2075606_stk11 + tipifarnib,Unknown
rs2077647_esr1 + tamoxifen,Unknown
rs2227983_egfr + chemotherapy,Unknown
rs2228480_esr1 + tamoxifen,No consensus
rs2234693_esr1 + exemestane,Sensitive
rs2234693_esr1 + hormone therapy,Sensitive
rs2234693_esr1 + tamoxifen,Unrelated
rs2268753_acvr2b + chemotherapy,Sensitive
rs2268753_acvr2b + folfiri regimen,Sensitive
rs2305948_kdr + sorafenib,Sensitive
rs2305948_kdr + sorafenib tosylate,Sensitive
rs2536_mtor + sirolimus,Unrelated
rs2736109_tert + cisplatin,Sensitive
rs2981460_fgfr2 + chemotherapy,Unknown
rs2981582_fgfr2 + chemotherapy,Resistant
rs3212986_ercc1 + chemotherapy,Sensitive
rs3212986_ercc1 + cisplatin,Sensitive
rs351855_fgfr4 + chemotherapy,Resistant
rs351855_fgfr4 + cyclophosphamide,Diagnostic
rs351855_fgfr4 + docetaxel,Diagnostic
rs3822625_map3k1 + chemotherapy,Unknown
rs3918290_dpyd + chemotherapy,Diagnostic
rs396991_fcgr3a + chemotherapy,Unknown
rs4646_cyp19a1 + exemestane,Unknown
rs4796793_stat3 + chemotherapy,Sensitive
rs4986938_esr2 + hormone therapy,Unrelated
rs55886062_dpyd + chemotherapy,Diagnostic
rs55886062_dpyd + fluorouracil,Resistant
rs6265_bdnf + paclitaxel,Sensitive
rs67376798_dpyd + chemotherapy,Diagnostic
rs699947_vegf + bevacizumab,Resistant
rs699947_vegf + chemotherapy,Sensitive
rs701848_pten + chemotherapy,Sensitive
rs702689_map3k1 + chemotherapy,Unknown
rs776746_cyp3a5 + adjuvant chemotherapy,Sensitive
rs8100018_akt2 + cetuximab,Resistant
rs832567_map3k1 + chemotherapy,Unknown
rs833061_vegf + bevacizumab,Sensitive
rs889312_map3k1 + chemotherapy,Unknown
rs9340799_esr1 + exemestane,Unrelated
rs9687226_map3k1 + chemotherapy,Unknown
s1206y_alk + alectinib,Sensitive
s1206y_alk + ceritinib,Sensitive
s1986y_ros1 + lorlatinib,Sensitive
s240g_tp53 + immunotherapy,Sensitive
s249c_fgfr3 + chemotherapy,Resistant
s249c_fgfr3 + cisplatin,Resistant
s249c_fgfr3 + pembrolizumab,Sensitive
s252w_fgfr2 + immunotherapy,Sensitive
s310f_erbb2 + afatinib,Sensitive
s310f_erbb2 + alpelisib,Sensitive
s310f_erbb2 + chemotherapy,Resistant
s310f_erbb2 + erlotinib,Resistant
s310f_erbb2 + fulvestrant,Unknown
s310f_erbb2 + hormone therapy,Resistant
s310f_erbb2 + lapatinib,No consensus
s310f_erbb2 + mtor inhibitor,Sensitive
s310f_erbb2 + trastuzumab,Sensitive
s310f_erbb2 + trastuzumab emtansine,No consensus
s310y_erbb2 + chemotherapy,Resistant
s33y_ctnnb1 + sirolimus,Sensitive
s459f_pole + chemotherapy,Unknown
s45f_ctnnb1 + radiation ionizing radiotherapy,Resistant
s45f_ctnnb1 + radiation therapy,Resistant
s463p_esr1 + adjuvant chemotherapy,Unknown
s463p_esr1 + fulvestrant,Resistant
s463p_esr1 + hormone therapy,Resistant
s464_esr1 + hormone therapy,Resistant
s467l_braf + dabrafenib,Resistant
s492r_egfr + anti-egfr monoclonal antibody,No consensus
s492r_egfr + chemotherapy,Resistant
s768d770dup_egfr + erlotinib,Sensitive
s768i_egfr + adjuvant chemotherapy,Sensitive
s768i_egfr + chemotherapy,Resistant
s768i_egfr + erlotinib,Sensitive
s768i_egfr + gefitinib,Sensitive
s768i_egfr + icotinib,Resistant
s768i_egfr + osimertinib,Sensitive
s768i_egfr + poziotinib,Sensitive
s768i_egfr + tyrosine kinase inhibitor,Sensitive
s855i_erbb2 + chemotherapy,Unknown
s904f_ret + pralsetinib,Sensitive
s904f_ret + selpercatinib,Sensitive
t1010i_met + onartuzumab,No consensus
t1025s_pik3ca + mtor inhibitor,Sensitive
t1151m_alk + crizotinib,Sensitive
t1799a_braf + trametinib,Sensitive
t315i_abl1 + tyrosine kinase inhibitor,No consensus
t315i_bcr + tyrosine kinase inhibitor,No consensus
t347t_esr1 + hormone therapy,Resistant
t355i_erbb3 + afimoxifene,Unrelated
t355i_erbb3 + fulvestrant,Sensitive
t355i_erbb3 + neratinib,Resistant
t41a_ctnnb1 + bevacizumab,Resistant
t41a_ctnnb1 + radiation ionizing radiotherapy,Resistant
t41a_ctnnb1 + radiation therapy,Resistant
t41a_ctnnb1 + sorafenib,Sensitive
t41a_ctnnb1 + sorafenib tosylate,Sensitive
t670i_kit + avapritinib,No consensus
t670i_kit + regorafenib,Resistant
t670i_kit + ripretinib,Resistant
t670i_kit + sorafenib,Resistant
t670i_kit + sorafenib tosylate,Resistant
t670i_kit + tyrosine kinase inhibitor,Resistant
t790m_egfr + adjuvant chemotherapy,Sensitive
t790m_egfr + alectinib,Sensitive
t790m_egfr + amivantamab,Resistant
t790m_egfr + anti-egfr monoclonal antibody,Resistant
t790m_egfr + atezolizumab,Unknown
t790m_egfr + bevacizumab,Resistant
t790m_egfr + carboplatin,Resistant
t790m_egfr + carboplatin/pemetrexed regimen,Unknown
t790m_egfr + ceritinib,Unknown
t790m_egfr + cetuximab,Sensitive
t790m_egfr + chemotherapy,Resistant
t790m_egfr + cisplatin,Resistant
t790m_egfr + crizotinib,Resistant
t790m_egfr + dactolisib,Sensitive
t790m_egfr + dasatinib,Sensitive
t790m_egfr + docetaxel,Resistant
t790m_egfr + durvalumab,Sensitive
t790m_egfr + etoposide,Sensitive
t790m_egfr + gemcitabine,Sensitive
t790m_egfr + imatinib,Resistant
t790m_egfr + immune checkpoint inhibitor,Sensitive
t790m_egfr + immunotherapy,Resistant
t790m_egfr + luminespib,Unknown
t790m_egfr + mobocertinib,No consensus
t790m_egfr + naquotinib,Resistant
t790m_egfr + neratinib,Resistant
t790m_egfr + nivolumab,Sensitive
t790m_egfr + oxaliplatin,Sensitive
t790m_egfr + paclitaxel,Sensitive
t790m_egfr + pembrolizumab,Resistant
t790m_egfr + pemetrexed,Resistant
t790m_egfr + poziotinib,Sensitive
t790m_egfr + radiation ionizing radiotherapy,Sensitive
t790m_egfr + radiation therapy,Sensitive
t790m_egfr + ramucirumab,Unknown
t790m_egfr + selumetinib,Sensitive
t790m_egfr + sirolimus,Sensitive
t790m_egfr + tepotinib,Unknown
t790m_egfr + trametinib,Sensitive
t790m_egfr + vorinostat,Sensitive
t798i_erbb2 + fulvestrant,Unknown
t798i_erbb2 + lapatinib,Resistant
t798i_erbb2 + trastuzumab,Unknown
t798i_erbb2 + tyrosine kinase inhibitor,Unknown
t877a_ar + abiraterone,Resistant
t877a_ar + abiraterone acetate,Resistant
t877a_ar + bicalutamide,Resistant
t877a_ar + chemotherapy,Unknown
t877a_ar + hormone therapy,Sensitive
t878a_ar + apalutamide,Resistant
t878a_ar + chemotherapy,Resistant
t878a_ar + docetaxel,Unrelated
t878a_ar + hormone therapy,Resistant
t878a_ar + therapeutic glucocorticoid,Resistant
t878s_ar + bicalutamide,Resistant
t878s_ar + chemotherapy,Unknown
tacc3_fgfr3 + chemotherapy,Unrelated
tacc3_fgfr3 + cisplatin,Unrelated
tacc3_fgfr3 + gemcitabine,Resistant
thr367metfs15_chek2 + radiation therapy,Sensitive
tkd_flt3 + azacitidine,Sensitive
ugt1a128_ugt1a1 + chemotherapy,Diagnostic
ugt1a128_ugt1a1 + irinotecan,Diagnostic
v1180l_alk + ceritinib,Resistant
v1180l_alk + lorlatinib,Sensitive
v14i_kras + cetuximab,Resistant
v158f_fcgr3a + adjuvant chemotherapy,Diagnostic
v158f_fcgr3a + chemotherapy,Unknown
v173g_tp53 + chemotherapy,Sensitive
v275fs1_pten + pictilisib,Unknown
v275fs1_pten + taselisib,Unknown
v392i_esr1 + adjuvant chemotherapy,Unknown
v392i_esr1 + aromatase inhibitor,Resistant
v411l_pole + adjuvant chemotherapy,Unrelated
v411l_pole + chemotherapy,Unknown
v558a_kit + imatinib,No consensus
v560d_kit + imatinib,No consensus
v564f_fgfr2 + infigratinib,Resistant
v565i_fgfr2 + pd173074,Resistant
v567es_ar + abiraterone,Resistant
v599e_braf + immunotherapy,Sensitive
v600_braf + adjuvant chemotherapy,Resistant
v600_braf + alpelisib,Sensitive
v600_braf + c-met inhibitor,Sensitive
v600_braf + cabozantinib,Unknown
v600_braf + capmatinib,Unknown
v600_braf + cdk4/6 inhibition,Resistant
v600_braf + cetuximab,Sensitive
v600_braf + chemotherapy,Resistant
v600_braf + dacarbazine,Resistant
v600_braf + everolimus,Unknown
v600_braf + hdac inhibitor obp-801,Unknown
v600_braf + immunomodulatory oligonucleotide,Unknown
v600_braf + immunotherapy,Sensitive
v600_braf + ipilimumab,Sensitive
v600_braf + irinotecan,Sensitive
v600_braf + nivolumab,Sensitive
v600_braf + paclitaxel,Sensitive
v600_braf + palbociclib,Resistant
v600_braf + pembrolizumab,Sensitive
v600_braf + pictilisib,Sensitive
v600_braf + radiation ionizing radiotherapy,Sensitive
v600_braf + radiation therapy,Resistant
v600_braf + ribociclib,Resistant
v600_braf + selumetinib,Sensitive
v600d_braf + cobimetinib,Sensitive
v600e_braf + abemaciclib,Sensitive
v600e_braf + adagrasib,Resistant
v600e_braf + adjuvant chemotherapy,Resistant
v600e_braf + afatinib,Sensitive
v600e_braf + afimoxifene,Unknown
v600e_braf + akt inhibitor mk2206,Sensitive
v600e_braf + alectinib,Resistant
v600e_braf + alisertib,Unrelated
v600e_braf + alpelisib,Sensitive
v600e_braf + aspirin,Sensitive
v600e_braf + atezolizumab,Sensitive
v600e_braf + axitinib,Sensitive
v600e_braf + belvarafenib,Sensitive
v600e_braf + bevacizumab,Sensitive
v600e_braf + bortezomib,Sensitive
v600e_braf + buparlisib,Sensitive
v600e_braf + cabozantinib,Unknown
v600e_braf + canertinib,No consensus
v600e_braf + capecitabine,Sensitive
v600e_braf + capmatinib,Unrelated
v600e_braf + capox regimen,Sensitive
v600e_braf + carboplatin,Resistant
v600e_braf + celecoxib,Sensitive
v600e_braf + ceritinib,Sensitive
v600e_braf + cetuximab,Sensitive
v600e_braf + chemotherapy,Resistant
v600e_braf + cisplatin,Resistant
v600e_braf + crizotinib,Sensitive
v600e_braf + cyclophosphamide,Sensitive
v600e_braf + cytoreductive surgery,Sensitive
v600e_braf + dacarbazine,Sensitive
v600e_braf + dacomitinib,Sensitive
v600e_braf + docetaxel,Sensitive
v600e_braf + dordaviprone,Unknown
v600e_braf + doxorubicin,Sensitive
v600e_braf + durvalumab,Unrelated
v600e_braf + entrectinib,Resistant
v600e_braf + eribulin,Sensitive
v600e_braf + erlotinib,Sensitive
v600e_braf + etoposide,Resistant
v600e_braf + everolimus,Sensitive
v600e_braf + fluorouracil,Sensitive
v600e_braf + folfiri regimen,Resistant
v600e_braf + folfox regimen,Resistant
v600e_braf + folfox-6 regimen,Resistant
v600e_braf + futibatinib,Resistant
v600e_braf + gefitinib,Sensitive
v600e_braf + gemcitabine,Sensitive
v600e_braf + hematopoietic cell transplantation,Sensitive
v600e_braf + hormone therapy,Resistant
v600e_braf + hydroxychloroquine,Sensitive
v600e_braf + hyperthermic intraperitoneal chemotherapy,Sensitive
v600e_braf + ibuprofen,Sensitive
v600e_braf + icotinib,Resistant
v600e_braf + imatinib,Resistant
v600e_braf + immune checkpoint inhibitor,Sensitive
v600e_braf + immunomodulatory oligonucleotide,Unknown
v600e_braf + immunotherapy,Sensitive
v600e_braf + ipilimumab,Sensitive
v600e_braf + irinotecan,Sensitive
v600e_braf + ivosidenib,Sensitive
v600e_braf + lapatinib,Sensitive
v600e_braf + larotrectinib,Resistant
v600e_braf + lenvatinib,Sensitive
v600e_braf + leucovorin,Sensitive
v600e_braf + lomustine,Resistant
v600e_braf + lorlatinib,Resistant
v600e_braf + metformin,Sensitive
v600e_braf + methotrexate,Sensitive
v600e_braf + mirdametinib,Sensitive
v600e_braf + mitomycin,Resistant
v600e_braf + mtor inhibitor,Sensitive
v600e_braf + neratinib,Unknown
v600e_braf + nilotinib,Unknown
v600e_braf + niraparib,Resistant
v600e_braf + nivolumab,Sensitive
v600e_braf + olaparib,Resistant
v600e_braf + osimertinib,Resistant
v600e_braf + oxaliplatin,Resistant
v600e_braf + paclitaxel,Sensitive
v600e_braf + palbociclib,Sensitive
v600e_braf + panitumumab,Resistant
v600e_braf + pazopanib,Resistant
v600e_braf + pembrolizumab,Sensitive
v600e_braf + pemetrexed,Resistant
v600e_braf + pexidartinib,Unknown
v600e_braf + pralsetinib,Resistant
v600e_braf + prednisone,Sensitive
v600e_braf + radiation ionizing radiotherapy,Resistant
v600e_braf + radiation therapy,Resistant
v600e_braf + radioactive iodine,Resistant
v600e_braf + ramucirumab,Unrelated
v600e_braf + regorafenib,Sensitive
v600e_braf + ribociclib,Resistant
v600e_braf + rucaparib,Resistant
v600e_braf + selpercatinib,Resistant
v600e_braf + selumetinib,Sensitive
v600e_braf + sirolimus,Sensitive
v600e_braf + sorafenib,Sensitive
v600e_braf + sorafenib tosylate,Sensitive
v600e_braf + sotorasib,Resistant
v600e_braf + stattic,Sensitive
v600e_braf + su11274,Resistant
v600e_braf + sunitinib,Unknown
v600e_braf + talazoparib,Resistant
v600e_braf + tamoxifen,Sensitive
v600e_braf + temozolomide,Sensitive
v600e_braf + topotecan,Sensitive
v600e_braf + trastuzumab,Unrelated
v600e_braf + trastuzumab deruxtecan,Resistant
v600e_braf + tretinoin,Sensitive
v600e_braf + tyrosine kinase inhibitor,Sensitive
v600e_braf + uprosertib,Sensitive
v600e_braf + vandetanib,Unrelated
v600e_braf + venetoclax,Resistant
v600e_braf + vincristine,Resistant
v600e_braf + vinorelbine,No consensus
v600e_braf + vismodegib,Unrelated
v600k601delinse_braf + chemotherapy,Unknown
v600k_braf + adjuvant chemotherapy,Sensitive
v600k_braf + bevacizumab,Resistant
v600k_braf + carboplatin,Unrelated
v600k_braf + cetuximab/encorafenib regimen,Sensitive
v600k_braf + chemotherapy,Sensitive
v600k_braf + cisplatin,Unknown
v600k_braf + immunotherapy,Sensitive
v600k_braf + ipilimumab,Diagnostic
v600k_braf + irinotecan,Unrelated
v600k_braf + nivolumab,Sensitive
v600k_braf + paclitaxel,Unrelated
v600k_braf + pembrolizumab,Sensitive
v600k_braf + radiation ionizing radiotherapy,Sensitive
v600k_braf + radiation therapy,Sensitive
v600k_braf + sorafenib,Sensitive
v600k_braf + sorafenib tosylate,Sensitive
v600k_braf + uprosertib,Sensitive
v600m_braf + adjuvant chemotherapy,Sensitive
v600m_braf + ipilimumab,Unknown
v600r_braf + cobimetinib,Sensitive
v600r_braf + immunotherapy,Diagnostic
v600r_braf + ipilimumab,Unknown
v600r_braf + pembrolizumab,Sensitive
v600r_braf + trametinib,Sensitive
v617f_jak2 + aspirin,Sensitive
v617f_jak2 + chemotherapy,Unrelated
v617f_jak2 + fedratinib,Sensitive
v637e_braf + vemurafenib,Sensitive
v654a_kit + imatinib,Resistant
v654a_kit + regorafenib,Resistant
v654a_kit + ripretinib,Resistant
v654a_kit + sunitinib,Sensitive
v654a_kit + tyrosine kinase inhibitor,Sensitive
v659e_erbb2 + trastuzumab,Sensitive
v659e_erbb2 + tyrosine kinase inhibitor,Sensitive
v716m_ar + abiraterone,Resistant
v716m_ar + hormone therapy,Resistant
v774m_egfr + bevacizumab,Unknown
v774m_egfr + chemotherapy,Unknown
v774m_egfr + cisplatin,Unknown
v774m_egfr + pemetrexed,Unknown
v774m_egfr + tyrosine kinase inhibitor,Resistant
v777l_erbb2 + afatinib,Sensitive
v777l_erbb2 + alpelisib,Sensitive
v777l_erbb2 + chemotherapy,Resistant
v777l_erbb2 + lapatinib,No consensus
v777l_erbb2 + letrozole,Resistant
v777l_erbb2 + mtor inhibitor,Sensitive
v777l_erbb2 + paclitaxel,Unknown
v777l_erbb2 + pertuzumab,Sensitive
v777l_erbb2 + trastuzumab,Sensitive
v7_ar + hormone therapy,Resistant
v804e_ret + cabozantinib,Resistant
v804l_ret + alectinib,No consensus
v804l_ret + lenvatinib,Resistant
v804l_ret + tyrosine kinase inhibitor,No consensus
v804l_ret + vandetanib,Resistant
v804m_ret + alectinib,No consensus
v804m_ret + cabozantinib,Resistant
v804m_ret + lenvatinib,No consensus
v804m_ret + ponatinib,Resistant
v804x_ret + cabozantinib,Resistant
v804x_ret + vandetanib,Resistant
v842i_erbb2 + everolimus,Sensitive
v842i_erbb2 + immunotherapy,Sensitive
viii_egfr + immunotherapy,Sensitive
viii_egfr + radiation ionizing radiotherapy,Sensitive
viii_egfr + radiation therapy,Sensitive
w1712x_brca1 + carboplatin,Resistant
w1712x_brca1 + cisplatin,Resistant
w1712x_brca1 + gemcitabine,Unknown
w1712x_brca1 + iniparib,Resistant
w557lfsx5_kit + regorafenib,Resistant
w741c_ar + enzalutamide,Resistant
w741l_ar + bicalutamide,Resistant
w741l_ar + enzalutamide,Resistant
w741l_ar + flutamide,Unknown
w742c_ar + apalutamide,Resistant
w742c_ar + chemotherapy,Resistant
y1974h_mtor + temsirolimus,Sensitive
y220c_tp53 + chemotherapy,Sensitive
y220c_tp53 + cisplatin,Sensitive
y375c_fgfr3 + erdafitinib,Sensitive
y537_esr1 + fulvestrant,Sensitive
y537_esr1 + tamoxifen,Sensitive
y537c_esr1 + abemaciclib,Sensitive
y537c_esr1 + adjuvant chemotherapy,Unrelated
y537c_esr1 + cdk4/6 inhibition,Sensitive
y537c_esr1 + chemotherapy,Resistant
y537c_esr1 + elacestrant,Sensitive
y537c_esr1 + everolimus,Sensitive
y537c_esr1 + fulvestrant,Resistant
y537c_esr1 + palbociclib,Resistant
y537d_esr1 + fulvestrant,Sensitive
y537n_esr1 + adjuvant chemotherapy,Unrelated
y537n_esr1 + alpelisib,Sensitive
y537n_esr1 + chemotherapy,Resistant
y537n_esr1 + everolimus,Sensitive
y537n_esr1 + palbociclib,Resistant
y537n_esr1 + ribociclib,Resistant
y537s_esr1 + abemaciclib,Sensitive
y537s_esr1 + adjuvant chemotherapy,Unrelated
y537s_esr1 + alpelisib,Sensitive
y537s_esr1 + alvocidib,Sensitive
y537s_esr1 + cdk4/6 inhibition,No consensus
y537s_esr1 + chemotherapy,Resistant
y537s_esr1 + docetaxel,Sensitive
y537s_esr1 + enzalutamide,Sensitive
y537s_esr1 + everolimus,Sensitive
y537s_esr1 + jq1,Sensitive
y537s_esr1 + palbociclib,Sensitive
y537s_esr1 + porcupine inhibitor wnt974,Sensitive
y537s_esr1 + ribociclib,Sensitive
y537s_esr1 + sirolimus,Sensitive
y537s_esr1 + therapeutic glucocorticoid,Sensitive
y537s_esr1 + trastuzumab,Unknown
y537s_esr1 + vorinostat,Sensitive
y570l576del_kit + regorafenib,Resistant
y641f_ezh2 + ezh2 inhibitor,No consensus
y641f_ezh2 + tazemetostat,Sensitive
y646_ezh2 + gsk126,Sensitive
y646x_ezh2 + chemotherapy,Unknown
y732ter_smarca4 + adjuvant chemotherapy,Sensitive
y732ter_smarca4 + chemotherapy,No consensus
y772a775dup_erbb2 + afatinib,Sensitive
y772a775dup_erbb2 + trastuzumab,Sensitive
y772dupyvma_erbb2 + trastuzumab deruxtecan,No consensus
y806n_ret + cabozantinib,Resistant
y823_kit + ponatinib,Sensitive
y823d_kit + ripretinib,Resistant
